32880712973647,2,96482
32880713186928,2,96483
32880713373367,2,96484
32880713527754,2,96485
32880713683758,2,96486
32880718372180,0,96485
32880718434123,1,96485
32880718449731,0,96485
32880718452629,1,96485
32880718462854,0,96485
32880718465643,1,96485
32880718475629,0,96485
32880718485213,1,96485
32880718495861,0,96485
32880718498379,1,96485
32880718509070,0,96485
32880718511870,1,96485
32880718521856,0,96485
32880718524494,1,96485
32880718534425,0,96485
32880718536965,1,96485
32880718547037,0,96485
32880718549729,1,96485
32880718559921,0,96485
32880718563188,1,96485
32880718574096,0,96485
32880718577027,1,96485
32880718587056,0,96485
32880718590182,1,96485
32880718600200,0,96485
32880718602881,1,96485
32880718612867,0,96485
32880718615515,1,96485
32880718625479,0,96485
32880718628247,1,96485
32880718638156,0,96485
32880718641033,1,96485
32880718651040,0,96485
32880718653797,1,96485
32880718663728,0,96485
32880718666876,1,96485
32880718676818,0,96485
32880718679879,1,96485
32880718688637,0,96483
32880718695215,1,96483
32880718756410,0,96483
32880718761652,1,96483
32880718774819,0,96485
32880718781364,1,96485
32880718830652,0,96484
32880718837501,1,96484
32880718862051,0,96483
32880718867989,1,96483
32880718898424,0,96484
32880718903699,1,96484
32880718929813,0,96483
32880718935001,1,96483
32880718960650,0,96484
32880718973447,1,96484
32880718983735,0,96482
32880718992060,1,96482
32880719007850,0,96486
32880719016294,1,96486
32880719031613,0,96484
32880719036443,1,96484
32880719043375,0,96486
32880719046891,1,96486
32880719055947,0,96482
32880719061330,1,96482
32880719075093,0,96483
32880719080955,1,96483
32880719093459,0,96484
32880719098137,1,96484
32880719112595,0,96484
32880719116025,1,96484
32880719128741,0,96486
32880719135319,1,96486
32880719170642,0,96484
32880719175016,1,96484
32880719198565,0,96486
32880719204252,1,96486
32880719217725,0,96483
32880719225583,1,96483
32880719245642,0,96482
32880719259784,1,96482
32880719289861,0,96483
32880719294832,1,96483
32880719321989,0,96482
32880719327144,1,96482
32880719351989,0,96483
32880719356417,1,96483
32880719367130,0,96483
32880719378983,1,96483
32880719396911,0,96485
32880719405453,1,96485
32880719441372,0,96486
32880719449805,1,96486
32880719468916,0,96485
32880719474158,1,96485
32880719513475,0,96486
32880719519086,1,96486
32880719533023,0,96482
32880719541684,1,96482
32880719555154,0,96483
32880719563598,1,96483
32880719604474,0,96482
32880719609630,1,96482
32880719628755,0,96483
32880719634279,1,96483
32880719666299,0,96482
32880719671726,1,96482
32880719685098,0,96486
32880719694269,1,96486
32880719709976,0,96484
32880719717748,1,96484
32880719759111,0,96486
32880719764147,1,96486
32880719777608,0,96485
32880719786041,1,96485
32880719848538,0,96485
32880719854041,1,96485
32880719864505,0,96485
32880719868000,1,96485
32880719924343,0,96485
32880719929498,1,96485
32880719940318,0,96486
32880719947753,1,96486
32880720011141,0,96486
32880720016611,1,96486
32880720072672,0,96486
32880720078142,1,96486
32880720088757,0,96486
32880720092415,1,96486
32880720147922,0,96486
32880720152676,1,96486
32880720163009,0,96486
32880720167025,1,96486
32880720223065,0,96486
32880720227829,1,96486
32880720283510,0,96486
32880720288243,1,96486
32880720344238,0,96486
32880720348634,1,96486
32880720359130,0,96482
32880720367781,1,96482
32880720430680,0,96482
32880720436541,1,96482
32880720493578,0,96482
32880720498506,1,96482
32880720511500,0,96485
32880720521029,1,96485
32880720544116,0,96485
32880720547567,1,96485
32880720602076,0,96485
32880720607373,1,96485
32880720663151,0,96485
32880720668199,1,96485
32880720678575,0,96485
32880720682330,1,96485
32880720738522,0,96485
32880720743417,1,96485
32880720753368,0,96482
32880720759360,1,96482
32880720820826,0,96482
32880720826926,1,96482
32880720884029,0,96482
32880720889054,1,96482
32880720945180,0,96482
32880720950075,1,96482
32880720963448,0,96483
32880720972098,1,96483
32880721035952,0,96483
32880721041694,1,96483
32880721098905,0,96483
32880721103866,1,96483
32880721160697,0,96483
32880721165299,1,96483
32880721221045,0,96483
32880721226331,1,96483
32880721235253,0,96482
32880721241125,1,96482
32880721301972,0,96482
32880721306922,1,96482
32880721362874,0,96482
32880721367639,1,96482
32880721423179,0,96482
32880721428660,1,96482
32880721484286,0,96482
32880721489724,1,96482
32880721500676,0,96482
32880721504562,1,96482
32880721560188,0,96482
32880721565898,1,96482
32880721621948,0,96482
32880721626864,1,96482
32880721682632,0,96482
32880721687516,1,96482
32880721743132,0,96482
32880721747040,1,96482
32880721757297,0,96482
32880721761226,1,96482
32880721816397,0,96482
32880721820673,1,96482
32880721876311,0,96482
32880721881043,1,96482
32880721936908,0,96482
32880721942433,1,96482
32880721998320,0,96482
32880722003660,1,96482
32880722016642,0,96483
32880722025336,1,96483
32880722089505,0,96483
32880722094954,1,96483
32880722152013,0,96483
32880722157093,1,96483
32880722212980,0,96483
32880722217777,1,96483
32880722228696,0,96486
32880722237260,1,96486
32880722300951,0,96486
32880722306302,1,96486
32880722363958,0,96486
32880722369223,1,96486
32880722425718,0,96486
32880722430938,1,96486
32880722441532,0,96486
32880722444853,1,96486
32880722501337,0,96486
32880722506482,1,96486
32880722516989,0,96486
32880722520419,1,96486
32880722576219,0,96486
32880722580702,1,96486
32880722635862,0,96486
32880722641006,1,96486
32880722651048,0,96485
32880722659687,1,96485
32880722696948,0,96486
32880722701582,1,96486
32880722712947,0,96484
32880722720848,1,96484
32880722740592,0,96483
32880722749763,1,96483
32880722784605,0,96484
32880722788957,1,96484
32880722803089,0,96482
32880722810621,1,96482
32880722826110,0,96486
32880722834501,1,96486
32880722873195,0,96482
32880722878177,1,96482
32880722898289,0,96486
32880722903825,1,96486
32880722912899,0,96484
32880722920941,1,96484
32880722934346,0,96482
32880722940413,1,96482
32880722954307,0,96483
32880722962892,1,96483
32880722984372,0,96484
32880722989734,1,96484
32880723025552,0,96483
32880723030990,1,96483
32880723040444,0,96486
32880723049898,1,96486
32880723063820,0,96482
32880723070778,1,96482
32880723112742,0,96486
32880723117366,1,96486
32880723134219,0,96482
32880723140308,1,96482
32880723149917,0,96483
32880723156224,1,96483
32880723173492,0,96486
32880723179570,1,96486
32880723189991,0,96484
32880723199315,1,96484
32880723216909,0,96484
32880723220947,1,96484
32880723231713,0,96485
32880723240363,1,96485
32880723256102,0,96482
32880723264611,1,96482
32880723303197,0,96485
32880723308515,1,96485
32880723326945,0,96482
32880723332025,1,96482
32880723364956,0,96485
32880723369775,1,96485
32880723381292,0,96483
32880723387261,1,96483
32880723448391,0,96483
32880723454697,1,96483
32880723466549,0,96486
32880723474408,1,96486
32880723537176,0,96486
32880723542506,1,96486
32880723555130,0,96485
32880723563792,1,96485
32880723626452,0,96485
32880723632107,1,96485
32880723645857,0,96482
32880723654030,1,96482
32880723716517,0,96482
32880723721271,1,96482
32880723777722,0,96482
32880723783377,1,96482
32880723793688,0,96482
32880723797314,1,96482
32880723807256,0,96483
32880723816167,1,96483
32880723879088,0,96483
32880723885057,1,96483
32880723942507,0,96483
32880723948151,1,96483
32880724004288,0,96483
32880724010247,1,96483
32880724020808,0,96483
32880724024857,1,96483
32880724081286,0,96483
32880724086713,1,96483
32880724095592,0,96482
32880724102343,1,96482
32880724163386,0,96482
32880724168921,1,96482
32880724224971,0,96482
32880724230409,1,96482
32880724285982,0,96482
32880724291268,1,96482
32880724305205,0,96484
32880724313682,1,96484
32880724377612,0,96484
32880724382301,1,96484
32880724392678,0,96484
32880724397519,1,96484
32880724455066,0,96484
32880724459875,1,96484
32880724516641,0,96484
32880724521764,1,96484
32880724578802,0,96484
32880724583610,1,96484
32880724591890,0,96482
32880724599966,1,96482
32880724639389,0,96484
32880724644523,1,96484
32880724655615,0,96484
32880724659002,1,96484
32880724671515,0,96486
32880724678397,1,96486
32880724714629,0,96484
32880724719665,1,96484
32880724731789,0,96485
32880724740135,1,96485
32880724760746,0,96483
32880724768680,1,96483
32880724802535,0,96485
32880724807669,1,96485
32880724831471,0,96483
32880724836735,1,96483
32880724864055,0,96485
32880724869808,1,96485
32880724893642,0,96483
32880724898483,1,96483
32880724907513,0,96482
32880724914243,1,96482
32880724925836,0,96485
32880724930623,1,96485
32880724975915,0,96482
32880724981516,1,96482
32880724988485,0,96485
32880724994021,1,96485
32880725004092,0,96483
32880725009780,1,96483
32880725025724,0,96483
32880725029795,1,96483
32880725037935,0,96482
32880725043156,1,96482
32880725049962,0,96485
32880725055758,1,96485
32880725100172,0,96482
32880725105826,1,96482
32880725113100,0,96485
32880725118516,1,96485
32880725132279,0,96485
32880725136588,1,96485
32880725161952,0,96482
32880725168074,1,96482
32880725190543,0,96485
32880725203687,1,96485
32880725224471,0,96482
32880725229920,1,96482
32880725240004,0,96483
32880725247102,1,96483
32880725260432,0,96485
32880725265750,1,96485
32880725308655,0,96483
32880725313431,1,96483
32880725321431,0,96485
32880725327097,1,96485
32880725344104,0,96482
32880725352179,1,96482
32880725382952,0,96485
32880725388954,1,96485
32880725414568,0,96482
32880725419387,1,96482
32880725444255,0,96485
32880725449128,1,96485
32880725461675,0,96483
32880725468578,1,96483
32880725488060,0,96486
32880725496819,1,96486
32880725529816,0,96483
32880725535232,1,96483
32880725560218,0,96486
32880725565981,1,96486
32880725593051,0,96483
32880725598131,1,96483
32880725612371,0,96482
32880725621011,1,96482
32880725634981,0,96484
32880725643740,1,96484
32880725683855,0,96482
32880725688924,1,96482
32880725706824,0,96484
32880725712229,1,96484
32880725722680,0,96483
32880725728607,1,96483
32880725745191,0,96482
32880725750694,1,96482
32880725789595,0,96483
32880725795000,1,96483
32880725807352,0,96482
32880725814353,1,96482
32880725862827,0,96483
32880725870967,1,96483
32880725881182,0,96486
32880725889377,1,96486
32880725963097,0,96486
32880725968741,1,96486
32880725978324,0,96484
32880725986562,1,96484
32880726026235,0,96486
32880726030392,1,96486
32880726038574,0,96482
32880726046259,1,96482
32880726063025,0,96485
32880726072436,1,96485
32880726108713,0,96482
32880726114422,1,96482
32880726124863,0,96482
32880726129021,1,96482
32880726135986,0,96485
32880726141836,1,96485
32880726152737,0,96486
32880726161485,1,96486
32880726185418,0,96482
32880726190780,1,96482
32880726227007,0,96485
32880726234030,1,96485
32880726259964,0,96483
32880726271470,1,96483
32880726294986,0,96485
32880726300250,1,96485
32880726313603,0,96484
32880726322417,1,96484
32880726354188,0,96483
32880726362534,1,96483
32880726385847,0,96484
32880726390808,1,96484
32880726399524,0,96482
32880726414491,1,96482
32880726431130,0,96482
32880726434973,1,96482
32880726446121,0,96485
32880726454620,1,96485
32880726517725,0,96485
32880726523618,1,96485
32880726535665,0,96484
32880726544522,1,96484
32880726607725,0,96484
32880726613477,1,96484
32880726626687,0,96482
32880726634903,1,96482
32880726699690,0,96482
32880726705584,1,96482
32880726717013,0,96486
32880726725740,1,96486
32880726788465,0,96486
32880726793382,1,96486
32880726803867,0,96486
32880726807351,1,96486
32880726863119,0,96486
32880726868155,1,96486
32880726923402,0,96486
32880726929100,1,96486
32880726943407,0,96484
32880726952481,1,96484
32880727016878,0,96484
32880727021599,1,96484
32880727032875,0,96482
32880727040657,1,96482
32880727104674,0,96482
32880727110546,1,96482
32880727124005,0,96483
32880727132482,1,96483
32880727197389,0,96483
32880727202718,1,96483
32880727260288,0,96483
32880727265964,1,96483
32880727322210,0,96483
32880727327962,1,96483
32880727339913,0,96484
32880727349106,1,96484
32880727414762,0,96484
32880727420351,1,96484
32880727477129,0,96484
32880727482784,1,96484
32880727493138,0,96484
32880727497154,1,96484
32880727553910,0,96484
32880727559130,1,96484
32880727615636,0,96484
32880727621682,1,96484
32880727632775,0,96484
32880727636291,1,96484
32880727691831,0,96484
32880727696759,1,96484
32880727707005,0,96484
32880727711510,1,96484
32880727767212,0,96484
32880727772390,1,96484
32880727828689,0,96484
32880727833812,1,96484
32880727889819,0,96484
32880727895550,1,96484
32880727907337,0,96483
32880727916802,1,96483
32880727980070,0,96483
32880727985953,1,96483
32880727999791,0,96482
32880728008366,1,96482
32880728071547,0,96482
32880728076377,1,96482
32880728090185,0,96485
32880728099237,1,96485
32880728162005,0,96485
32880728167324,1,96485
32880728223254,0,96485
32880728229376,1,96485
32880728240556,0,96484
32880728249152,1,96484
32880728312268,0,96484
32880728318270,1,96484
32880728328255,0,96483
32880728335017,1,96483
32880728395984,0,96483
32880728401356,1,96483
32880728411646,0,96483
32880728416313,1,96483
32880728472591,0,96483
32880728477541,1,96483
32880728487103,0,96486
32880728493724,1,96486
32880728555830,0,96486
32880728561246,1,96486
32880728617437,0,96486
32880728622256,1,96486
32880728677623,0,96486
32880728683538,1,96486
32880728695553,0,96482
32880728704247,1,96482
32880728766973,0,96482
32880728773257,1,96482
32880728783709,0,96482
32880728787595,1,96482
32880728844589,0,96482
32880728850440,1,96482
32880728907097,0,96482
32880728912535,1,96482
32880728968867,0,96482
32880728973893,1,96482
32880729029129,0,96482
32880729034990,1,96482
32880729045356,0,96482
32880729048937,1,96482
32880729105042,0,96482
32880729109893,1,96482
32880729165650,0,96482
32880729171479,1,96482
32880729227692,0,96482
32880729233314,1,96482
32880729290015,0,96482
32880729294802,1,96482
32880729307957,0,96483
32880729317140,1,96483
32880729382231,0,96483
32880729387202,1,96483
32880729443469,0,96483
32880729449178,1,96483
32880729505619,0,96483
32880729511339,1,96483
32880729566987,0,96483
32880729572621,1,96483
32880729580533,0,96482
32880729587479,1,96482
32880729647427,0,96485
32880729654884,1,96485
32880729716556,0,96485
32880729722233,1,96485
32880729778305,0,96485
32880729783601,1,96485
32880729839651,0,96485
32880729843656,1,96485
32880729853924,0,96485
32880729857148,1,96485
32880729912156,0,96485
32880729917453,1,96485
32880729925614,0,96482
32880729933005,1,96482
32880729994167,0,96482
32880729998769,1,96482
32880730073727,0,96486
32880730080435,1,96486
32880730141977,0,96486
32880730147664,1,96486
32880730194836,0,96483
32880730205201,1,96483
32880730224543,0,96486
32880730231468,1,96486
32880730246088,0,96486
32880730249225,1,96486
32880730259406,0,96486
32880730264366,1,96486
32880730271150,0,96483
32880730276805,1,96483
32880730321013,0,96486
32880730325995,1,96486
32880730335395,0,96484
32880730344002,1,96484
32880730407335,0,96484
32880730413424,1,96484
32880730470429,0,96484
32880730474814,1,96484
32880730485245,0,96484
32880730490042,1,96484
32880730547069,0,96484
32880730552507,1,96484
32880730563415,0,96486
32880730571339,1,96486
32880730634151,0,96486
32880730639122,1,96486
32880730648760,0,96482
32880730657096,1,96482
32880730719767,0,96482
32880730725889,1,96482
32880730782416,0,96482
32880730787832,1,96482
32880730803679,0,96483
32880730813784,1,96483
32880730845825,0,96483
32880730853043,1,96483
32880730864246,0,96484
32880730872766,1,96484
32880730936642,0,96484
32880730942351,1,96484
32880730952086,0,96486
32880730959325,1,96486
32880730999551,0,96484
32880731005293,1,96484
32880731021757,0,96486
32880731026544,1,96486
32880731062016,0,96484
32880731067573,1,96484
32880731078080,0,96484
32880731082487,1,96484
32880731104465,0,96485
32880731113766,1,96485
32880731139752,0,96484
32880731145440,1,96484
32880731176275,0,96485
32880731182418,1,96485
32880731202174,0,96484
32880731208067,1,96484
32880731218520,0,96484
32880731223100,1,96484
32880731239032,0,96485
32880731243493,1,96485
32880731281310,0,96484
32880731286292,1,96484
32880731299500,0,96485
32880731304091,1,96485
32880731318082,0,96483
32880731325637,1,96483
32880731342863,0,96484
32880731348116,1,96484
32880731389339,0,96483
32880731395504,1,96483
32880731403841,0,96484
32880731409322,1,96484
32880731422162,0,96485
32880731429955,1,96485
32880731452650,0,96483
32880731457078,1,96483
32880731468974,0,96482
32880731476843,1,96482
32880731493006,0,96485
32880731499193,1,96485
32880731508558,0,96486
32880731518175,1,96486
32880731539492,0,96482
32880731545386,1,96482
32880731555372,0,96484
32880731564153,1,96484
32880731581769,0,96486
32880731586555,1,96486
32880731597789,0,96483
32880731613245,1,96483
32880731632153,0,96484
32880731640554,1,96484
32880731675591,0,96483
32880731681224,1,96483
32880731691231,0,96482
32880731698004,1,96482
32880731718670,0,96486
32880731727006,1,96486
32880731760957,0,96482
32880731767556,1,96482
32880731790849,0,96486
32880731795484,1,96486
32880731806490,0,96483
32880731813762,1,96483
32880731823834,0,96482
32880731828306,1,96482
32880731838552,0,96482
32880731841830,1,96482
32880731875554,0,96483
32880731880167,1,96483
32880731889881,0,96485
32880731899562,1,96485
32880731914877,0,96486
32880731931592,1,96486
32880731951391,0,96484
32880731960324,1,96484
32880731972577,0,96482
32880731980294,1,96482
32880732024232,0,96484
32880732029887,1,96484
32880732040805,0,96482
32880732044930,1,96482
32880732056989,0,96483
32880732064565,1,96483
32880732086719,0,96484
32880732091875,1,96484
32880732103912,0,96485
32880732113648,1,96485
32880732125955,0,96483
32880732132272,1,96483
32880732142279,0,96486
32880732150333,1,96486
32880732167102,0,96486
32880732170651,1,96486
32880732177784,0,96485
32880732183222,1,96485
32880732191079,0,96483
32880732196983,1,96483
32880732239348,0,96485
32880732245589,1,96485
32880732253913,0,96483
32880732259036,1,96483
32880732302029,0,96485
32880732307185,1,96485
32880732315542,0,96483
32880732321446,1,96483
32880732362671,0,96485
32880732368825,1,96485
32880732378082,0,96483
32880732383694,1,96483
32880732400102,0,96484
32880732411238,1,96484
32880732439744,0,96483
32880732444954,1,96483
32880732455254,0,96483
32880732459899,1,96483
32880732492176,0,96484
32880732498938,1,96484
32880732515211,0,96483
32880732519889,1,96483
32880732530732,0,96482
32880732540371,1,96482
32880732566851,0,96484
32880732572322,1,96484
32880732604735,0,96482
32880732608848,1,96482
32880732620789,0,96485
32880732629440,1,96485
32880732645557,0,96483
32880732652210,1,96483
32880732691991,0,96485
32880732696745,1,96485
32880732713449,0,96483
32880732718691,1,96483
32880732729335,0,96482
32880732738138,1,96482
32880732752871,0,96485
32880732758863,1,96485
32880732769261,0,96484
32880732778280,1,96484
32880732796904,0,96486
32880732805240,1,96486
32880732842579,0,96484
32880732847952,1,96484
32880732858209,0,96484
32880732862127,1,96484
32880732868931,0,96486
32880732875270,1,96486
32880732918785,0,96484
32880732924733,1,96484
32880732932981,0,96486
32880732938202,1,96486
32880732948578,0,96486
32880732951628,1,96486
32880732981272,0,96484
32880732985895,1,96484
32880732999040,0,96485
32880733006854,1,96485
32880733024219,0,96482
32880733033869,1,96482
32880733069080,0,96485
32880733075658,1,96485
32880733086565,0,96483
32880733095053,1,96483
32880733108144,0,96484
32880733115774,1,96484
32880733157973,0,96483
32880733164366,1,96483
32880733177077,0,96484
32880733182135,1,96484
32880733220688,0,96483
32880733225246,1,96483
32880733239640,0,96484
32880733244611,1,96484
32880733256039,0,96486
32880733264472,1,96486
32880733281340,0,96483
32880733286843,1,96483
32880733326883,0,96486
32880733332125,1,96486
32880733341937,0,96482
32880733350946,1,96482
32880733414105,0,96482
32880733420032,1,96482
32880733427935,0,96485
32880733435402,1,96485
32880733496988,0,96485
32880733502284,1,96485
32880733513452,0,96483
32880733519975,1,96483
32880733580823,0,96483
32880733587075,1,96483
32880733643461,0,96483
32880733649084,1,96483
32880733705014,0,96483
32880733710452,1,96483
32880733721099,0,96482
32880733728643,1,96482
32880733791455,0,96482
32880733797772,1,96482
32880733854864,0,96482
32880733860758,1,96482
32880733870957,0,96486
32880733878327,1,96486
32880733942138,0,96486
32880733947326,1,96486
32880734005992,0,96486
32880734014013,1,96486
32880734032696,0,96483
32880734041042,1,96483
32880734106210,0,96483
32880734112613,1,96483
32880734169857,0,96483
32880734175382,1,96483
32880734231465,0,96483
32880734238216,1,96483
32880734248570,0,96484
32880734257861,1,96484
32880734323061,0,96484
32880734328304,1,96484
32880734338300,0,96486
32880734346430,1,96486
32880734408276,0,96486
32880734414582,1,96486
32880734471316,0,96486
32880734476146,1,96486
32880734488191,0,96482
32880734496179,1,96482
32880734559306,0,96482
32880734565851,1,96482
32880734579335,0,96483
32880734588279,1,96483
32880734651123,0,96483
32880734656876,1,96483
32880734669326,0,96484
32880734677793,1,96484
32880734741288,0,96484
32880734746531,1,96484
32880734803710,0,96484
32880734809343,1,96484
32880734865751,0,96484
32880734870874,1,96484
32880734926674,0,96484
32880734932926,1,96484
32880734943520,0,96484
32880734947514,1,96484
32880735003369,0,96484
32880735008199,1,96484
32880735019096,0,96485
32880735026987,1,96485
32880735089690,0,96485
32880735094803,1,96485
32880735151102,0,96485
32880735156887,1,96485
32880735169672,0,96482
32880735177954,1,96482
32880735240245,0,96482
32880735245172,1,96482
32880735255549,0,96482
32880735259065,1,96482
32880735314670,0,96482
32880735320249,1,96482
32880735330637,0,96482
32880735335011,1,96482
32880735391473,0,96482
32880735396900,1,96482
32880735406821,0,96486
32880735415775,1,96486
32880735452744,0,96482
32880735458214,1,96482
32880735479499,0,96486
32880735485306,1,96486
32880735497821,0,96483
32880735507025,1,96483
32880735534833,0,96484
32880735543255,1,96484
32880735569718,0,96483
32880735575655,1,96483
32880735607066,0,96484
32880735613046,1,96484
32880735622923,0,96486
32880735631911,1,96486
32880735653380,0,96482
32880735662616,1,96482
32880735694657,0,96486
32880735699770,1,96486
32880735712579,0,96485
32880735721718,1,96485
32880735738628,0,96484
32880735747800,1,96484
32880735786570,0,96485
32880735791900,1,96485
32880735802655,0,96483
32880735810122,1,96483
32880735821725,0,96486
32880735829529,1,96486
32880735870525,0,96483
32880735876071,1,96483
32880735884179,0,96482
32880735892384,1,96482
32880735932382,0,96483
32880735938275,1,96483
32880735954817,0,96482
32880735959853,1,96482
32880735994054,0,96483
32880736000284,1,96483
32880736016500,0,96482
32880736022068,1,96482
32880736056388,0,96483
32880736061522,1,96483
32880736078584,0,96482
32880736083458,1,96482
32880736117138,0,96483
32880736123130,1,96483
32880736139985,0,96482
32880736144522,1,96482
32880736178995,0,96483
32880736184335,1,96483
32880736200594,0,96482
32880736206054,1,96482
32880736240765,0,96483
32880736247017,1,96483
32880736262114,0,96482
32880736267943,1,96482
32880736302535,0,96483
32880736307767,1,96483
32880736324536,0,96482
32880736330104,1,96482
32880736363382,0,96483
32880736368245,1,96483
32880736386132,0,96482
32880736391364,1,96482
32880736423959,0,96483
32880736429093,1,96483
32880736441259,0,96486
32880736450040,1,96486
32880736513580,0,96486
32880736519680,1,96486
32880736575719,0,96486
32880736580581,1,96486
32880736593433,0,96483
32880736600878,1,96483
32880736662041,0,96483
32880736667663,1,96483
32880736723854,0,96483
32880736729259,1,96483
32880736785266,0,96483
32880736790400,1,96483
32880736846092,0,96483
32880736850455,1,96483
32880736906017,0,96483
32880736911205,1,96483
32880736966289,0,96483
32880736972193,1,96483
32880737027353,0,96483
32880737032053,1,96483
32880737042364,0,96483
32880737045805,1,96483
32880737101258,0,96483
32880737106023,1,96483
32880737161215,0,96483
32880737166762,1,96483
32880737221846,0,96483
32880737226339,1,96483
32880737234177,0,96485
32880737242643,1,96485
32880737304619,0,96485
32880737309699,1,96485
32880737366433,0,96485
32880737371339,1,96485
32880737428528,0,96485
32880737433597,1,96485
32880737489300,0,96485
32880737495367,1,96485
32880737506578,0,96483
32880737512798,1,96483
32880737573526,0,96483
32880737579712,1,96483
32880737636631,0,96483
32880737641070,1,96483
32880737696566,0,96483
32880737700496,1,96483
32880737755981,0,96483
32880737761571,1,96483
32880737772056,0,96483
32880737775681,1,96483
32880737830863,0,96483
32880737835910,1,96483
32880737891167,0,96483
32880737896529,1,96483
32880737951711,0,96483
32880737957149,1,96483
32880738012548,0,96483
32880738018029,1,96483
32880738030859,0,96485
32880738038978,1,96485
32880738101117,0,96485
32880738107347,1,96485
32880738163983,0,96485
32880738168889,1,96485
32880738224972,0,96485
32880738231072,1,96485
32880738287447,0,96485
32880738293070,1,96485
32880738304465,0,96483
32880738311151,1,96483
32880738373974,0,96483
32880738379108,1,96483
32880738392796,0,96484
32880738403270,1,96484
32880738486150,0,96486
32880738494594,1,96486
32880738556940,0,96486
32880738562518,1,96486
32880738619079,0,96486
32880738624462,1,96486
32880738680024,0,96486
32880738685114,1,96486
32880738697727,0,96483
32880738705270,1,96483
32880738766454,0,96483
32880738771936,1,96483
32880738828398,0,96483
32880738833532,1,96483
32880738845254,0,96482
32880738853709,1,96482
32880738915946,0,96482
32880738921536,1,96482
32880738977477,0,96482
32880738984174,1,96482
32880739040843,0,96482
32880739045727,1,96482
32880739058274,0,96484
32880739066805,1,96484
32880739130030,0,96484
32880739135706,1,96484
32880739146083,0,96484
32880739149871,1,96484
32880739220498,0,96484
32880739238874,1,96484
32880739305289,0,96484
32880739310499,1,96484
32880739367146,0,96484
32880739371976,1,96484
32880739383351,0,96484
32880739391209,1,96484
32880739466786,0,96484
32880739474492,1,96484
32880739488559,0,96483
32880739499706,1,96483
32880739553411,0,96484
32880739562322,1,96484
32880739577791,0,96486
32880739586973,1,96486
32880739633796,0,96484
32880739640916,1,96484
32880739657012,0,96484
32880739662201,1,96484
32880739681858,0,96485
32880739695599,1,96485
32880739738385,0,96484
32880739745841,1,96484
32880739762079,0,96484
32880739769601,1,96484
32880739779283,0,96485
32880739790560,1,96485
32880739838806,0,96484
32880739844428,1,96484
32880739857507,0,96482
32880739866299,1,96482
32880739884740,0,96483
32880739893195,1,96483
32880739930446,0,96482
32880739935895,1,96482
32880739958558,0,96483
32880739964137,1,96483
32880739992281,0,96482
32880739998066,1,96482
32880740009452,0,96485
32880740017625,1,96485
32880740038302,0,96486
32880740046247,1,96486
32880740080904,0,96485
32880740086830,1,96485
32880740109548,0,96486
32880740114736,1,96486
32880740124526,0,96482
32880740133730,1,96482
32880740144758,0,96485
32880740149816,1,96485
32880740169104,0,96483
32880740177201,1,96483
32880740194079,0,96483
32880740196749,1,96483
32880740206647,0,96485
32880740212650,1,96485
32880740269351,0,96485
32880740274224,1,96485
32880740330024,0,96485
32880740335224,1,96485
32880740345112,0,96482
32880740354577,1,96482
32880740390622,0,96485
32880740396614,1,96485
32880740408119,0,96483
32880740414816,1,96483
32880740436383,0,96486
32880740444816,1,96486
32880740476782,0,96483
32880740481460,1,96483
32880740507563,0,96486
32880740513804,1,96486
32880740538041,0,96483
32880740543230,1,96483
32880740553410,0,96482
32880740562484,1,96482
32880740590934,0,96484
32880740599888,1,96484
32880740625318,0,96482
32880740630615,1,96482
32880740643966,0,96485
32880740652020,1,96485
32880740664687,0,96484
32880740670179,1,96484
32880740679328,0,96483
32880740685927,1,96483
32880740715147,0,96485
32880740721236,1,96485
32880740731546,0,96486
32880740739893,1,96486
32880740759907,0,96482
32880740807339,1,96482
32880740826052,0,96486
32880740831164,1,96486
32880740839544,0,96485
32880740846285,1,96485
32880740887876,0,96486
32880740893324,1,96486
32880740903820,0,96486
32880740907608,1,96486
32880740916586,0,96484
32880740924477,1,96484
32880740963626,0,96486
32880740969400,1,96486
32880740979169,0,96482
32880740986202,1,96482
32880741001908,0,96483
32880741008323,1,96483
32880741047440,0,96482
32880741061822,1,96482
32880741070668,0,96483
32880741076084,1,96483
32880741119587,0,96482
32880741124210,1,96482
32880741132623,0,96483
32880741137442,1,96483
32880741153049,0,96485
32880741162883,1,96485
32880741193427,0,96483
32880741198539,1,96483
32880741225272,0,96485
32880741230525,1,96485
32880741255251,0,96483
32880741260005,1,96483
32880741270674,0,96482
32880741277686,1,96482
32880741288464,0,96485
32880741293587,1,96485
32880741339597,0,96482
32880741344883,1,96482
32880741365853,0,96483
32880741372724,1,96483
32880741402148,0,96482
32880741407293,1,96482
32880741417518,0,96482
32880741421523,1,96482
32880741433593,0,96483
32880741438770,1,96483
32880741450873,0,96485
32880741460425,1,96485
32880741477095,0,96482
32880741483173,1,96482
32880741523020,0,96485
32880741528468,1,96485
32880741539755,0,96482
32880741545497,1,96482
32880741556818,0,96483
32880741563743,1,96483
32880741584290,0,96485
32880741589468,1,96485
32880741624829,0,96483
32880741629724,1,96483
32880741645724,0,96485
32880741650814,1,96485
32880741661276,0,96482
32880741667300,1,96482
32880741685242,0,96483
32880741690626,1,96483
32880741728245,0,96482
32880741734161,1,96482
32880741746936,0,96483
32880741752928,1,96483
32880741790526,0,96482
32880741795497,1,96482
32880741811269,0,96484
32880741823317,1,96484
32880741887268,0,96484
32880741892761,1,96484
32880741902897,0,96485
32880741912210,1,96485
32880741973676,0,96485
32880741979048,1,96485
32880741991313,0,96482
32880741999660,1,96482
32880742063145,0,96482
32880742068333,1,96482
32880742078851,0,96483
32880742086015,1,96483
32880742146178,0,96483
32880742152235,1,96483
32880742165335,0,96486
32880742173834,1,96486
32880742236299,0,96486
32880742242941,1,96486
32880742299979,0,96486
32880742305916,1,96486
32880742361912,0,96486
32880742368055,1,96486
32880742379843,0,96482
32880742388135,1,96482
32880742450502,0,96482
32880742455972,1,96482
32880742466610,0,96483
32880742473676,1,96483
32880742534545,0,96483
32880742539592,1,96483
32880742595284,0,96483
32880742599712,1,96483
32880742655317,0,96483
32880742659778,1,96483
32880742667755,0,96486
32880742674593,1,96486
32880742715166,0,96483
32880742719355,1,96483
32880742727832,0,96482
32880742734952,1,96482
32880742753469,0,96484
32880742762000,1,96484
32880742796570,0,96482
32880742802052,1,96482
32880742815109,0,96485
32880742823705,1,96485
32880742841550,0,96483
32880742849126,1,96483
32880742885150,0,96485
32880742891858,1,96485
32880742910418,0,96483
32880742916160,1,96483
32880742924897,0,96482
32880742931507,1,96482
32880742947734,0,96485
32880742952553,1,96485
32880742962052,0,96484
32880742970984,1,96484
32880742992897,0,96482
32880742997575,1,96482
32880743009870,0,96486
32880743019128,1,96486
32880743035316,0,96484
32880743040678,1,96484
32880743050435,0,96483
32880743056600,1,96483
32880743083243,0,96486
32880743089603,1,96486
32880743100635,0,96485
32880743117947,1,96485
32880743131763,0,96482
32880743138569,1,96482
32880743186545,0,96485
32880743192275,1,96485
32880743210140,0,96484
32880743220082,1,96484
32880743296505,0,96484
32880743303625,1,96484
32880743321436,0,96483
32880743329002,1,96483
32880743392856,0,96483
32880743398500,1,96483
32880743408963,0,96483
32880743421782,1,96483
32880743479351,0,96483
32880743485310,1,96483
32880743495122,0,96482
32880743504120,1,96482
32880743541143,0,96483
32880743547264,1,96483
32880743560506,0,96486
32880743568169,1,96486
32880743631567,0,96486
32880743637993,1,96486
32880743651028,0,96485
32880743660493,1,96485
32880743726084,0,96485
32880743732227,1,96485
32880743742560,0,96485
32880743746001,1,96485
32880743803310,0,96485
32880743808726,1,96485
32880743818994,0,96485
32880743822565,1,96485
32880743878322,0,96485
32880743883510,1,96485
32880743893810,0,96485
32880743897370,1,96485
32880743953019,0,96485
32880743959054,1,96485
32880744014756,0,96485
32880744019738,1,96485
32880744030017,0,96485
32880744034239,1,96485
32880744089953,0,96485
32880744095868,1,96485
32880744106212,0,96485
32880744110608,1,96485
32880744165703,0,96485
32880744171466,1,96485
32880744227277,0,96485
32880744233062,1,96485
32880744243634,0,96486
32880744251265,1,96486
32880744313794,0,96486
32880744320003,1,96486
32880744333658,0,96483
32880744342113,1,96483
32880744406162,0,96483
32880744412533,1,96483
32880744425742,0,96482
32880744434274,1,96482
32880744497096,0,96482
32880744502730,1,96482
32880744558541,0,96482
32880744563718,1,96482
32880744574550,0,96482
32880744578187,1,96482
32880744634779,0,96482
32880744639620,1,96482
32880744696061,0,96482
32880744701976,1,96482
32880744712309,0,96482
32880744716955,1,96482
32880744772538,0,96482
32880744778247,1,96482
32880744788569,0,96482
32880744792976,1,96482
32880744848624,0,96482
32880744854160,1,96482
32880744911154,0,96482
32880744915756,1,96482
32880744927196,0,96486
32880744936097,1,96486
32880744999419,0,96486
32880745005682,1,96486
32880745017784,0,96483
32880745026326,1,96483
32880745089474,0,96483
32880745096074,1,96483
32880745105614,0,96484
32880745114992,1,96484
32880745179193,0,96484
32880745184284,1,96484
32880745195431,0,96485
32880745204212,1,96485
32880745266568,0,96485
32880745272559,1,96485
32880745282187,0,96482
32880745291499,1,96482
32880745354029,0,96482
32880745360770,1,96482
32880745416917,0,96482
32880745421964,1,96482
32880745432254,0,96482
32880745435912,1,96482
32880745491473,0,96482
32880745496542,1,96482
32880745506767,0,96482
32880745510457,1,96482
32880745566344,0,96482
32880745571858,1,96482
32880745584461,0,96485
32880745593947,1,96485
32880745657475,0,96485
32880745662371,1,96485
32880745674363,0,96486
32880745683697,1,96486
32880745746075,0,96486
32880745752327,1,96486
32880745762638,0,96486
32880745766329,1,96486
32880745822107,0,96486
32880745827892,1,96486
32880745883953,0,96486
32880745889098,1,96486
32880745901580,0,96482
32880745910111,1,96482
32880745972761,0,96482
32880745978926,1,96482
32880746036473,0,96482
32880746041607,1,96482
32880746054253,0,96483
32880746062263,1,96483
32880746125835,0,96483
32880746131088,1,96483
32880746187540,0,96483
32880746193705,1,96483
32880746250731,0,96483
32880746255464,1,96483
32880746312046,0,96483
32880746317581,1,96483
32880746327219,0,96482
32880746333710,1,96482
32880746395187,0,96482
32880746465521,1,96482
32880746526791,0,96482
32880746532739,1,96482
32880746588442,0,96482
32880746593576,1,96482
32880746649582,0,96482
32880746654727,1,96482
32880746665038,0,96482
32880746669955,1,96482
32880746725300,0,96482
32880746731107,1,96482
32880746744382,0,96484
32880746752794,1,96484
32880746817538,0,96484
32880746824289,1,96484
32880746882640,0,96484
32880746887948,1,96484
32880746944584,0,96484
32880746950478,1,96484
32880746961028,0,96484
32880746964881,1,96484
32880747021354,0,96484
32880747026195,1,96484
32880747034345,0,96482
32880747042431,1,96482
32880747081985,0,96484
32880747087064,1,96484
32880747103713,0,96482
32880747109954,1,96482
32880747143017,0,96484
32880747147749,1,96484
32880747161250,0,96483
32880747170682,1,96483
32880747233820,0,96483
32880747238693,1,96483
32880747295178,0,96483
32880747300735,1,96483
32880747311795,0,96483
32880747315366,1,96483
32880747371763,0,96483
32880747376669,1,96483
32880747386850,0,96482
32880747393862,1,96482
32880747455046,0,96482
32880747460994,1,96482
32880747517217,0,96482
32880747522590,1,96482
32880747578976,0,96482
32880747582754,1,96482
32880747592133,0,96484
32880747601076,1,96484
32880747663921,0,96484
32880747668881,1,96484
32880747680179,0,96483
32880747687137,1,96483
32880747748690,0,96483
32880747754898,1,96483
32880747811469,0,96483
32880747816733,1,96483
32880747873239,0,96483
32880747877819,1,96483
32880747888879,0,96482
32880747895370,1,96482
32880747956131,0,96482
32880747962448,1,96482
32880747973388,0,96484
32880747982679,1,96484
32880748046295,0,96484
32880748052112,1,96484
32880748108629,0,96484
32880748112656,1,96484
32880748125898,0,96485
32880748134733,1,96485
32880748197740,0,96485
32880748203667,1,96485
32880748213967,0,96483
32880748221858,1,96483
32880748282749,0,96483
32880748288664,1,96483
32880748302275,0,96482
32880748311479,1,96482
32880748373466,0,96482
32880748379132,1,96482
32880748435073,0,96482
32880748440620,1,96482
32880748496702,0,96482
32880748502520,1,96482
32880748512692,0,96485
32880748521635,1,96485
32880748558277,0,96482
32880748563378,1,96482
32880748573722,0,96482
32880748577684,1,96482
32880748586206,0,96485
32880748592566,1,96485
32880748632627,0,96482
32880748638477,1,96482
32880748652306,0,96484
32880748660805,1,96484
32880748674306,0,96483
32880748682664,1,96483
32880748724985,0,96484
32880748731638,1,96484
32880748745454,0,96483
32880748750762,1,96483
32880748789284,0,96484
32880748794537,1,96484
32880748806215,0,96482
32880748814626,1,96482
32880748877634,0,96482
32880748884341,1,96482
32880748941412,0,96482
32880748947186,1,96482
32880749003844,0,96482
32880749009770,1,96482
32880749021124,0,96483
32880749028982,1,96483
32880749090220,0,96483
32880749095940,1,96483
32880749152479,0,96483
32880749157048,1,96483
32880749213684,0,96483
32880749219111,1,96483
32880749290574,0,96482
32880749296413,1,96482
32880749357727,0,96482
32880749362557,1,96482
32880749418846,0,96482
32880749424946,1,96482
32880749481354,0,96482
32880749486444,1,96482
32880749496767,0,96482
32880749500370,1,96482
32880749555921,0,96482
32880749561565,1,96482
32880749573830,0,96483
32880749581102,1,96483
32880749642666,0,96483
32880749647681,1,96483
32880749703742,0,96483
32880749710232,1,96483
32880749721205,0,96485
32880749728901,1,96485
32880749791040,0,96485
32880749798258,1,96485
32880749854340,0,96485
32880749859463,1,96485
32880749871196,0,96482
32880749879858,1,96482
32880749944515,0,96482
32880749951755,1,96482
32880750048019,0,96482
32880750055920,1,96482
32880750127470,0,96482
32880750133005,1,96482
32880750145337,0,96484
32880750154281,1,96484
32880750217320,0,96484
32880750222552,1,96484
32880750279091,0,96484
32880750285907,1,96484
32880750358281,0,96484
32880750366671,1,96484
32880750382854,0,96483
32880750392503,1,96483
32880750473256,0,96483
32880750483600,1,96483
32880750498459,0,96482
32880750510084,1,96482
32880750566188,0,96483
32880750572831,1,96483
32880750590892,0,96482
32880750598218,1,96482
32880750630824,0,96483
32880750635871,1,96483
32880750646367,0,96483
32880750651555,1,96483
32880750669355,0,96482
32880750675878,1,96482
32880750707963,0,96483
32880750713108,1,96483
32880750725011,0,96486
32880750734704,1,96486
32880750822643,0,96486
32880750827842,1,96486
32880750884196,0,96486
32880750890947,1,96486
32880750902933,0,96483
32880750910227,1,96483
32880750972822,0,96483
32880750978173,1,96483
32880750988647,0,96483
32880750992402,1,96483
32880751048094,0,96483
32880751053988,1,96483
32880751065396,0,96484
32880751073320,1,96484
32880751137022,0,96484
32880751142080,1,96484
32880751199085,0,96484
32880751205011,1,96484
32880751261712,0,96484
32880751268247,1,96484
32880751325859,0,96484
32880751330820,1,96484
32880751342107,0,96483
32880751349629,1,96483
32880751412842,0,96483
32880751418606,1,96483
32880751474884,0,96483
32880751481016,1,96483
32880751536892,0,96483
32880751542439,1,96483
32880751553499,0,96483
32880751557993,1,96483
32880751613967,0,96483
32880751619274,1,96483
32880751632917,0,96484
32880751641514,1,96484
32880751705009,0,96484
32880751710610,1,96484
32880751767192,0,96484
32880751771989,1,96484
32880751828582,0,96484
32880751834454,1,96484
32880751848445,0,96482
32880751856596,1,96482
32880751921340,0,96482
32880751927375,1,96482
32880751936200,0,96483
32880751942647,1,96483
32880752003364,0,96483
32880752009833,1,96483
32880752022034,0,96485
32880752031520,1,96485
32880752095190,0,96485
32880752100562,1,96485
32880752158718,0,96485
32880752163700,1,96485
32880752177116,0,96484
32880752189120,1,96484
32880752271589,0,96484
32880752278991,1,96484
32880752288769,0,96482
32880752299363,1,96482
32880752369631,0,96482
32880752375080,1,96482
32880752386944,0,96483
32880752393858,1,96483
32880752455715,0,96483
32880752460773,1,96483
32880752517593,0,96483
32880752522532,1,96483
32880752578799,0,96483
32880752584009,1,96483
32880752639809,0,96483
32880752645193,1,96483
32880752655254,0,96482
32880752661452,1,96482
32880752723189,0,96482
32880752728562,1,96482
32880752785154,0,96482
32880752790147,1,96482
32880752846816,0,96482
32880752853220,1,96482
32880752910442,0,96482
32880752915467,1,96482
32880752926408,0,96483
32880752933757,1,96483
32880752994843,0,96483
32880753000606,1,96483
32880753056298,0,96483
32880753061899,1,96483
32880753117656,0,96483
32880753122421,1,96483
32880753133361,0,96483
32880753137247,1,96483
32880753192744,0,96483
32880753198322,1,96483
32880753254155,0,96483
32880753259137,1,96483
32880753314286,0,96483
32880753319160,1,96483
32880753374363,0,96483
32880753379714,1,96483
32880753389354,0,96484
32880753398829,1,96484
32880753435091,0,96483
32880753440138,1,96483
32880753449690,0,96482
32880753456897,1,96482
32880753477139,0,96486
32880753486343,1,96486
32880753518786,0,96482
32880753524028,1,96482
32880753549731,0,96486
32880753556395,1,96486
32880753566153,0,96483
32880753573512,1,96483
32880753591759,0,96484
32880753598477,1,96484
32880753634750,0,96483
32880753640166,1,96483
32880753661420,0,96484
32880753666684,1,96484
32880753696325,0,96483
32880753700547,1,96483
32880753711716,0,96482
32880753719563,1,96482
32880753733566,0,96485
32880753740328,1,96485
32880753781702,0,96482
32880753787020,1,96482
32880753802825,0,96485
32880753808643,1,96485
32880753819322,0,96483
32880753825628,1,96483
32880753843602,0,96482
32880753848356,1,96482
32880753886378,0,96483
32880753892500,1,96483
32880753904493,0,96482
32880753909356,1,96482
32880753949082,0,96483
32880753954650,1,96483
32880753965634,0,96482
32880753970518,1,96482
32880754009907,0,96483
32880754014900,1,96483
32880754026687,0,96482
32880754031268,1,96482
32880754070776,0,96483
32880754075498,1,96483
32880754086373,0,96486
32880754094883,1,96486
32880754163404,0,96486
32880754169830,1,96486
32880754226650,0,96486
32880754232424,1,96486
32880754243800,0,96483
32880754250551,1,96483
32880754310780,0,96483
32880754316587,1,96483
32880754372658,0,96483
32880754378715,1,96483
32880754434667,0,96483
32880754439541,1,96483
32880754495341,0,96483
32880754499889,1,96483
32880754508094,0,96486
32880754515420,1,96486
32880754556080,0,96483
32880754561528,1,96483
32880754569864,0,96482
32880754577332,1,96482
32880754639514,0,96482
32880754645223,1,96482
32880754655665,0,96482
32880754658845,1,96482
32880754715177,0,96482
32880754721342,1,96482
32880754732381,0,96483
32880754739555,1,96483
32880754799980,0,96483
32880754804766,1,96483
32880754860708,0,96483
32880754866373,1,96483
32880754921837,0,96483
32880754926656,1,96483
32880754935992,0,96484
32880754945684,1,96484
32880754982175,0,96483
32880754987786,1,96483
32880754998857,0,96482
32880755007573,1,96482
32880755026781,0,96486
32880755035345,1,96486
32880755070406,0,96482
32880755076582,1,96482
32880755099535,0,96486
32880755104626,1,96486
32880755115320,0,96483
32880755122853,1,96483
32880755133034,0,96482
32880755139351,1,96482
32880755184004,0,96483
32880755188878,1,96483
32880755196106,0,96482
32880755201522,1,96482
32880755210976,0,96486
32880755219757,1,96486
32880755244342,0,96483
32880755249584,1,96483
32880755284241,0,96486
32880755289646,1,96486
32880755305417,0,96483
32880755311495,1,96483
32880755321231,0,96482
32880755328861,1,96482
32880755346152,0,96486
32880755351514,1,96486
32880755362140,0,96486
32880755367208,1,96486
32880755390751,0,96482
32880755396037,1,96482
32880755423682,0,96486
32880755428946,1,96486
32880755440549,0,96483
32880755447409,1,96483
32880755463939,0,96484
32880755472959,1,96484
32880755508083,0,96483
32880755513922,1,96483
32880755537377,0,96484
32880755542489,1,96484
32880755553582,0,96486
32880755561723,1,96486
32880755592494,0,96482
32880755602534,1,96482
32880755623840,0,96486
32880755629658,1,96486
32880755641403,0,96485
32880755650835,1,96485
32880755666974,0,96482
32880755673421,1,96482
32880755714060,0,96485
32880755720181,1,96485
32880755730209,0,96483
32880755736591,1,96483
32880755796961,0,96483
32880755802562,1,96483
32880755858514,0,96483
32880755863355,1,96483
32880755873297,0,96482
32880755879864,1,96482
32880755941069,0,96482
32880755955473,1,96482
32880756013400,0,96482
32880756019109,1,96482
32880756075637,0,96482
32880756080825,1,96482
32880756136636,0,96482
32880756142650,1,96482
32880756153058,0,96482
32880756157889,1,96482
32880756213667,0,96482
32880756218714,1,96482
32880756275112,0,96482
32880756281429,1,96482
32880756337804,0,96482
32880756343785,1,96482
32880756400616,0,96482
32880756405424,1,96482
32880756415790,0,96482
32880756419350,1,96482
32880756475368,0,96482
32880756480306,1,96482
32880756535878,0,96482
32880756541740,1,96482
32880756597887,0,96482
32880756603781,1,96482
32880756660015,0,96482
32880756664010,1,96482
32880756678033,0,96483
32880756687172,1,96483
32880756751059,0,96483
32880756756844,1,96483
32880756813122,0,96483
32880756818484,1,96483
32880756874425,0,96483
32880756879733,1,96483
32880756892681,0,96484
32880756901929,1,96484
32880756965414,0,96484
32880756970602,1,96484
32880757026739,0,96484
32880757031341,1,96484
32880757041587,0,96484
32880757045592,1,96484
32880757102554,0,96484
32880757108621,1,96484
32880757165030,0,96484
32880757169860,1,96484
32880757182331,0,96483
32880757190103,1,96483
32880757250874,0,96483
32880757256117,1,96483
32880757311125,0,96483
32880757317094,1,96483
32880757330131,0,96485
32880757338499,1,96485
32880757401735,0,96485
32880757407020,1,96485
32880757463179,0,96485
32880757468552,1,96485
32880757478092,0,96484
32880757485951,1,96484
32880757524710,0,96485
32880757530984,1,96485
32880757545082,0,96482
32880757553591,1,96482
32880757568049,0,96483
32880757576450,1,96483
32880757615557,0,96482
32880757620853,1,96482
32880757630948,0,96486
32880757640749,1,96486
32880757677294,0,96482
32880757682667,1,96482
32880757704755,0,96486
32880757710811,1,96486
32880757722078,0,96486
32880757726180,1,96486
32880757738326,0,96482
32880757743319,1,96482
32880757755779,0,96485
32880757764180,1,96485
32880757782263,0,96486
32880757788591,1,96486
32880757826634,0,96485
32880757831801,1,96485
32880757842253,0,96485
32880757846084,1,96485
32880757860900,0,96482
32880757868205,1,96482
32880757902200,0,96485
32880757908723,1,96485
32880757928955,0,96482
32880757934957,1,96482
32880757946528,0,96483
32880757955460,1,96483
32880757967291,0,96485
32880757973337,1,96485
32880758019445,0,96483
32880758024730,1,96483
32880758044235,0,96482
32880758050454,1,96482
32880758080867,0,96483
32880758087000,1,96483
32880758111106,0,96482
32880758116446,1,96482
32880758144048,0,96483
32880758148737,1,96483
32880758172507,0,96482
32880758178477,1,96482
32880758204722,0,96483
32880758218713,1,96483
32880758234766,0,96482
32880758240203,1,96482
32880758253382,0,96485
32880758261858,1,96485
32880758275859,0,96483
32880758281047,1,96483
32880758324562,0,96485
32880758331335,1,96485
32880758338942,0,96483
32880758344424,1,96483
32880758353161,0,96482
32880758359749,1,96482
32880758375781,0,96482
32880758379417,1,96482
32880758388166,0,96485
32880758393116,1,96485
32880758400137,0,96483
32880758406433,1,96483
32880758449166,0,96485
32880758454007,1,96485
32880758462613,0,96483
32880758468420,1,96483
32880758524871,0,96483
32880758529864,1,96483
32880758585306,0,96483
32880758591601,1,96483
32880758602640,0,96485
32880758612050,1,96485
32880758674222,0,96485
32880758679399,1,96485
32880758692185,0,96482
32880758701954,1,96482
32880758764538,0,96482
32880758770583,1,96482
32880758781003,0,96486
32880758789057,1,96486
32880758851630,0,96486
32880758858620,1,96486
32880758914572,0,96486
32880758920032,1,96486
32880758930365,0,96486
32880758934587,1,96486
32880758990073,0,96486
32880758994588,1,96486
32880759004910,0,96486
32880759008828,1,96486
32880759064846,0,96486
32880759069220,1,96486
32880759124781,0,96486
32880759130816,1,96486
32880759140771,0,96484
32880759150203,1,96484
32880759214111,0,96484
32880759219462,1,96484
32880759233701,0,96483
32880759241006,1,96483
32880759303340,0,96483
32880759310753,1,96483
32880759367379,0,96483
32880759373305,1,96483
32880759384430,0,96483
32880759388501,1,96483
32880759444768,0,96483
32880759450520,1,96483
32880759506939,0,96483
32880759512355,1,96483
32880759568785,0,96483
32880759573995,1,96483
32880759630197,0,96483
32880759635298,1,96483
32880759651189,0,96482
32880759662824,1,96482
32880759734211,0,96482
32880759739388,1,96482
32880759750546,0,96486
32880759759685,1,96486
32880759833557,0,96486
32880759841633,1,96486
32880759907527,0,96486
32880759922983,1,96486
32880759980705,0,96486
32880759987282,1,96486
32880759997637,0,96486
32880760001544,1,96486
32880760057877,0,96486
32880760064085,1,96486
32880760073778,0,96482
32880760081289,1,96482
32880760143786,0,96482
32880760149430,1,96482
32880760160002,0,96484
32880760168858,1,96484
32880760230379,0,96484
32880760234427,1,96484
32880760244838,0,96485
32880760254009,1,96485
32880760317049,0,96485
32880760322237,1,96485
32880760332560,0,96485
32880760336120,1,96485
32880760392181,0,96485
32880760397597,1,96485
32880760405812,0,96486
32880760414256,1,96486
32880760453126,0,96485
32880760458303,1,96485
32880760466985,0,96482
32880760473617,1,96482
32880760492916,0,96484
32880760501524,1,96484
32880760513658,0,96485
32880760518749,1,96485
32880760537337,0,96483
32880760545977,1,96483
32880760575255,0,96485
32880760581116,1,96485
32880760610547,0,96483
32880760616365,1,96483
32880760624346,0,96482
32880760632432,1,96482
32880760647183,0,96486
32880760655334,1,96486
32880760684821,0,96483
32880760692386,1,96483
32880760719633,0,96486
32880760725245,1,96486
32880760749837,0,96483
32880760755492,1,96483
32880760763385,0,96482
32880760792246,1,96482
32880760813076,0,96484
32880760821510,1,96484
32880760843868,0,96486
32880760852084,1,96486
32880760864859,0,96486
32880760869678,1,96486
32880760879946,0,96486
32880760885417,1,96486
32880760907667,0,96483
32880760917132,1,96483
32880760934072,0,96485
32880760943569,1,96485
32880761094009,0,96486
32880761099946,1,96486
32880761161075,0,96486
32880761167490,1,96486
32880761178116,0,96482
32880761187961,1,96482
32880761250436,0,96482
32880761255603,1,96482
32880761266055,0,96482
32880761269984,1,96482
32880761326392,0,96482
32880761332058,1,96482
32880761388922,0,96482
32880761394447,1,96482
32880761404704,0,96482
32880761408644,1,96482
32880761464043,0,96482
32880761471738,1,96482
32880761542332,0,96482
32880761551081,1,96482
32880761610181,0,96482
32880761615977,1,96482
32880761625951,0,96484
32880761634667,1,96484
32880761672385,0,96482
32880761677606,1,96482
32880761687841,0,96482
32880761692367,1,96482
32880761699118,0,96484
32880761704502,1,96484
32880761714050,0,96486
32880761721572,1,96486
32880761739264,0,96486
32880761744517,1,96486
32880761760812,0,96484
32880761766098,1,96484
32880761783432,0,96485
32880761792408,1,96485
32880761822398,0,96484
32880761827792,1,96484
32880761856078,0,96485
32880761861906,1,96485
32880761873054,0,96483
32880761883018,1,96483
32880761899244,0,96482
32880761907189,1,96482
32880761949400,0,96483
32880761955131,1,96483
32880761964607,0,96486
32880761973811,1,96486
32880761985685,0,96485
32880762001640,1,96485
32880762036948,0,96486
32880762043428,1,96486
32880762055499,0,96484
32880762063802,1,96484
32880762079963,0,96483
32880762086172,1,96483
32880762128319,0,96484
32880762133583,1,96484
32880762142384,0,96482
32880762150438,1,96482
32880762212555,0,96482
32880762217808,1,96482
32880762228684,0,96485
32880762234990,1,96485
32880762296641,0,96485
32880762301818,1,96485
32880762357716,0,96485
32880762363870,1,96485
32880762374290,0,96485
32880762378013,1,96485
32880762387597,0,96483
32880762396031,1,96483
32880762461676,0,96483
32880762467265,1,96483
32880762525019,0,96483
32880762529980,1,96483
32880762586518,0,96483
32880762591815,1,96483
32880762602984,0,96484
32880762611764,1,96484
32880762674055,0,96484
32880762679537,1,96484
32880762689837,0,96484
32880762693397,1,96484
32880762750316,0,96484
32880762755243,1,96484
32880762810870,0,96484
32880762815830,1,96484
32880762826141,0,96482
32880762833164,1,96482
32880762917228,0,96483
32880762925640,1,96483
32880762955543,0,96482
32880762961198,1,96482
32880762971541,0,96482
32880762976013,1,96482
32880762986314,0,96482
32880762991100,1,96482
32880763006090,0,96485
32880763013687,1,96485
32880763048474,0,96482
32880763053804,1,96482
32880763075349,0,96485
32880763081536,1,96485
32880763093726,0,96484
32880763103060,1,96484
32880763136055,0,96483
32880763144380,1,96483
32880763167153,0,96484
32880763171766,1,96484
32880763207127,0,96483
32880763213227,1,96483
32880763223213,0,96485
32880763230007,1,96485
32880763243879,0,96482
32880763251628,1,96482
32880763291441,0,96485
32880763298398,1,96485
32880763310066,0,96486
32880763318446,1,96486
32880763333381,0,96483
32880763341402,1,96483
32880763381518,0,96486
32880763387792,1,96486
32880763404627,0,96483
32880763410661,1,96483
32880763420321,0,96485
32880763426681,1,96485
32880763444254,0,96486
32880763449388,1,96486
32880763459667,0,96486
32880763463791,1,96486
32880763487789,0,96485
32880763494204,1,96485
32880763519624,0,96486
32880763525127,1,96486
32880763536947,0,96483
32880763543449,1,96483
32880763568304,0,96482
32880763577953,1,96482
32880763606022,0,96483
32880763611341,1,96483
32880763641330,0,96482
32880763645910,1,96482
32880763668140,0,96483
32880763673165,1,96483
32880763684909,0,96485
32880763690933,1,96485
32880763702677,0,96482
32880763707941,1,96482
32880763752171,0,96485
32880763758064,1,96485
32880763764305,0,96482
32880763769287,1,96482
32880763781987,0,96483
32880763790236,1,96483
32880763814277,0,96485
32880763819455,1,96485
32880763851995,0,96483
32880763857715,1,96483
32880763875114,0,96485
32880763881735,1,96485
32880763891710,0,96482
32880763901174,1,96482
32880763914308,0,96483
32880763919865,1,96483
32880763964746,0,96482
32880763969240,1,96482
32880763976555,0,96483
32880763981049,1,96483
32880763993021,0,96485
32880763999717,1,96485
32880764025854,0,96482
32880764031552,1,96482
32880764060923,0,96485
32880764066839,1,96485
32880764087841,0,96482
32880764093409,1,96482
32880764105490,0,96483
32880764112067,1,96483
32880764123540,0,96485
32880764129564,1,96485
32880764173132,0,96483
32880764178982,1,96483
32880764185766,0,96485
32880764191703,1,96485
32880764202014,0,96485
32880764206366,1,96485
32880764235749,0,96483
32880764241349,1,96483
32880764262731,0,96485
32880764267442,1,96485
32880764297942,0,96483
32880764302794,1,96483
32880764314505,0,96482
32880764322993,1,96482
32880764386369,0,96482
32880764392349,1,96482
32880764466645,0,96483
32880764472854,1,96483
32880764533777,0,96483
32880764540214,1,96483
32880764550362,0,96485
32880764556928,1,96485
32880764617222,0,96485
32880764623170,1,96485
32880764632798,0,96484
32880764640862,1,96484
32880764679720,0,96485
32880764684278,1,96485
32880764702752,0,96484
32880764708298,1,96484
32880764718979,0,96483
32880764725480,1,96483
32880764740372,0,96485
32880764745419,1,96485
32880764753505,0,96486
32880764761515,1,96486
32880764786458,0,96483
32880764792145,1,96483
32880764811563,0,96484
32880764819117,1,96484
32880764842442,0,96485
32880764850040,1,96485
32880764879531,0,96484
32880764885272,1,96484
32880764895497,0,96483
32880764902444,1,96483
32880764912353,0,96485
32880764917074,1,96485
32880764963823,0,96483
32880764970194,1,96483
32880764986041,0,96486
32880764993183,1,96486
32880765003928,0,96485
32880765009474,1,96485
32880765054041,0,96486
32880765058914,1,96486
32880765065785,0,96485
32880765070854,1,96485
32880765082544,0,96483
32880765088318,1,96483
32880765126556,0,96485
32880765133134,1,96485
32880765142611,0,96484
32880765151554,1,96484
32880765215300,0,96484
32880765221248,1,96484
32880765231026,0,96485
32880765236909,1,96485
32880765296899,0,96485
32880765302065,1,96485
32880765312344,0,96485
32880765315947,1,96485
32880765372247,0,96485
32880765378304,1,96485
32880765433746,0,96485
32880765439336,1,96485
32880765450895,0,96484
32880765460522,1,96484
32880765523421,0,96484
32880765528729,1,96484
32880765540788,0,96483
32880765549450,1,96483
32880765612099,0,96483
32880765618372,1,96483
32880765675356,0,96483
32880765680446,1,96483
32880765692125,0,96485
32880765698084,1,96485
32880765759148,0,96485
32880765763783,1,96485
32880765774562,0,96484
32880765784309,1,96484
32880765847306,0,96484
32880765852548,1,96484
32880765883350,3,96482
32880765908880,0,96484
32880765913873,1,96484
32880765924206,0,96484
32880765928146,1,96484
32880765984120,0,96484
32880765988972,1,96484
32880766000162,0,96484
32880766003787,1,96484
32880766059599,0,96484
32880766065286,1,96484
32880766121152,0,96484
32880766126709,1,96484
32880766137139,0,96484
32880766141036,1,96484
32880766196717,0,96484
32880766201145,1,96484
32880766213018,0,96485
32880766219802,1,96485
32880766283287,0,96485
32880766288486,1,96485
32880766344731,0,96485
32880766351396,1,96485
32880766361750,0,96485
32880766366711,1,96485
32880766422641,0,96485
32880766427612,1,96485
32880766439488,0,96484
32880766446858,1,96484
32880766508378,0,96484
32880766514489,1,96484
32880766570159,0,96484
32880766576042,1,96484
32880766586353,0,96484
32880766589935,1,96484
32880766645377,0,96484
32880766651738,1,96484
32880766663068,0,96485
32880766670807,1,96485
32880766731632,0,96485
32880766737439,1,96485
32880766793131,0,96485
32880766799144,1,96485
32880766809358,0,96485
32880766813059,1,96485
32880766868447,0,96485
32880766874503,1,96485
32880766885923,0,96484
32880766893315,1,96484
32880766954651,0,96484
32880766960881,1,96484
32880767016725,0,96484
32880767021620,1,96484
32880767036130,0,96483
32880767045150,1,96483
32880767107647,0,96483
32880767112684,1,96483
32880767126674,0,96485
32880767134163,1,96485
32880767197084,0,96485
32880767202261,1,96485
32880767258865,0,96485
32880767264845,1,96485
32880767320917,0,96485
32880767326876,1,96485
32880767338338,0,96483
32880767344535,1,96483
32880767405546,0,96483
32880767410908,1,96483
32880767422261,0,96486
32880767432159,1,96486
32880767496024,0,96486
32880767501527,1,96486
32880767558966,0,96486
32880767564480,1,96486
32880767574954,0,96486
32880767580197,1,96486
32880767636833,0,96486
32880767641934,1,96486
32880767653961,0,96483
32880767660289,1,96483
32880767721049,0,96483
32880767726802,1,96483
32880767782722,0,96483
32880767787541,1,96483
32880767801184,0,96485
32880767808727,1,96485
32880767871854,0,96485
32880767878519,1,96485
32880767934872,0,96485
32880767940104,1,96485
32880767949471,0,96484
32880767957807,1,96484
32880767996653,0,96485
32880768001776,1,96485
32880768011957,0,96485
32880768017102,1,96485
32880768030822,0,96485
32880768035131,1,96485
32880768047874,0,96486
32880768057187,1,96486
32880768090139,0,96485
32880768096141,1,96485
32880768113051,0,96485
32880768116405,1,96485
32880768122669,0,96486
32880768129789,1,96486
32880768140925,0,96486
32880768146081,1,96486
32880768170382,0,96485
32880768176352,1,96485
32880768203542,0,96486
32880768208817,1,96486
32880768222905,0,96483
32880768232011,1,96483
32880768248771,0,96484
32880768256542,1,96484
32880768294823,0,96483
32880768300912,1,96483
32880768313231,0,96486
32880768322403,1,96486
32880768336806,0,96485
32880768343210,1,96485
32880768385877,0,96486
32880768391065,1,96486
32880768405469,0,96483
32880768414130,1,96483
32880768477018,0,96483
32880768482120,1,96483
32880768538452,0,96483
32880768544812,1,96483
32880768555644,0,96485
32880768562602,1,96485
32880768623058,0,96485
32880768628257,1,96485
32880768684155,0,96485
32880768689300,1,96485
32880768744547,0,96485
32880768750224,1,96485
32880768762261,0,96483
32880768769164,1,96483
32880768830815,0,96483
32880768836415,1,96483
32880768893171,0,96483
32880768898261,1,96483
32880768954463,0,96483
32880768961063,1,96483
32880768971753,0,96485
32880768979449,1,96485
32880769039634,0,96485
32880769045083,1,96485
32880769101643,0,96485
32880769106983,1,96485
32880769162512,0,96485
32880769167755,1,96485
32880769177968,0,96485
32880769182256,1,96485
32880769237448,0,96485
32880769242235,1,96485
32880769252557,0,96485
32880769257908,1,96485
32880769314001,0,96485
32880769319710,1,96485
32880769375229,0,96485
32880769380959,1,96485
32880769391260,0,96485
32880769395037,1,96485
32880769405967,0,96483
32880769416560,1,96483
32880769466141,0,96485
32880769473435,1,96485
32880769500006,0,96483
32880769508863,1,96483
32880769542912,0,96485
32880769547883,1,96485
32880769562731,0,96484
32880769572847,1,96484
32880769604150,0,96486
32880769616024,1,96486
32880769650866,0,96484
32880769657378,1,96484
32880769677534,0,96484
32880769686250,1,96484
32880769694640,0,96486
32880769703095,1,96486
32880769714873,0,96483
32880769725021,1,96483
32880769755867,0,96484
32880769762955,1,96484
32880769780832,0,96485
32880769792609,1,96485
32880769821719,0,96486
32880769832030,1,96486
32880769872223,0,96485
32880769883554,1,96485
32880769898935,0,96484
32880769910386,1,96484
32880769940775,0,96483
32880769949817,1,96483
32880769990488,0,96484
32880769998227,1,96484
32880770014106,0,96484
32880770019750,1,96484
32880770036952,0,96485
32880770048056,1,96485
32880770127648,0,96485
32880770134291,1,96485
32880770202769,0,96485
32880770210833,1,96485
32880770222936,0,96484
32880770235374,1,96484
32880770313686,0,96484
32880770321870,1,96484
32880770401202,0,96484
32880770407388,1,96484
32880770419295,0,96486
32880770430757,1,96486
32880770507755,0,96486
32880770512900,1,96486
32880770527824,0,96485
32880770540870,1,96485
32880770623708,0,96485
32880770632380,1,96485
32880770647782,0,96485
32880770653622,1,96485
32880770715609,0,96485
32880770719668,1,96485
32880770729882,0,96485
32880770733919,1,96485
32880770799369,0,96485
32880770809485,1,96485
32880770824800,0,96485
32880770834319,1,96485
32880770852727,0,96485
32880770859315,1,96485
32880770873599,0,96485
32880770878516,1,96485
32880770948351,0,96485
32880770954505,1,96485
32880770964870,0,96485
32880770969017,1,96485
32880771024665,0,96485
32880771030505,1,96485
32880771042250,0,96484
32880771051443,1,96484
32880771114863,0,96484
32880771120572,1,96484
32880771177024,0,96484
32880771182885,1,96484
32880771194910,0,96483
32880771203952,1,96483
32880771267957,0,96483
32880771273927,1,96483
32880771285074,0,96483
32880771289362,1,96483
32880771345922,0,96483
32880771351142,1,96483
32880771407095,0,96483
32880771413216,1,96483
32880771423766,0,96484
32880771433969,1,96484
32880771498116,0,96484
32880771503630,1,96484
32880771516926,0,96485
32880771525935,1,96485
32880771590440,0,96485
32880771596594,1,96485
32880771655021,0,96485
32880771659753,1,96485
32880771670836,0,96483
32880771676393,1,96483
32880771737533,0,96483
32880771742722,1,96483
32880771798555,0,96483
32880771804589,1,96483
32880771860780,0,96483
32880771867173,1,96483
32880771878364,0,96483
32880771882532,1,96483
32880771938115,0,96483
32880771943607,1,96483
32880771953388,0,96484
32880771961875,1,96484
32880771999397,0,96483
32880772004943,1,96483
32880772026478,0,96484
32880772031829,1,96484
32880772042119,0,96484
32880772045820,1,96484
32880772059518,0,96484
32880772063556,1,96484
32880772075906,0,96486
32880772085327,1,96486
32880772148867,0,96486
32880772154804,1,96486
32880772168382,0,96485
32880772176522,1,96485
32880772239617,0,96485
32880772245500,1,96485
32880772301919,0,96485
32880772307606,1,96485
32880772318612,0,96483
32880772325125,1,96483
32880772385885,0,96483
32880772390922,1,96483
32880772402329,0,96486
32880772412347,1,96486
32880772475430,0,96486
32880772481856,1,96486
32880772538221,0,96486
32880772542258,1,96486
32880772552646,0,96486
32880772558615,1,96486
32880772614676,0,96486
32880772620841,1,96486
32880772632293,0,96483
32880772639945,1,96483
32880772700597,0,96483
32880772705513,1,96483
32880772761021,0,96483
32880772766632,1,96483
32880772777617,0,96483
32880772782240,1,96483
32880772837976,0,96483
32880772843880,1,96483
32880772899941,0,96483
32880772904923,1,96483
32880772916505,0,96484
32880772925905,1,96484
32880772989911,0,96484
32880772995685,1,96484
32880773052983,0,96484
32880773059094,1,96484
32880773068861,0,96486
32880773077989,1,96486
32880773115491,0,96484
32880773120853,1,96484
32880773131197,0,96484
32880773135050,1,96484
32880773142104,0,96486
32880773148008,1,96486
32880773157799,0,96483
32880773166808,1,96483
32880773204536,0,96486
32880773210614,1,96486
32880773221817,0,96484
32880773228546,1,96484
32880773252836,0,96485
32880773261281,1,96485
32880773289828,0,96484
32880773296036,1,96484
32880773306543,0,96484
32880773311764,1,96484
32880773325211,0,96485
32880773330985,1,96485
32880773344672,0,96483
32880773351846,1,96483
32880773368823,0,96484
32880773373208,1,96484
32880773415299,0,96483
32880773420650,1,96483
32880773429888,0,96484
32880773436628,1,96484
32880773493557,0,96484
32880773498854,1,96484
32880773509587,0,96485
32880773516642,1,96485
32880773578260,0,96485
32880773582656,1,96485
32880773592968,0,96485
32880773598167,1,96485
32880773655573,0,96485
32880773660924,1,96485
32880773717018,0,96485
32880773722890,1,96485
32880773732452,0,96484
32880773741233,1,96484
32880773779146,0,96485
32880773783802,1,96485
32880773794070,0,96485
32880773799041,1,96485
32880773805923,0,96484
32880773811610,1,96484
32880773868051,0,96484
32880773872968,1,96484
32880773928833,0,96484
32880773933348,1,96484
32880773943725,0,96484
32880773949304,1,96484
32880774006993,0,96484
32880774012159,1,96484
32880774023914,0,96483
32880774033770,1,96483
32880774098622,0,96483
32880774104592,1,96483
32880774161510,0,96483
32880774166340,1,96483
32880774177455,0,96485
32880774185638,1,96485
32880774247517,0,96485
32880774252380,1,96485
32880774263441,0,96484
32880774270974,1,96484
32880774333243,0,96484
32880774339473,1,96484
32880774396479,0,96484
32880774401873,1,96484
32880774412314,0,96484
32880774415831,1,96484
32880774471577,0,96484
32880774477655,1,96484
32880774488151,0,96484
32880774493046,1,96484
32880774549585,0,96484
32880774555663,1,96484
32880774611919,0,96484
32880774617173,1,96484
32880774627689,0,96483
32880774636535,1,96483
32880774698500,0,96483
32880774703384,1,96483
32880774713663,0,96483
32880774717625,1,96483
32880774773328,0,96483
32880774779221,1,96483
32880774791280,0,96486
32880774799985,1,96486
32880774863123,0,96486
32880774869244,1,96486
32880774925815,0,96486
32880774932034,1,96486
32880774943116,0,96486
32880774947056,1,96486
32880775003193,0,96486
32880775008099,1,96486
32880775018367,0,96486
32880775022568,1,96486
32880775077586,0,96486
32880775083317,1,96486
32880775094052,0,96484
32880775101628,1,96484
32880775164136,0,96484
32880775170030,1,96484
32880775183380,0,96485
32880775191966,1,96485
32880775254420,0,96485
32880775258946,1,96485
32880775272112,0,96483
32880775280969,1,96483
32880775343922,0,96483
32880775349577,1,96483
32880775408612,0,96483
32880775415026,1,96483
32880775470924,0,96483
32880775475852,1,96483
32880775486076,0,96483
32880775489647,1,96483
32880775545057,0,96483
32880775551320,1,96483
32880775607478,0,96483
32880775612493,1,96483
32880775622089,0,96484
32880775630197,1,96484
32880775667425,0,96483
32880775672418,1,96483
32880775685855,0,96485
32880775694397,1,96485
32880775756850,0,96485
32880775763113,1,96485
32880775773056,0,96483
32880775780176,1,96483
32880775841544,0,96483
32880775846917,1,96483
32880775903586,0,96483
32880775909121,1,96483
32880775965312,0,96483
32880775969752,1,96483
32880775982158,0,96485
32880775989397,1,96485
32880776050831,0,96485
32880776056605,1,96485
32880776113317,0,96485
32880776119015,1,96485
32880776174403,0,96485
32880776179559,1,96485
32880776189773,0,96485
32880776194429,1,96485
32880776250088,0,96485
32880776255081,1,96485
32880776265425,0,96485
32880776279687,1,96485
32880776336790,0,96485
32880776342586,1,96485
32880776398126,0,96485
32880776403108,1,96485
32880776413397,0,96485
32880776418086,1,96485
32880776473561,0,96485
32880776478760,1,96485
32880776488746,0,96484
32880776497364,1,96484
32880776534777,0,96485
32880776540845,1,96485
32880776560935,0,96484
32880776575805,1,96484
32880776597372,0,96485
32880776602843,1,96485
32880776611037,0,96486
32880776618114,1,96486
32880776633646,0,96484
32880776638737,1,96484
32880776652522,0,96483
32880776662420,1,96483
32880776678886,0,96486
32880776683759,1,96486
32880776694222,0,96486
32880776699411,1,96486
32880776726361,0,96483
32880776731821,1,96483
32880776755840,0,96486
32880776761550,1,96486
32880776773478,0,96485
32880776780609,1,96485
32880776790671,0,96483
32880776797042,1,96483
32880776841554,0,96485
32880776847253,1,96485
32880776854992,0,96483
32880776860647,1,96483
32880776880641,0,96484
32880776890713,1,96484
32880776904464,0,96485
32880776910076,1,96485
32880776923089,0,96486
32880776929255,1,96486
32880776953254,0,96484
32880776960070,1,96484
32880776969436,0,96483
32880776979183,1,96483
32880776996962,0,96486
32880777004462,1,96486
32880777021633,0,96486
32880777029274,1,96486
32880777051059,0,96484
32880777061360,1,96484
32880777096373,0,96486
32880777102734,1,96486
32880777113121,0,96486
32880777117246,1,96486
32880777131334,0,96486
32880777135752,1,96486
32880777147995,0,96486
32880777151414,1,96486
32880777162561,0,96483
32880777171678,1,96483
32880777206357,0,96486
32880777211567,1,96486
32880777221520,0,96484
32880777231375,1,96484
32880777256480,0,96485
32880777264881,1,96485
32880777294621,0,96484
32880777300103,1,96484
32880777328562,0,96485
32880777335118,1,96485
32880777347698,0,96483
32880777356196,1,96483
32880777369601,0,96486
32880777377600,1,96486
32880777420289,0,96483
32880777424837,1,96483
32880777436678,0,96485
32880777442887,1,96485
32880777455586,0,96484
32880777464128,1,96484
32880777503984,0,96485
32880777510149,1,96485
32880777522599,0,96483
32880777530718,1,96483
32880777591901,0,96483
32880777597155,1,96483
32880777607466,0,96485
32880777614868,1,96485
32880777675607,0,96485
32880777680980,1,96485
32880777690032,0,96484
32880777698661,1,96484
32880777760333,0,96484
32880777766867,1,96484
32880777823503,0,96484
32880777828985,1,96484
32880777840697,0,96483
32880777847893,1,96483
32880777909283,0,96483
32880777915046,1,96483
32880777925357,0,96485
32880777931794,1,96485
32880777993466,0,96485
32880777999599,1,96485
32880778055768,0,96485
32880778060978,1,96485
32880778116149,0,96485
32880778121055,1,96485
32880778131453,0,96485
32880778136370,1,96485
32880778193863,0,96485
32880778199811,1,96485
32880778255937,0,96485
32880778261646,1,96485
32880778272827,0,96484
32880778281869,1,96484
32880778344898,0,96484
32880778351877,1,96484
32880778363187,0,96484
32880778368093,1,96484
32880778426313,0,96484
32880778431762,1,96484
32880778442105,0,96486
32880778451971,1,96486
32880778515011,0,96486
32880778519906,1,96486
32880778530369,0,96486
32880778535731,1,96486
32880778592020,0,96486
32880778597273,1,96486
32880778607595,0,96486
32880778611980,1,96486
32880778667748,0,96486
32880778673522,1,96486
32880778683855,0,96486
32880778687394,1,96486
32880778742879,0,96486
32880778749348,1,96486
32880778763415,0,96485
32880778772543,1,96485
32880778835355,0,96485
32880778841336,1,96485
32880778853927,0,96483
32880778863858,1,96483
32880778927701,0,96483
32880778934029,1,96483
32880778991186,0,96483
32880778996711,1,96483
32880779052728,0,96483
32880779058166,1,96483
32880779069747,0,96485
32880779076466,1,96485
32880779164394,0,96485
32880779171905,1,96485
32880779186612,0,96485
32880779190237,1,96485
32880779200321,0,96485
32880779205237,1,96485
32880779216254,0,96484
32880779224395,1,96484
32880779286252,0,96484
32880779291841,1,96484
32880779347316,0,96484
32880779352841,1,96484
32880779363326,0,96484
32880779369002,1,96484
32880779425584,0,96484
32880779431283,1,96484
32880779443048,0,96485
32880779450483,1,96485
32880779511830,0,96485
32880779517311,1,96485
32880779528664,0,96486
32880779537391,1,96486
32880779599584,0,96486
32880779605674,1,96486
32880779618351,0,96483
32880779626394,1,96483
32880779688327,0,96483
32880779693504,1,96483
32880779704423,0,96484
32880779714344,1,96484
32880779777188,0,96484
32880779783125,1,96484
32880779796649,0,96485
32880779807330,1,96485
32880779870239,0,96485
32880779876003,1,96485
32880779932574,0,96485
32880779937339,1,96485
32880779949734,0,96483
32880779956789,1,96483
32880780034471,0,96484
32880780042167,1,96484
32880780104599,0,96484
32880780110601,1,96484
32880780166618,0,96484
32880780171915,1,96484
32880780183333,0,96484
32880780188630,1,96484
32880780261167,0,96484
32880780269948,1,96484
32880780285317,0,96484
32880780292970,1,96484
32880780309609,0,96484
32880780317174,1,96484
32880780389993,0,96484
32880780395388,1,96484
32880780463659,0,96484
32880780470975,1,96484
32880780487885,0,96485
32880780500226,1,96485
32880780580361,0,96485
32880780586103,1,96485
32880780600214,0,96483
32880780610633,1,96483
32880780688174,0,96483
32880780695902,1,96483
32880780757857,0,96483
32880780826204,1,96483
32880780900001,0,96483
32880780905113,1,96483
32880780913861,0,96485
32880780921198,1,96485
32880780983022,0,96485
32880780989253,1,96485
32880781000899,0,96486
32880781010624,1,96486
32880781074923,0,96486
32880781079113,1,96486
32880781135488,0,96486
32880781142163,1,96486
32880781152562,0,96486
32880781156339,1,96486
32880781212400,0,96486
32880781217262,1,96486
32880781229538,0,96485
32880781236083,1,96485
32880781297875,0,96485
32880781303106,1,96485
32880781358733,0,96485
32880781364833,1,96485
32880781377098,0,96483
32880781386367,1,96483
32880781448571,0,96483
32880781453825,1,96483
32880781509810,0,96483
32880781514889,1,96483
32880781525135,0,96483
32880781528956,1,96483
32880781584290,0,96483
32880781590346,1,96483
32880781600679,0,96483
32880781605259,1,96483
32880781660485,0,96483
32880781666020,1,96483
32880781721582,0,96483
32880781726173,1,96483
32880781781116,0,96483
32880781786923,1,96483
32880781798102,0,96483
32880781801912,1,96483
32880781857495,0,96483
32880781862162,1,96483
32880781917225,0,96483
32880781923162,1,96483
32880781977638,0,96483
32880781981534,1,96483
32880781991857,0,96483
32880781995580,1,96483
32880782050403,0,96483
32880782055689,1,96483
32880782110534,0,96483
32880782115256,1,96483
32880782169829,0,96483
32880782175180,1,96483
32880782185427,0,96483
32880782189367,1,96483
32880782244331,0,96483
32880782248944,1,96483
32880782303963,0,96483
32880782308576,1,96483
32880782363714,0,96483
32880782368935,1,96483
32880782379973,0,96483
32880782383718,1,96483
32880782438986,0,96483
32880782443447,1,96483
32880782498564,0,96483
32880782503882,1,96483
32880782558272,0,96483
32880782562114,1,96483
32880782572382,0,96483
32880782575909,1,96483
32880782630690,0,96483
32880782635639,1,96483
32880782690918,0,96483
32880782695933,1,96483
32880782750376,0,96483
32880782755565,1,96483
32880782766429,0,96483
32880782770500,1,96483
32880782825649,0,96483
32880782831076,1,96483
32880782885856,0,96483
32880782891185,1,96483
32880782945455,0,96483
32880782950068,1,96483
32880782960434,0,96483
32880782964374,1,96483
32880783019045,0,96483
32880783023908,1,96483
32880783079013,0,96483
32880783084516,1,96483
32880783139503,0,96483
32880783143888,1,96483
32880783154231,0,96483
32880783157509,1,96483
32880783212235,0,96483
32880783216522,1,96483
32880783284707,0,96483
32880783291263,1,96483
32880783346542,0,96483
32880783351557,1,96483
32880783361857,0,96483
32880783367078,1,96483
32880783422542,0,96483
32880783428826,1,96483
32880783486276,0,96483
32880783490965,1,96483
32880783545713,0,96483
32880783550988,1,96483
32880783561223,0,96483
32880783564664,1,96483
32880783619672,0,96483
32880783624480,1,96483
32880783679445,0,96483
32880783684394,1,96483
32880783738534,0,96483
32880783743038,1,96483
32880783753208,0,96483
32880783756996,1,96483
32880783811733,0,96483
32880783816064,1,96483
32880783871028,0,96483
32880783875251,1,96483
32880783930487,0,96483
32880783935230,1,96483
32880783945519,0,96483
32880783949622,1,96483
32880784004272,0,96483
32880784009449,1,96483
32880784064967,0,96483
32880784070611,1,96483
32880784125283,0,96483
32880784130493,1,96483
32880784140739,0,96483
32880784144788,1,96483
32880784199904,0,96483
32880784204875,1,96483
32880784260263,0,96483
32880784265473,1,96483
32880784319949,0,96483
32880784326472,1,96483
32880784336762,0,96483
32880784340876,1,96483
32880784396090,0,96483
32880784401625,1,96483
32880784457534,0,96483
32880784463406,1,96483
32880784518284,0,96483
32880784524558,1,96483
32880784534988,0,96483
32880784539308,1,96483
32880784594653,0,96483
32880784599439,1,96483
32880784654165,0,96483
32880784660297,1,96483
32880784715208,0,96483
32880784720266,1,96483
32880784730675,0,96483
32880784735233,1,96483
32880784791066,0,96483
32880784795777,1,96483
32880784850915,0,96483
32880784855593,1,96483
32880784910525,0,96483
32880784915182,1,96483
32880784925439,0,96483
32880784928217,1,96483
32880784983258,0,96483
32880784987925,1,96483
32880785042846,0,96483
32880785047882,1,96483
32880785102760,0,96483
32880785107764,1,96483
32880785118129,0,96483
32880785122362,1,96483
32880785177555,0,96483
32880785183481,1,96483
32880785244698,0,96483
32880785251091,1,96483
32880785306761,0,96483
32880785311699,1,96483
32880785322097,0,96483
32880785326634,1,96483
32880785382120,0,96483
32880785387276,1,96483
32880785397044,0,96486
32880785406737,1,96486
32880785471307,0,96486
32880785475834,1,96486
32880785488555,0,96484
32880785498107,1,96484
32880785560441,0,96484
32880785565586,1,96484
32880785577730,0,96485
32880785587152,1,96485
32880785649757,0,96485
32880785656031,1,96485
32880785668872,0,96483
32880785676708,1,96483
32880785740367,0,96483
32880785746988,1,96483
32880785803646,0,96483
32880785809159,1,96483
32880785820143,0,96484
32880785829185,1,96484
32880785891856,0,96484
32880785898129,1,96484
32880785908419,0,96485
32880785915170,1,96485
32880785976972,0,96485
32880785983159,1,96485
32880786039524,0,96485
32880786044918,1,96485
32880786056847,0,96483
32880786064152,1,96483
32880786125292,0,96483
32880786130329,1,96483
32880786186889,0,96483
32880786191979,1,96483
32880786248214,0,96483
32880786254108,1,96483
32880786264495,0,96483
32880786268598,1,96483
32880786323692,0,96483
32880786329749,1,96483
32880786341959,0,96484
32880786352130,1,96484
32880786415680,0,96484
32880786420879,1,96484
32880786476777,0,96484
32880786482301,1,96484
32880786492482,0,96484
32880786496390,1,96484
32880786552006,0,96484
32880786557552,1,96484
32880786569958,0,96483
32880786578283,1,96483
32880786639207,0,96483
32880786644189,1,96483
32880786700456,0,96483
32880786706534,1,96483
32880786716824,0,96483
32880786720970,1,96483
32880786776488,0,96483
32880786782805,1,96483
32880786839333,0,96483
32880786843956,1,96483
32880786899789,0,96483
32880786904977,1,96483
32880786917731,0,96485
32880786926609,1,96485
32880786989052,0,96485
32880786994642,1,96485
32880787051365,0,96485
32880787057845,1,96485
32880787113960,0,96485
32880787119300,1,96485
32880787129644,0,96485
32880787134485,1,96485
32880787190383,0,96485
32880787194952,1,96485
32880787204017,0,96484
32880787214447,1,96484
32880787279951,0,96484
32880787286387,1,96484
32880787343317,0,96484
32880787349634,1,96484
32880787360650,0,96484
32880787364113,1,96484
32880787419837,0,96484
32880787426046,1,96484
32880787436433,0,96484
32880787440460,1,96484
32880787496900,0,96484
32880787501329,1,96484
32880787556814,0,96484
32880787561406,1,96484
32880787571619,0,96484
32880787575472,1,96484
32880787630915,0,96484
32880787635538,1,96484
32880787647531,0,96485
32880787655183,1,96485
32880787717159,0,96485
32880787723726,1,96485
32880787779873,0,96485
32880787785409,1,96485
32880787799432,0,96483
32880787807790,1,96483
32880787870493,0,96483
32880787875779,1,96483
32880787885244,0,96484
32880787894654,1,96484
32880787957813,0,96484
32880787963523,1,96484
32880788018976,0,96484
32880788023643,1,96484
32880788033889,0,96484
32880788038166,1,96484
32880788093814,0,96484
32880788099751,1,96484
32880788111191,0,96483
32880788117888,1,96483
32880788179202,0,96483
32880788185780,1,96483
32880788242231,0,96483
32880788246822,1,96483
32880788257069,0,96483
32880788260694,1,96483
32880788316147,0,96483
32880788320999,1,96483
32880788332048,0,96484
32880788338853,1,96484
32880788400200,0,96484
32880788405866,1,96484
32880788461981,0,96484
32880788469253,1,96484
32880788482647,0,96485
32880788491265,1,96485
32880788554348,0,96485
32880788560036,1,96485
32880788573615,0,96483
32880788581831,1,96483
32880788644784,0,96483
32880788651090,1,96483
32880788707824,0,96483
32880788712480,1,96483
32880788768530,0,96483
32880788773545,1,96483
32880788783824,0,96483
32880788788513,1,96483
32880788844638,0,96483
32880788849805,1,96483
32880788905790,0,96483
32880788911705,1,96483
32880788968841,0,96483
32880788974040,1,96483
32880788986369,0,96485
32880788996138,1,96485
32880789058733,0,96485
32880789063205,1,96485
32880789119418,0,96485
32880789124378,1,96485
32880789179332,0,96485
32880789184693,1,96485
32880789194994,0,96485
32880789199487,1,96485
32880789210374,0,96483
32880789219980,1,96483
32880789283410,0,96483
32880789288458,1,96483
32880789344757,0,96483
32880789351563,1,96483
32880789361157,0,96484
32880789369580,1,96484
32880789431882,0,96484
32880789437287,1,96484
32880789448337,0,96484
32880789452505,1,96484
32880789508262,0,96484
32880789513537,1,96484
32880789526171,0,96486
32880789534094,1,96486
32880789597720,0,96486
32880789604080,1,96486
32880789617909,0,96483
32880789626635,1,96483
32880789689491,0,96483
32880789694353,1,96483
32880789704686,0,96483
32880789708594,1,96483
32880789764492,0,96483
32880789770212,1,96483
32880789780762,0,96484
32880789787534,1,96484
32880789848469,0,96484
32880789854981,1,96484
32880789910966,0,96484
32880789916241,1,96484
32880789927236,0,96484
32880789931252,1,96484
32880789986966,0,96484
32880789991687,1,96484
32880790002595,0,96484
32880790005927,1,96484
32880790017031,0,96483
32880790025302,1,96483
32880790087072,0,96483
32880790093498,1,96483
32880790150655,0,96483
32880790155192,1,96483
32880790165601,0,96483
32880790169975,1,96483
32880790226209,0,96483
32880790230725,1,96483
32880790241633,0,96484
32880790247808,1,96484
32880790309448,0,96484
32880790316351,1,96484
32880790372857,0,96484
32880790378545,1,96484
32880790393013,0,96485
32880790400795,1,96485
32880790465670,0,96485
32880790473170,1,96485
32880790484100,0,96483
32880790493033,1,96483
32880790555486,0,96483
32880790561413,1,96483
32880790617810,0,96483
32880790622835,1,96483
32880790678353,0,96483
32880790684030,1,96483
32880790694276,0,96483
32880790697782,1,96483
32880790706628,0,96485
32880790716668,1,96485
32880790779871,0,96485
32880790785461,1,96485
32880790795794,0,96485
32880790799983,1,96485
32880790809969,0,96485
32880790813822,1,96485
32880790823840,0,96485
32880790827422,1,96485
32880790837343,0,96485
32880790840664,1,96485
32880790850606,0,96485
32880790853949,1,96485
32880790863891,0,96485
32880790867560,1,96485
32880790877470,0,96485
32880790880932,1,96485
32880790890147,0,96486
32880790896508,1,96486
32880790957995,0,96486
32880790963824,1,96486
32880790976633,0,96484
32880790984589,1,96484
32880791047857,0,96484
32880791054109,1,96484
32880791068044,0,96483
32880791076413,1,96483
32880791139116,0,96483
32880791144272,1,96483
32880791156124,0,96485
32880791162560,1,96485
32880791223658,0,96485
32880791230582,1,96485
32880791287023,0,96485
32880791292678,1,96485
32880791349043,0,96485
32880791353884,1,96485
32880791365845,0,96483
32880791373085,1,96483
32880791434442,0,96483
32880791439348,1,96483
32880791496788,0,96483
32880791502041,1,96483
32880791557874,0,96483
32880791563518,1,96483
32880791573916,0,96483
32880791577726,1,96483
32880791633168,0,96483
32880791637813,1,96483
32880791693147,0,96483
32880791698183,1,96483
32880791754635,0,96483
32880791759736,1,96483
32880791770178,0,96483
32880791775464,1,96483
32880791831416,0,96483
32880791836148,1,96483
32880791891851,0,96483
32880791898146,1,96483
32880791908555,0,96483
32880791912973,1,96483
32880791968252,0,96483
32880791974233,1,96483
32880791984544,0,96483
32880791988940,1,96483
32880792044729,0,96483
32880792049852,1,96483
32880792105978,0,96483
32880792110993,1,96483
32880792166684,0,96483
32880792172253,1,96483
32880792182640,0,96483
32880792186916,1,96483
32880792242630,0,96483
32880792247688,1,96483
32880792304042,0,96483
32880792309425,1,96483
32880792365019,0,96483
32880792371011,1,96483
32880792381409,0,96483
32880792385414,1,96483
32880792440780,0,96483
32880792446663,1,96483
32880792502203,0,96483
32880792506175,1,96483
32880792516195,0,96484
32880792525247,1,96484
32880792588873,0,96484
32880792594647,1,96484
32880792605749,0,96485
32880792615605,1,96485
32880792680099,0,96485
32880792685548,1,96485
32880792741880,0,96485
32880792747014,1,96485
32880792757271,0,96485
32880792762264,1,96485
32880792818520,0,96485
32880792823448,1,96485
32880792833727,0,96485
32880792838567,1,96485
32880792894976,0,96485
32880792901303,1,96485
32880792957006,0,96485
32880792962400,1,96485
32880792972712,0,96485
32880792976804,1,96485
32880793032420,0,96485
32880793037673,1,96485
32880793047365,0,96484
32880793054985,1,96484
32880793093647,0,96485
32880793099269,1,96485
32880793118275,0,96484
32880793123267,1,96484
32880793135077,0,96483
32880793144596,1,96483
32880793155037,0,96485
32880793158988,1,96485
32880793167606,0,96486
32880793173814,1,96486
32880793207549,0,96483
32880793212911,1,96483
32880793227348,0,96484
32880793236128,1,96484
32880793253233,0,96485
32880793260147,1,96485
32880793299125,0,96484
32880793305844,1,96484
32880793315470,0,96483
32880793321613,1,96483
32880793382678,0,96483
32880793387237,1,96483
32880793443037,0,96483
32880793448627,1,96483
32880793460132,0,96485
32880793467035,1,96485
32880793527708,0,96485
32880793533439,1,96485
32880793589533,0,96485
32880793594515,1,96485
32880793650044,0,96485
32880793656057,1,96485
32880793666368,0,96485
32880793670080,1,96485
32880793725327,0,96485
32880793730190,1,96485
32880793740457,0,96485
32880793743963,1,96485
32880793753689,0,96486
32880793762014,1,96486
32880793799340,0,96485
32880793804507,1,96485
32880793824305,0,96486
32880793831240,1,96486
32880793841628,0,96486
32880793846154,1,96486
32880793859721,0,96485
32880793864953,1,96485
32880793873474,0,96484
32880793881094,1,96484
32880793903072,0,96486
32880793908195,1,96486
32880793918582,0,96486
32880793922674,1,96486
32880793937349,0,96486
32880793941506,1,96486
32880793964929,0,96485
32880793973644,1,96485
32880793996319,0,96486
32880794002017,1,96486
32880794012383,0,96486
32880794016355,1,96486
32880794033385,0,96486
32880794036511,1,96486
32880794045910,0,96483
32880794054821,1,96483
32880794117438,0,96483
32880794122984,1,96483
32880794179968,0,96483
32880794184516,1,96483
32880794194751,0,96486
32880794202316,1,96486
32880794241977,0,96483
32880794249108,1,96483
32880794261601,0,96485
32880794269763,1,96485
32880794291809,0,96484
32880794302825,1,96484
32880794332596,0,96485
32880794338121,1,96485
32880794373181,0,96484
32880794378836,1,96484
32880794391686,0,96483
32880794399294,1,96483
32880794462985,0,96483
32880794469910,1,96483
32880794526611,0,96483
32880794531604,1,96483
32880794544162,0,96485
32880794552346,1,96485
32880794613280,0,96485
32880794619673,1,96485
32880794675691,0,96485
32880794682333,1,96485
32880794740098,0,96485
32880794744690,1,96485
32880794755066,0,96485
32880794759668,1,96485
32880794815577,0,96485
32880794821330,1,96485
32880794876728,0,96485
32880794882470,1,96485
32880794937641,0,96485
32880794944132,1,96485
32880794954508,0,96485
32880794959403,1,96485
32880795015171,0,96485
32880795019122,1,96485
32880795074195,0,96485
32880795079383,1,96485
32880795089010,0,96484
32880795098855,1,96484
32880795161645,0,96484
32880795166660,1,96484
32880795178480,0,96483
32880795196823,1,96483
32880795261502,0,96483
32880795267060,1,96483
32880795324282,0,96483
32880795329720,1,96483
32880795340921,0,96485
32880795348627,1,96485
32880795413534,0,96485
32880795419634,1,96485
32880795476042,0,96485
32880795482663,1,96485
32880795538127,0,96485
32880795543651,1,96485
32880795555765,0,96483
32880795562983,1,96483
32880795624536,0,96483
32880795629941,1,96483
32880795686425,0,96483
32880795692699,1,96483
32880795749280,0,96483
32880795753698,1,96483
32880795764085,0,96483
32880795767743,1,96483
32880795835125,0,96484
32880795843993,1,96484
32880795907543,0,96484
32880795913676,1,96484
32880795970551,0,96484
32880795975923,1,96484
32880795986951,0,96484
32880795990446,1,96484
32880796047223,0,96484
32880796052900,1,96484
32880796064230,0,96483
32880796070124,1,96483
32880796131460,0,96483
32880796137332,1,96483
32880796193024,0,96483
32880796199135,1,96483
32880796213277,0,96485
32880796222242,1,96485
32880796285217,0,96485
32880796290991,1,96485
32880796348051,0,96485
32880796353988,1,96485
32880796410179,0,96485
32880796416778,1,96485
32880796427426,0,96483
32880796433939,1,96483
32880796494363,0,96483
32880796500246,1,96483
32880796509949,0,96484
32880796519891,1,96484
32880796583550,0,96484
32880796588521,1,96484
32880796644766,0,96484
32880796649368,1,96484
32880796662176,0,96485
32880796668916,1,96485
32880796729937,0,96485
32880796735050,1,96485
32880796746837,0,96483
32880796753404,1,96483
32880796814056,0,96483
32880796818886,1,96483
32880796874610,0,96483
32880796879549,1,96483
32880796935273,0,96483
32880796941949,1,96483
32880796952292,0,96483
32880796955950,1,96483
32880797011837,0,96483
32880797018154,1,96483
32880797074682,0,96483
32880797080141,1,96483
32880797089509,0,96484
32880797097737,1,96484
32880797159366,0,96484
32880797164782,1,96484
32880797176828,0,96485
32880797184177,1,96485
32880797246923,0,96485
32880797252730,1,96485
32880797309128,0,96485
32880797314283,1,96485
32880797324605,0,96485
32880797327612,1,96485
32880797383097,0,96485
32880797388492,1,96485
32880797399684,0,96484
32880797407792,1,96484
32880797468954,0,96484
32880797475510,1,96484
32880797532612,0,96484
32880797537779,1,96484
32880797551671,0,96483
32880797559768,1,96483
32880797622103,0,96483
32880797627964,1,96483
32880797641032,0,96485
32880797649346,1,96485
32880797712711,0,96485
32880797718030,1,96485
32880797774655,0,96485
32880797779973,1,96485
32880797836067,0,96485
32880797842058,1,96485
32880797853542,0,96483
32880797859349,1,96483
32880797920164,0,96483
32880797925341,1,96483
32880797934979,0,96486
32880797952584,1,96486
32880797981510,0,96483
32880797988739,1,96483
32880797998442,0,96484
32880798007223,1,96484
32880798039022,0,96485
32880798047781,1,96485
32880798070111,0,96484
32880798074930,1,96484
32880798085198,0,96484
32880798088845,1,96484
32880798111603,0,96485
32880798117258,1,96485
32880798132283,0,96486
32880798141162,1,96486
32880798167309,0,96483
32880798175938,1,96483
32880798203800,0,96486
32880798209781,1,96486
32880798220059,0,96486
32880798223370,1,96486
32880798237512,0,96486
32880798241887,1,96486
32880798253337,0,96484
32880798262020,1,96484
32880798324811,0,96484
32880798332061,1,96484
32880798342383,0,96485
32880798350980,1,96485
32880798413444,0,96485
32880798418220,1,96485
32880798474541,0,96485
32880798479534,1,96485
32880798493764,0,96483
32880798502480,1,96483
32880798566290,0,96483
32880798570893,1,96483
32880798580335,0,96484
32880798589561,1,96484
32880798627789,0,96483
32880798633455,1,96483
32880798653339,0,96484
32880798659667,1,96484
32880798669674,0,96485
32880798676501,1,96485
32880798689711,0,96483
32880798694726,1,96483
32880798704820,0,96486
32880798714273,1,96486
32880798737740,0,96485
32880798744209,1,96485
32880798777997,0,96486
32880798783316,1,96486
32880798795841,0,96483
32880798802289,1,96483
32880798813316,0,96484
32880798819817,1,96484
32880798863212,0,96483
32880798868118,1,96483
32880798881218,0,96484
32880798887080,1,96484
32880798897890,0,96485
32880798904403,1,96485
32880798924526,0,96483
32880798929964,1,96483
32880798938571,0,96486
32880798944931,1,96486
32880798965521,0,96485
32880798980825,1,96485
32880799006311,0,96486
32880799011976,1,96486
32880799024459,0,96483
32880799032654,1,96483
32880799048849,0,96484
32880799058064,1,96484
32880799093620,0,96483
32880799097593,1,96483
32880799110379,0,96486
32880799117010,1,96486
32880799137318,0,96485
32880799144645,1,96485
32880799177988,0,96486
32880799183719,1,96486
32880799196918,0,96483
32880799203745,1,96483
32880799215761,0,96484
32880799223337,1,96484
32880799264972,0,96483
32880799271658,1,96483
32880799285498,0,96484
32880799290176,1,96484
32880799300639,0,96484
32880799304384,1,96484
32880799318017,0,96484
32880799321685,1,96484
32880799328978,0,96483
32880799334080,1,96483
32880799376368,0,96484
32880799382175,1,96484
32880799390390,0,96483
32880799395415,1,96483
32880799452019,0,96483
32880799457055,1,96483
32880799467334,0,96483
32880799470785,1,96483
32880799527335,0,96483
32880799533196,1,96483
32880799545873,0,96484
32880799554567,1,96484
32880799617520,0,96484
32880799623132,1,96484
32880799679681,0,96484
32880799685303,1,96484
32880799695625,0,96484
32880799699457,1,96484
32880799755290,0,96484
32880799759989,1,96484
32880799772624,0,96483
32880799779809,1,96483
32880799840309,0,96483
32880799846485,1,96483
32880799902850,0,96483
32880799908201,1,96483
32880799918523,0,96483
32880799923516,1,96483
32880799978947,0,96483
32880799984700,1,96483
32880800050214,0,96486
32880800056900,1,96486
32880800119061,0,96486
32880800124369,1,96486
32880800138620,0,96485
32880800146380,1,96485
32880800208704,0,96485
32880800214088,1,96485
32880800269617,0,96485
32880800275174,1,96485
32880800285485,0,96485
32880800289121,1,96485
32880800298119,0,96483
32880800306553,1,96483
32880800369907,0,96483
32880800376463,1,96483
32880800433164,0,96483
32880800438060,1,96483
32880800449261,0,96484
32880800457814,1,96484
32880800520854,0,96484
32880800525553,1,96484
32880800539371,0,96485
32880800546762,1,96485
32880800609335,0,96485
32880800615435,1,96485
32880800672364,0,96485
32880800678812,1,96485
32880800693172,0,96483
32880800702669,1,96483
32880800765850,0,96483
32880800772069,1,96483
32880800783173,0,96483
32880800788329,1,96483
32880800799270,0,96483
32880800804892,1,96483
32880800819925,0,96483
32880800827067,1,96483
32880800842392,0,96483
32880800847765,1,96483
32880800908406,0,96483
32880800913291,1,96483
32880800923634,0,96483
32880800928519,1,96483
32880800985687,0,96483
32880800991852,1,96483
32880801004084,0,96485
32880801012007,1,96485
32880801074320,0,96485
32880801081321,1,96485
32880801091112,0,96484
32880801100762,1,96484
32880801163899,0,96484
32880801169739,1,96484
32880801179235,0,96486
32880801189253,1,96486
32880801251750,0,96486
32880801257329,1,96486
32880801267716,0,96486
32880801271341,1,96486
32880801327033,0,96486
32880801333144,1,96486
32880801344280,0,96486
32880801347612,1,96486
32880801403695,0,96486
32880801408742,1,96486
32880801419053,0,96486
32880801424176,1,96486
32880801479705,0,96486
32880801485404,1,96486
32880801496301,0,96486
32880801500578,1,96486
32880801558071,0,96486
32880801564106,1,96486
32880801576034,0,96485
32880801584609,1,96485
32880801647703,0,96485
32880801652946,1,96485
32880801662607,0,96484
32880801670520,1,96484
32880801733234,0,96484
32880801739269,1,96484
32880801749689,0,96484
32880801753379,1,96484
32880801810211,0,96484
32880801815768,1,96484
32880801825481,0,96486
32880801833111,1,96486
32880801893980,0,96486
32880801900145,1,96486
32880801910543,0,96485
32880801918250,1,96485
32880801979390,0,96485
32880801985512,1,96485
32880801999568,0,96483
32880802007535,1,96483
32880802070423,0,96483
32880802075872,1,96483
32880802086215,0,96483
32880802091252,1,96483
32880802148040,0,96483
32880802153119,1,96483
32880802162801,0,96486
32880802170160,1,96486
32880802231062,0,96486
32880802237140,1,96486
32880802248070,0,96485
32880802255657,1,96485
32880802316580,0,96485
32880802322148,1,96485
32880802335793,0,96484
32880802344997,1,96484
32880802407701,0,96484
32880802413062,1,96484
32880802423461,0,96484
32880802426934,1,96484
32880802483342,0,96484
32880802488932,1,96484
32880802498656,0,96486
32880802505418,1,96486
32880802565994,0,96486
32880802572029,1,96486
32880802582752,0,96485
32880802590024,1,96485
32880802651176,0,96485
32880802657254,1,96485
32880802670540,0,96483
32880802679733,1,96483
32880802742588,0,96483
32880802748699,1,96483
32880802759054,0,96483
32880802764079,1,96483
32880802835921,0,96486
32880802841837,1,96486
32880802902587,0,96486
32880802908469,1,96486
32880802919182,0,96485
32880802926932,1,96485
32880802987823,0,96485
32880802994303,1,96485
32880803007101,0,96484
32880803016131,1,96484
32880803078564,0,96484
32880803083817,1,96484
32880803094248,0,96484
32880803097471,1,96484
32880803153955,0,96484
32880803160283,1,96484
32880803168661,0,96486
32880803176042,1,96486
32880803236379,0,96486
32880803241893,1,96486
32880803253225,0,96485
32880803259802,1,96485
32880803320335,0,96485
32880803326597,1,96485
32880803339557,0,96483
32880803349532,1,96483
32880803412789,0,96483
32880803417543,1,96483
32880803427909,0,96483
32880803432088,1,96483
32880803487910,0,96483
32880803493196,1,96483
32880803503561,0,96483
32880803507251,1,96483
32880803563562,0,96483
32880803568500,1,96483
32880803577835,0,96485
32880803585964,1,96485
32880803648244,0,96485
32880803653845,1,96485
32880803666611,0,96484
32880803675837,1,96484
32880803738659,0,96484
32880803744455,1,96484
32880803753083,0,96486
32880803759367,1,96486
32880803800679,0,96484
32880803807734,1,96484
32880803817740,0,96483
32880803825881,1,96483
32880803837570,0,96485
32880803843801,1,96485
32880803887260,0,96483
32880803891298,1,96483
32880803901739,0,96483
32880803907177,1,96483
32880803920419,0,96486
32880803927843,1,96486
32880803988875,0,96486
32880803994324,1,96486
32880804005210,0,96486
32880804009411,1,96486
32880804065211,0,96486
32880804070236,1,96486
32880804082285,0,96483
32880804088048,1,96483
32880804148852,0,96483
32880804154008,1,96483
32880804165361,0,96485
32880804172383,1,96485
32880804233849,0,96485
32880804239331,1,96485
32880804252129,0,96484
32880804261713,1,96484
32880804324905,0,96484
32880804329974,1,96484
32880804339426,0,96486
32880804348022,1,96486
32880804408370,0,96486
32880804413027,1,96486
32880804423392,0,96486
32880804426844,1,96486
32880804436146,0,96483
32880804445469,1,96483
32880804483002,0,96486
32880804488408,1,96486
32880804499392,0,96486
32880804503397,1,96486
32880804510224,0,96483
32880804515955,1,96483
32880804527048,0,96483
32880804530858,1,96483
32880804543980,0,96483
32880804548799,1,96483
32880804560261,0,96486
32880804565048,1,96486
32880804593812,0,96485
32880804605307,1,96485
32880804620609,0,96486
32880804625852,1,96486
32880804636163,0,96486
32880804639658,1,96486
32880804653388,0,96486
32880804656460,1,96486
32880804683596,0,96485
32880804689848,1,96485
32880804700420,0,96485
32880804705098,1,96485
32880804712087,0,96486
32880804716732,1,96486
32880804731212,0,96483
32880804740188,1,96483
32880804762657,0,96485
32880804768388,1,96485
32880804782259,0,96484
32880804790942,1,96484
32880804804216,0,96483
32880804809643,1,96483
32880804818477,0,96486
32880804824925,1,96486
32880804853950,0,96484
32880804858834,1,96484
32880804869145,0,96484
32880804873367,1,96484
32880804886586,0,96486
32880804892371,1,96486
32880804903692,0,96483
32880804911822,1,96483
32880804948269,0,96486
32880804953425,1,96486
32880804963866,0,96486
32880804969608,1,96486
32880804990611,0,96485
32880804999511,1,96485
32880805025691,0,96486
32880805032149,1,96486
32880805043558,0,96484
32880805051525,1,96484
32880805062562,0,96485
32880805067316,1,96485
32880805078474,0,96483
32880805084693,1,96483
32880805115682,0,96484
32880805121283,1,96484
32880805132136,0,96486
32880805139907,1,96486
32880805165143,0,96485
32880805172708,1,96485
32880805203273,0,96486
32880805208526,1,96486
32880805220565,0,96484
32880805227858,1,96484
32880805249576,0,96483
32880805255394,1,96483
32880805289987,0,96484
32880805295718,1,96484
32880805303694,0,96486
32880805311498,1,96486
32880805332479,0,96485
32880805339089,1,96485
32880805372573,0,96486
32880805378000,1,96486
32880805390429,0,96484
32880805406124,1,96484
32880805468328,0,96484
32880805473690,1,96484
32880805487517,0,96486
32880805497025,1,96486
32880805560901,0,96486
32880805568032,1,96486
32880805576368,0,96485
32880805584172,1,96485
32880805644520,0,96485
32880805651347,1,96485
32880805661832,0,96485
32880805666467,1,96485
32880805723450,0,96485
32880805727694,1,96485
32880805738081,0,96485
32880805742010,1,96485
32880805799059,0,96485
32880805804811,1,96485
32880805814070,0,96486
32880805821212,1,96486
32880805882884,0,96486
32880805888854,1,96486
32880805901857,0,96483
32880805910301,1,96483
32880805973211,0,96483
32880805979778,1,96483
32880805990208,0,96483
32880805994626,1,96483
32880806051067,0,96483
32880806056504,1,96483
32880806066783,0,96483
32880806070864,1,96483
32880806127858,0,96483
32880806133503,1,96483
32880806142425,0,96486
32880806148828,1,96486
32880806210088,0,96486
32880806215591,1,96486
32880806226174,0,96486
32880806229658,1,96486
32880806286142,0,96486
32880806290646,1,96486
32880806302510,0,96485
32880806310097,1,96485
32880806371118,0,96485
32880806376360,1,96485
32880806390417,0,96483
32880806397797,1,96483
32880806462585,0,96483
32880806468913,1,96483
32880806479019,0,96484
32880806487800,1,96484
32880806551426,0,96484
32880806559034,1,96484
32880806615475,0,96484
32880806620707,1,96484
32880806630964,0,96484
32880806636239,1,96484
32880806692701,0,96484
32880806696858,1,96484
32880806709817,0,96483
32880806717371,1,96483
32880806779011,0,96483
32880806784351,1,96483
32880806792871,0,96486
32880806799742,1,96486
32880806860893,0,96486
32880806866939,1,96486
32880806877250,0,96486
32880806881049,1,96486
32880806937001,0,96486
32880806943155,1,96486
32880806954119,0,96484
32880806961001,1,96484
32880807022380,0,96484
32880807028133,1,96484
32880807038476,0,96484
32880807042210,1,96484
32880807097674,0,96484
32880807102982,1,96484
32880807113467,0,96484
32880807119132,1,96484
32880807175790,0,96484
32880807180761,1,96484
32880807191180,0,96486
32880807197421,1,96486
32880807258594,0,96486
32880807265247,1,96486
32880807275635,0,96486
32880807279433,1,96486
32880807335939,0,96486
32880807341095,1,96486
32880807354087,0,96485
32880807362955,1,96485
32880807426462,0,96485
32880807432789,1,96485
32880807489056,0,96485
32880807494570,1,96485
32880807508985,0,96483
32880807516821,1,96483
32880807580458,0,96483
32880807586406,1,96483
32880807594503,0,96486
32880807603360,1,96486
32880807664587,0,96486
32880807670568,1,96486
32880807681747,0,96486
32880807684949,1,96486
32880807741151,0,96486
32880807745666,1,96486
32880807756661,0,96486
32880807760601,1,96486
32880807816586,0,96486
32880807821948,1,96486
32880807833541,0,96483
32880807840769,1,96483
32880807901356,0,96483
32880807906186,1,96483
32880807916465,0,96483
32880807920231,1,96483
32880807975880,0,96483
32880807980655,1,96483
32880807990912,0,96483
32880807994440,1,96483
32880808050512,0,96483
32880808055700,1,96483
32880808066271,0,96486
32880808072881,1,96486
32880808134206,0,96486
32880808140241,1,96486
32880808151303,0,96484
32880808161419,1,96484
32880808223417,0,96484
32880808229538,1,96484
32880808244005,0,96485
32880808252612,1,96485
32880808314448,0,96485
32880808319332,1,96485
32880808330327,0,96485
32880808334614,1,96485
32880808390838,0,96485
32880808396102,1,96485
32880808407184,0,96486
32880808414272,1,96486
32880808475271,0,96486
32880808481013,1,96486
32880808493181,0,96484
32880808499477,1,96484
32880808561638,0,96484
32880808568139,1,96484
32880808580783,0,96483
32880808589510,1,96483
32880808651583,0,96483
32880808656153,1,96483
32880808664695,0,96485
32880808671337,1,96485
32880808731490,0,96485
32880808736982,1,96485
32880808746631,0,96486
32880808752601,1,96486
32880808813329,0,96486
32880808818865,1,96486
32880808830153,0,96486
32880808835222,1,96486
32880808891500,0,96486
32880808896731,1,96486
32880808908942,0,96483
32880808915259,1,96483
32880808975141,0,96483
32880808981859,1,96483
32880809038029,0,96483
32880809043304,1,96483
32880809054472,0,96483
32880809058608,1,96483
32880809115081,0,96483
32880809120519,1,96483
32880809130385,0,96486
32880809137245,1,96486
32880809197669,0,96486
32880809204094,1,96486
32880809260633,0,96486
32880809267026,1,96486
32880809280367,0,96484
32880809289386,1,96484
32880809351710,0,96484
32880809357093,1,96484
32880809370746,0,96483
32880809378985,1,96483
32880809439745,0,96483
32880809445216,1,96483
32880809460096,0,96485
32880809469301,1,96485
32880809532807,0,96485
32880809539363,1,96485
32880809547764,0,96486
32880809555210,1,96486
32880809615938,0,96486
32880809621853,1,96486
32880809632057,0,96484
32880809639210,1,96484
32880809700850,0,96484
32880809707742,1,96484
32880809718227,0,96484
32880809723014,1,96484
32880809779867,0,96484
32880809785294,1,96484
32880809794019,0,96485
32880809801704,1,96485
32880809864624,0,96485
32880809870605,1,96485
32880809879809,0,96486
32880809886973,1,96486
32880809948395,0,96486
32880809953714,1,96486
32880809965914,0,96483
32880809973468,1,96483
32880810056512,0,96483
32880810062211,1,96483
32880810118141,0,96483
32880810124849,1,96483
32880810133846,0,96485
32880810141357,1,96485
32880810180953,0,96483
32880810186087,1,96483
32880810196496,0,96486
32880810204517,1,96486
32880810218498,0,96484
32880810226465,1,96484
32880810266460,0,96486
32880810271974,1,96486
32880810283219,0,96483
32880810289916,1,96483
32880810309442,0,96485
32880810316823,1,96485
32880810351111,0,96483
32880810356701,1,96483
32880810367609,0,96486
32880810374023,1,96486
32880810395527,0,96484
32880810402473,1,96484
32880810431626,0,96486
32880810437150,1,96486
32880810451716,0,96486
32880810455265,1,96486
32880810463972,0,96484
32880810468704,1,96484
32880810487437,0,96485
32880810580348,1,96485
32880810664412,0,96485
32880810672346,1,96485
32880810690949,0,96484
32880810701716,1,96484
32880810767231,0,96484
32880810772658,1,96484
32880810783392,0,96486
32880810793150,1,96486
32880810867435,0,96486
32880810874804,1,96486
32880810890127,0,96483
32880810900786,1,96483
32880810964488,0,96483
32880810969274,1,96483
32880810980566,0,96485
32880810990389,1,96485
32880811052039,0,96485
32880811057683,1,96485
32880811067962,0,96485
32880811072195,1,96485
32880811128679,0,96485
32880811135354,1,96485
32880811147467,0,96486
32880811155011,1,96486
32880811218420,0,96486
32880811224129,1,96486
32880811234440,0,96486
32880811237653,1,96486
32880811293833,0,96486
32880811299206,1,96486
32880811309528,0,96486
32880811314586,1,96486
32880811370777,0,96486
32880811376020,1,96486
32880811387080,0,96486
32880811390032,1,96486
32880811399323,0,96485
32880811408625,1,96485
32880811445887,0,96486
32880811451455,1,96486
32880811464165,0,96483
32880811473999,1,96483
32880811490324,0,96484
32880811499539,1,96484
32880811536833,0,96483
32880811542021,1,96483
32880811551778,0,96486
32880811559148,1,96486
32880811578718,0,96485
32880811585480,1,96485
32880811620484,0,96486
32880811627268,1,96486
32880811638632,0,96483
32880811646284,1,96483
32880811666765,0,96484
32880811676121,1,96484
32880811708174,0,96483
32880811714263,1,96483
32880811722685,0,96486
32880811729968,1,96486
32880811754140,0,96485
32880811762324,1,96485
32880811791141,0,96486
32880811796568,1,96486
32880811807911,0,96483
32880811815661,1,96483
32880811845608,0,96484
32880811854432,1,96484
32880811876519,0,96483
32880811882261,1,96483
32880811891269,0,96486
32880811898509,1,96486
32880811917201,0,96484
32880811922845,1,96484
32880811932471,0,96485
32880811939396,1,96485
32880811959573,0,96486
32880811964913,1,96486
32880811975105,0,96486
32880811981021,1,96486
32880812000428,0,96485
32880812006245,1,96485
32880812016643,0,96485
32880812022179,1,96485
32880812037288,0,96486
32880812042954,1,96486
32880812054720,0,96483
32880812061037,1,96483
32880812099199,0,96486
32880812104322,1,96486
32880812115512,0,96486
32880812120809,1,96486
32880812138327,0,96484
32880812147108,1,96484
32880812177272,0,96486
32880812183306,1,96486
32880812195897,0,96485
32880812204179,1,96485
32880812224682,0,96483
32880812231509,1,96483
32880812266502,0,96485
32880812271755,1,96485
32880812282588,0,96486
32880812289849,1,96486
32880812312058,0,96484
32880812321783,1,96484
32880812351142,0,96486
32880812356688,1,96486
32880812368758,0,96485
32880812406551,1,96485
32880812427271,0,96485
32880812432015,1,96485
32880812442120,0,96485
32880812445680,1,96485
32880812501133,0,96485
32880812506571,1,96485
32880812517251,0,96483
32880812525110,1,96483
32880812586945,0,96483
32880812592263,1,96483
32880812603444,0,96484
32880812610097,1,96484
32880812672323,0,96484
32880812678901,1,96484
32880812736362,0,96484
32880812742516,1,96484
32880812753336,0,96485
32880812760608,1,96485
32880812821141,0,96485
32880812827675,1,96485
32880812837986,0,96485
32880812842165,1,96485
32880812898313,0,96485
32880812904250,1,96485
32880812912705,0,96486
32880812919206,1,96486
32880812980282,0,96486
32880812986154,1,96486
32880812998550,0,96484
32880813005247,1,96484
32880813067028,0,96484
32880813072455,1,96484
32880813086174,0,96483
32880813094433,1,96483
32880813156714,0,96483
32880813161837,1,96483
32880813172940,0,96485
32880813181504,1,96485
32880813243654,0,96485
32880813250025,1,96485
32880813257894,0,96486
32880813265199,1,96486
32880813325938,0,96486
32880813331506,1,96486
32880813342839,0,96484
32880813349753,1,96484
32880813411034,0,96484
32880813416668,1,96484
32880813427325,0,96483
32880813435618,1,96483
32880813497778,0,96483
32880813502467,1,96483
32880813512855,0,96483
32880813516143,1,96483
32880813572313,0,96483
32880813577295,1,96483
32880813587247,0,96486
32880813593781,1,96486
32880813655128,0,96486
32880813660230,1,96486
32880813670573,0,96486
32880813673938,1,96486
32880813730021,0,96486
32880813735589,1,96486
32880813745824,0,96486
32880813749428,1,96486
32880813806433,0,96486
32880813811675,1,96486
32880813824125,0,96483
32880813831093,1,96483
32880813893580,0,96483
32880813898562,1,96483
32880813911586,0,96484
32880813921528,1,96484
32880813985393,0,96484
32880813991167,1,96484
32880814001631,0,96484
32880814006797,1,96484
32880814065170,0,96484
32880814071780,1,96484
32880814080745,0,96486
32880814088018,1,96486
32880814149267,0,96486
32880814154943,1,96486
32880814165298,0,96486
32880814168836,1,96486
32880814224235,0,96486
32880814228826,1,96486
32880814239170,0,96486
32880814243577,1,96486
32880814299106,0,96486
32880814305477,1,96486
32880814316483,0,96486
32880814319848,1,96486
32880814375409,0,96486
32880814382323,1,96486
32880814395804,0,96483
32880814404346,1,96483
32880814466659,0,96483
32880814472737,1,96483
32880814483548,0,96485
32880814494043,1,96485
32880814556649,0,96485
32880814563053,1,96485
32880814573387,0,96484
32880814583123,1,96484
32880814646706,0,96484
32880814651905,1,96484
32880814660967,0,96486
32880814668120,1,96486
32880814728782,0,96486
32880814734101,1,96486
32880814744466,0,96486
32880814748048,1,96486
32880814804641,0,96486
32880814809189,1,96486
32880814821595,0,96485
32880814828520,1,96485
32880814889042,0,96485
32880814894251,1,96485
32880814904606,0,96485
32880814910652,1,96485
32880814966572,0,96485
32880814972476,1,96485
32880814987769,0,96483
32880814996073,1,96483
32880815060231,0,96483
32880815065983,1,96483
32880815074721,0,96486
32880815080571,1,96486
32880815141310,0,96486
32880815147627,1,96486
32880815158112,0,96486
32880815162073,1,96486
32880815218243,0,96486
32880815223420,1,96486
32880815235729,0,96485
32880815241948,1,96485
32880815302415,0,96485
32880815307387,1,96485
32880815317676,0,96485
32880815321280,1,96485
32880815376928,0,96485
32880815383223,1,96485
32880815393535,0,96485
32880815396975,1,96485
32880815453503,0,96485
32880815459082,1,96485
32880815468698,0,96486
32880815476036,1,96486
32880815536883,0,96486
32880815542028,1,96486
32880815554260,0,96483
32880815561999,1,96483
32880815625495,0,96483
32880815631975,1,96483
32880815642351,0,96483
32880815646606,1,96483
32880815702938,0,96483
32880815707627,1,96483
32880815717884,0,96483
32880815731180,1,96483
32880815788945,0,96483
32880815794394,1,96483
32880815803674,0,96486
32880815810165,1,96486
32880815870589,0,96486
32880815875842,1,96486
32880815886078,0,96486
32880815890549,1,96486
32880815947099,0,96486
32880815952536,1,96486
32880815962598,0,96485
32880815969794,1,96485
32880816031402,0,96485
32880816036872,1,96485
32880816047194,0,96485
32880816050895,1,96485
32880816106316,0,96485
32880816111526,1,96485
32880816124812,0,96484
32880816134787,1,96484
32880816198815,0,96484
32880816205208,1,96484
32880816213618,0,96486
32880816221628,1,96486
32880816263027,0,96484
32880816268389,1,96484
32880816279123,0,96484
32880816283031,1,96484
32880816302447,0,96485
32880816312216,1,96485
32880816339721,0,96484
32880816345387,1,96484
32880816355742,0,96484
32880816360789,1,96484
32880816375288,0,96485
32880816381953,1,96485
32880816390169,0,96486
32880816397376,1,96486
32880816417153,0,96484
32880816422287,1,96484
32880816432501,0,96484
32880816437005,1,96484
32880816458582,0,96486
32880816464964,1,96486
32880816475340,0,96486
32880816479150,1,96486
32880816493034,0,96484
32880816498841,1,96484
32880816511962,0,96483
32880816521166,1,96483
32880816535439,0,96486
32880816540681,1,96486
32880816550993,0,96486
32880816555128,1,96486
32880816584434,0,96483
32880816590816,1,96483
32880816599023,0,96484
32880816606490,1,96484
32880816625007,0,96484
32880816630608,1,96484
32880816687537,0,96484
32880816693192,1,96484
32880816705532,0,96485
32880816714975,1,96485
32880816777124,0,96485
32880816782595,1,96485
32880816791463,0,96486
32880816798344,1,96486
32880816859181,0,96486
32880816864260,1,96486
32880816875886,0,96484
32880816883592,1,96484
32880816944993,0,96484
32880816950019,1,96484
32880816961512,0,96485
32880816967785,1,96485
32880817028807,0,96485
32880817034798,1,96485
32880817043590,0,96486
32880817051600,1,96486
32880817112740,0,96486
32880817117614,1,96486
32880817129381,0,96484
32880817136816,1,96484
32880817198119,0,96484
32880817204415,1,96484
32880817214735,0,96485
32880817221020,1,96485
32880817281791,0,96485
32880817288054,1,96485
32880817296857,0,96486
32880817304737,1,96486
32880817359604,0,96483
32880817365747,1,96483
32880817382116,0,96484
32880817388986,1,96484
32880817426106,0,96483
32880817431978,1,96483
32880817441746,0,96485
32880817449550,1,96485
32880817465082,0,96486
32880817481982,1,96486
32880817511320,0,96485
32880817517019,1,96485
32880817528524,0,96483
32880817535612,1,96483
32880817545738,0,96486
32880817551817,1,96486
32880817560045,0,96484
32880817566959,1,96484
32880817596666,0,96483
32880817603015,1,96483
32880817613543,0,96485
32880817619589,1,96485
32880817630119,0,96484
32880817636284,1,96484
32880817645747,0,96486
32880817652075,1,96486
32880817680132,0,96485
32880817686276,1,96485
32880817699594,0,96483
32880817706280,1,96483
32880817730192,0,96484
32880817737964,1,96484
32880817768115,0,96483
32880817774714,1,96483
32880817783517,0,96485
32880817790159,1,96485
32880817800939,0,96484
32880817806442,1,96484
32880817823515,0,96484
32880817827802,1,96484
32880817842747,0,96486
32880817848174,1,96486
32880817869122,0,96483
32880817876546,1,96483
32880817908630,0,96486
32880817914079,1,96486
32880817925662,0,96484
32880817933444,1,96484
32880817958787,0,96485
32880817968468,1,96485
32880817994758,0,96484
32880818000945,1,96484
32880818009583,0,96486
32880818018234,1,96486
32880818032257,0,96485
32880818038531,1,96485
32880818048061,0,96483
32880818054617,1,96483
32880818079114,0,96486
32880818085811,1,96486
32880818097003,0,96484
32880818104047,1,96484
32880818115725,0,96483
32880818120522,1,96483
32880818131387,0,96483
32880818134546,1,96483
32880818148167,0,96483
32880818153540,1,96483
32880818165415,0,96484
32880818170386,1,96484
32880818180774,0,96484
32880818184073,1,96484
32880818200300,0,96484
32880818203393,1,96484
32880818209764,0,96483
32880818215050,1,96483
32880818228562,0,96485
32880818237376,1,96485
32880818271208,0,96483
32880818276863,1,96483
32880818289594,0,96486
32880818297746,1,96486
32880818316904,0,96484
32880818324784,1,96484
32880818360493,0,96486
32880818365551,1,96486
32880818378207,0,96483
32880818385685,1,96483
32880818403116,0,96485
32880818409726,1,96485
32880818447672,0,96483
32880818453175,1,96483
32880818463486,0,96483
32880818467850,1,96483
32880818487236,0,96484
32880818494324,1,96484
32880818523900,0,96483
32880818529001,1,96483
32880818542926,0,96486
32880818551349,1,96486
32880818572113,0,96485
32880818579949,1,96485
32880818614215,0,96486
32880818621368,1,96486
32880818630214,0,96483
32880818636260,1,96483
32880818657307,0,96484
32880818665458,1,96484
32880818697281,0,96483
32880818703859,1,96483
32880818714159,0,96486
32880818720541,1,96486
32880818743497,0,96485
32880818751214,1,96485
32880818781660,0,96486
32880818787423,1,96486
32880818797734,0,96486
32880818803270,1,96486
32880818813071,0,96485
32880818818965,1,96485
32880818828409,0,96484
32880818835736,1,96484
32880818860297,0,96486
32880818865442,1,96486
32880818878076,0,96483
32880818884328,1,96483
32880818897082,0,96484
32880818902791,1,96484
32880818914285,0,96485
32880818920428,1,96485
32880818945164,0,96483
32880818951015,1,96483
32880818961521,0,96486
32880818968500,1,96486
32880818980939,0,96485
32880818986312,1,96485
32880818996645,0,96485
32880819001909,1,96485
32880819029510,0,96486
32880819035100,1,96486
32880819047811,0,96483
32880819054801,1,96483
32880819075511,0,96484
32880819082566,1,96484
32880819115941,0,96483
32880819122464,1,96483
32880819130203,0,96486
32880819138484,1,96486
32880819160333,0,96485
32880819167215,1,96485
32880819199994,0,96486
32880819205627,1,96486
32880819217024,0,96483
32880819223265,1,96483
32880819244876,0,96484
32880819251335,1,96484
32880819284156,0,96483
32880819288682,1,96483
32880819301229,0,96486
32880819307785,1,96486
32880819329525,0,96485
32880819336906,1,96485
32880819368448,0,96486
32880819374222,1,96486
32880819385467,0,96483
32880819392533,1,96483
32880819414361,0,96484
32880819420841,1,96484
32880819453825,0,96483
32880819459339,1,96483
32880819469194,0,96486
32880819476684,1,96486
32880819498468,0,96485
32880819505110,1,96485
32880819537705,0,96486
32880819542480,1,96486
32880819552727,0,96486
32880819557546,1,96486
32880819565610,0,96485
32880819570766,1,96485
32880819582251,0,96484
32880819588101,1,96484
32880819613987,0,96486
32880819619001,1,96486
32880819629443,0,96486
32880819634631,1,96486
32880819650837,0,96484
32880819656785,1,96484
32880819667551,0,96485
32880819674856,1,96485
32880819690854,0,96486
32880819695413,1,96486
32880819705811,0,96486
32880819710316,1,96486
32880819735757,0,96485
32880819740425,1,96485
32880819750834,0,96485
32880819754404,1,96485
32880819766268,0,96486
32880819771641,1,96486
32880819783808,0,96483
32880819791417,1,96483
32880819810422,0,96485
32880819815675,1,96485
32880819825932,0,96485
32880819829720,1,96485
32880819853111,0,96483
32880819858462,1,96483
32880819867416,0,96486
32880819875079,1,96486
32880819885640,0,96485
32880819891447,1,96485
32880819903507,0,96484
32880819909270,1,96484
32880819936252,0,96486
32880819942233,1,96486
32880819955290,0,96483
32880819963116,1,96483
32880819991564,0,96485
32880820000812,1,96485
32880820115734,0,96485
32880820123125,1,96485
32880820131050,0,96484
32880820138127,1,96484
32880820199354,0,96484
32880820204521,1,96484
32880820213029,0,96486
32880820220692,1,96486
32880820282288,0,96486
32880820286358,1,96486
32880820298135,0,96483
32880820304116,1,96483
32880820364920,0,96483
32880820370694,1,96483
32880820380929,0,96483
32880820384023,1,96483
32880820440214,0,96483
32880820446411,1,96483
32880820457038,0,96484
32880820463388,1,96484
32880820524778,0,96484
32880820529793,1,96484
32880820539766,0,96486
32880820546550,1,96486
32880820607625,0,96486
32880820613562,1,96486
32880820669981,0,96486
32880820675745,1,96486
32880820685958,0,96486
32880820690040,1,96486
32880820746133,0,96486
32880820751256,1,96486
32880820761589,0,96486
32880820765203,1,96486
32880820821666,0,96486
32880820828200,1,96486
32880820840226,0,96485
32880820849571,1,96485
32880820913197,0,96485
32880820917235,1,96485
32880820927687,0,96483
32880820937521,1,96483
32880820999736,0,96483
32880821005261,1,96483
32880821015442,0,96483
32880821019697,1,96483
32880821076604,0,96483
32880821081966,1,96483
32880821092190,0,96486
32880821100288,1,96486
32880821161732,0,96486
32880821167561,1,96486
32880821179022,0,96485
32880821186327,1,96485
32880821247240,0,96485
32880821252634,1,96485
32880821262880,0,96485
32880821266874,1,96485
32880821322566,0,96485
32880821328471,1,96485
32880821339618,0,96485
32880821344101,1,96485
32880821401117,0,96485
32880821406771,1,96485
32880821415845,0,96486
32880821421848,1,96486
32880821482543,0,96486
32880821488089,1,96486
32880821499292,0,96484
32880821508420,1,96484
32880821570798,0,96484
32880821576236,1,96484
32880821586558,0,96484
32880821590325,1,96484
32880821646147,0,96484
32880821650879,1,96484
32880821661114,0,96484
32880821666237,1,96484
32880821722819,0,96484
32880821727562,1,96484
32880821738415,0,96486
32880821744406,1,96486
32880821805970,0,96486
32880821810377,1,96486
32880821821014,0,96486
32880821824845,1,96486
32880821880559,0,96486
32880821887071,1,96486
32880821896905,0,96485
32880821904568,1,96485
32880821966164,0,96485
32880821971993,1,96485
32880821982490,0,96484
32880821990022,1,96484
32880822051358,0,96484
32880822056253,1,96484
32880822068572,0,96483
32880822076842,1,96483
32880822140696,0,96483
32880822146937,1,96483
32880822155219,0,96486
32880822161959,1,96486
32880822223317,0,96486
32880822229796,1,96486
32880822239858,0,96485
32880822246761,1,96485
32880822307478,0,96485
32880822313057,1,96485
32880822323325,0,96485
32880822328644,1,96485
32880822384889,0,96485
32880822390956,1,96485
32880822402028,0,96483
32880822408736,1,96483
32880822469594,0,96483
32880822474684,1,96483
32880822484778,0,96486
32880822492105,1,96486
32880822553397,0,96486
32880822558802,1,96486
32880822572794,0,96484
32880822582921,1,96484
32880822645983,0,96484
32880822652094,1,96484
32880822662371,0,96485
32880822669296,1,96485
32880822729980,0,96485
32880822736612,1,96485
32880822746707,0,96483
32880822754533,1,96483
32880822816335,0,96483
32880822820970,1,96483
32880822830456,0,96486
32880822836968,1,96486
32880822898022,0,96486
32880822903655,1,96486
32880822913901,0,96486
32880822918362,1,96486
32880822973935,0,96486
32880822980425,1,96486
32880822991334,0,96486
32880822995719,1,96486
32880823051769,0,96486
32880823057966,1,96486
32880823068951,0,96483
32880823075724,1,96483
32880823136842,0,96483
32880823141879,1,96483
32880823155849,0,96484
32880823165585,1,96484
32880823228147,0,96484
32880823232369,1,96484
32880823243330,0,96485
32880823250125,1,96485
32880823312101,0,96485
32880823317702,1,96485
32880823327015,0,96486
32880823332865,1,96486
32880823393919,0,96486
32880823399508,1,96486
32880823410146,0,96483
32880823417917,1,96483
32880823479101,0,96483
32880823485516,1,96483
32880823495654,0,96484
32880823502829,1,96484
32880823563383,0,96484
32880823568843,1,96484
32880823582897,0,96485
32880823590864,1,96485
32880823654838,0,96485
32880823661274,1,96485
32880823669252,0,96486
32880823676600,1,96486
32880823737577,0,96486
32880823744144,1,96486
32880823753794,0,96483
32880823761348,1,96483
32880823822564,0,96483
32880823828469,1,96483
32880823839150,0,96484
32880823845826,1,96484
32880823906554,0,96484
32880823912914,1,96484
32880823927294,0,96485
32880823934914,1,96485
32880823998236,0,96485
32880824013464,1,96485
32880824071109,0,96485
32880824078284,1,96485
32880824087868,0,96483
32880824095596,1,96483
32880824156021,0,96483
32880824161068,1,96483
32880824172910,0,96484
32880824180367,1,96484
32880824242441,0,96484
32880824248964,1,96484
32880824305394,0,96484
32880824310137,1,96484
32880824320449,0,96484
32880824325235,1,96484
32880824334362,0,96485
32880824342220,1,96485
32880824404001,0,96485
32880824409993,1,96485
32880824420293,0,96485
32880824425991,1,96485
32880824482541,0,96485
32880824488109,1,96485
32880824502067,0,96486
32880824511618,1,96486
32880824575537,0,96486
32880824580020,1,96486
32880824590255,0,96486
32880824595400,1,96486
32880824651505,0,96486
32880824656856,1,96486
32880824667275,0,96486
32880824671780,1,96486
32880824744176,0,96486
32880824750525,1,96486
32880824805750,0,96486
32880824811514,1,96486
32880824821749,0,96486
32880824825526,1,96486
32880824880751,0,96486
32880824885549,1,96486
32880824898921,0,96483
32880824908212,1,96483
32880824971990,0,96483
32880824976625,1,96483
32880824990767,0,96485
32880825000818,1,96485
32880825063923,0,96485
32880825069459,1,96485
32880825082549,0,96484
32880825091178,1,96484
32880825154055,0,96484
32880825160828,1,96484
32880825174927,0,96486
32880825183968,1,96486
32880825246596,0,96486
32880825252142,1,96486
32880825263116,0,96483
32880825269227,1,96483
32880825330248,0,96483
32880825335360,1,96483
32880825347104,0,96485
32880825354235,1,96485
32880825415278,0,96485
32880825421063,1,96485
32880825435153,0,96484
32880825445562,1,96484
32880825508439,0,96484
32880825514463,1,96484
32880825522417,0,96486
32880825529657,1,96486
32880825590624,0,96486
32880825595953,1,96486
32880825607350,0,96483
32880825614297,1,96483
32880825674873,0,96483
32880825680669,1,96483
32880825691967,0,96485
32880825699305,1,96485
32880825759447,0,96485
32880825764461,1,96485
32880825774870,0,96485
32880825778691,1,96485
32880825834990,0,96485
32880825840059,1,96485
32880825850197,0,96486
32880825856525,1,96486
32880825918924,0,96486
32880825924926,1,96486
32880825934001,0,96483
32880825939938,1,96483
32880826001024,0,96483
32880826007254,1,96483
32880826020291,0,96484
32880826028985,1,96484
32880826091971,0,96484
32880826098700,1,96484
32880826107946,0,96485
32880826114100,1,96485
32880826174828,0,96485
32880826180190,1,96485
32880826189579,0,96486
32880826196547,1,96486
32880826257514,0,96486
32880826264428,1,96486
32880826274316,0,96483
32880826282663,1,96483
32880826344140,0,96483
32880826349350,1,96483
32880826360769,0,96484
32880826368313,1,96484
32880826430105,0,96484
32880826437203,1,96484
32880826449391,0,96485
32880826458334,1,96485
32880826520777,0,96485
32880826527192,1,96485
32880826535843,0,96486
32880826542952,1,96486
32880826603724,0,96486
32880826609411,1,96486
32880826619972,0,96483
32880826627874,1,96483
32880826688526,0,96483
32880826693823,1,96483
32880826705166,0,96484
32880826711939,1,96484
32880826772494,0,96484
32880826778865,1,96484
32880826789317,0,96484
32880826793572,1,96484
32880826850165,0,96484
32880826856384,1,96484
32880826865207,0,96486
32880826872577,1,96486
32880826933674,0,96486
32880826939806,1,96486
32880826950085,0,96483
32880826956478,1,96483
32880827016924,0,96483
32880827021635,1,96483
32880827035137,0,96485
32880827044254,1,96485
32880827107012,0,96485
32880827112352,1,96485
32880827126484,0,96484
32880827134353,1,96484
32880827196481,0,96484
32880827202603,1,96484
32880827259044,0,96484
32880827265523,1,96484
32880827278516,0,96483
32880827288089,1,96483
32880827351444,0,96483
32880827357609,1,96483
32880827367421,0,96485
32880827373857,1,96485
32880827435595,0,96485
32880827442367,1,96485
32880827450660,0,96486
32880827458735,1,96486
32880827499492,0,96485
32880827505472,1,96485
32880827516175,0,96485
32880827520408,1,96485
32880827534246,0,96485
32880827538697,1,96485
32880827592597,0,96485
32880827598795,1,96485
32880827610985,0,96484
32880827620689,1,96484
32880827683968,0,96484
32880827690621,1,96484
32880827700671,0,96483
32880827708725,1,96483
32880827771580,0,96483
32880827777039,1,96483
32880827785560,0,96486
32880827791866,1,96486
32880827853527,0,96486
32880827859063,1,96486
32880827870318,0,96485
32880827876103,1,96485
32880827936875,0,96485
32880827941705,1,96485
32880827952092,0,96485
32880827955587,1,96485
32880828011800,0,96485
32880828017216,1,96485
32880828028732,0,96483
32880828035712,1,96483
32880828095919,0,96483
32880828101921,1,96483
32880828111081,0,96486
32880828117974,1,96486
32880828179668,0,96486
32880828186137,1,96486
32880828224383,0,96484
32880828232860,1,96484
32880828295205,0,96484
32880828310716,1,96484
32880828368546,0,96484
32880828374624,1,96484
32880828383376,0,96483
32880828391114,1,96483
32880828431282,0,96484
32880828436741,1,96484
32880828447566,0,96486
32880828454436,1,96486
32880828472269,0,96485
32880828480692,1,96485
32880828516923,0,96486
32880828522545,1,96486
32880828536460,0,96484
32880828545501,1,96484
32880828565404,0,96483
32880828575205,1,96483
32880828608986,0,96484
32880828613751,1,96484
32880828623064,0,96486
32880828631041,1,96486
32880828656982,0,96485
32880828665709,1,96485
32880828692345,0,96486
32880828697457,1,96486
32880828707703,0,96486
32880828711187,1,96486
32880828728966,0,96485
32880828733666,1,96485
32880828747613,0,96483
32880828756351,1,96483
32880828767867,0,96486
32880828774227,1,96486
32880828785168,0,96486
32880828789770,1,96486
32880828818935,0,96483
32880828825968,1,96483
32880828835009,0,96485
32880828842151,1,96485
32880828866997,0,96484
32880828876071,1,96484
32880828903943,0,96485
32880828909739,1,96485
32880828920897,0,96483
32880828928159,1,96483
32880828939470,0,96484
32880828944918,1,96484
32880828953937,0,96486
32880828961523,1,96486
32880828989397,0,96483
32880828995779,1,96483
32880829006058,0,96483
32880829010421,1,96483
32880829023641,0,96486
32880829028579,1,96486
32880829038945,0,96486
32880829043091,1,96486
32880829067024,0,96483
32880829071301,1,96483
32880829081591,0,96483
32880829085270,1,96483
32880829098826,0,96486
32880829103548,1,96486
32880829113924,0,96486
32880829117832,1,96486
32880829140777,0,96483
32880829146139,1,96483
32880829156364,0,96483
32880829160456,1,96483
32880829173502,0,96486
32880829178766,1,96486
32880829189012,0,96486
32880829192887,1,96486
32880829215952,0,96483
32880829222540,1,96483
32880829237301,0,96485
32880829245019,1,96485
32880829266348,0,96484
32880829273913,1,96484
32880829307896,0,96485
32880829313236,1,96485
32880829324340,0,96485
32880829327574,1,96485
32880829335575,0,96484
32880829340665,1,96484
32880829350183,0,96486
32880829358215,1,96486
32880829383895,0,96485
32880829388769,1,96485
32880829399547,0,96485
32880829403791,1,96485
32880829419496,0,96486
32880829426030,1,96486
32880829437570,0,96484
32880829444473,1,96484
32880829460937,0,96485
32880829467319,1,96485
32880829478325,0,96483
32880829486075,1,96483
32880829505005,0,96484
32880829510139,1,96484
32880829521773,0,96486
32880829528872,1,96486
32880829547226,0,96483
32880829553565,1,96483
32880829565027,0,96485
32880829572386,1,96485
32880829589448,0,96486
32880829595353,1,96486
32880829606729,0,96484
32880829614077,1,96484
32880829633407,0,96485
32880829639203,1,96485
32880829650437,0,96483
32880829657535,1,96483
32880829675695,0,96484
32880829681263,1,96484
32880829690879,0,96486
32880829698650,1,96486
32880829719002,0,96483
32880829724179,1,96483
32880829736878,0,96485
32880829743955,1,96485
32880829759313,0,96486
32880829764577,1,96486
32880829774943,0,96486
32880829778807,1,96486
32880829805062,0,96485
32880829810196,1,96485
32880829821843,0,96483
32880829828985,1,96483
32880829853462,0,96484
32880829861179,1,96484
32880829890408,0,96483
32880829895585,1,96483
32880829907079,0,96485
32880829915078,1,96485
32880829937166,0,96486
32880829943299,1,96486
32880829976002,0,96485
32880829980930,1,96485
32880829992207,0,96483
32880829999740,1,96483
32880830109984,0,96483
32880830115280,1,96483
32880830127133,0,96485
32880830133461,1,96485
32880830194764,0,96485
32880830200169,1,96485
32880830209428,0,96486
32880830216754,1,96486
32880830277591,0,96486
32880830283756,1,96486
32880830292874,0,96484
32880830298963,1,96484
32880830361124,0,96484
32880830366605,1,96484
32880830377057,0,96483
32880830383472,1,96483
32880830444113,0,96483
32880830448964,1,96483
32880830459287,0,96483
32880830463313,1,96483
32880830520666,0,96483
32880830526494,1,96483
32880830535829,0,96486
32880830541744,1,96486
32880830602776,0,96486
32880830608203,1,96486
32880830621597,0,96484
32880830631723,1,96484
32880830694677,0,96484
32880830700809,1,96484
32880830712759,0,96485
32880830721801,1,96485
32880830804085,0,96483
32880830812279,1,96483
32880830875688,0,96483
32880830881463,1,96483
32880830893142,0,96486
32880830901108,1,96486
32880830962358,0,96486
32880830967936,1,96486
32880830978291,0,96486
32880830982199,1,96486
32880831037858,0,96486
32880831043035,1,96486
32880831053477,0,96486
32880831057645,1,96486
32880831113608,0,96486
32880831118058,1,96486
32880831128391,0,96486
32880831131734,1,96486
32880831187209,0,96486
32880831192093,1,96486
32880831205282,0,96484
32880831215040,1,96484
32880831279165,0,96484
32880831285580,1,96484
32880831295151,0,96485
32880831304855,1,96485
32880831367211,0,96485
32880831373202,1,96485
32880831384339,0,96483
32880831392382,1,96483
32880831456496,0,96483
32880831461902,1,96483
32880831469770,0,96486
32880831476717,1,96486
32880831537336,0,96486
32880831542655,1,96486
32880831554313,0,96484
32880831562237,1,96484
32880831623746,0,96484
32880831628783,1,96484
32880831640265,0,96485
32880831646571,1,96485
32880831707256,0,96485
32880831713931,1,96485
32880831724199,0,96485
32880831728660,1,96485
32880831785035,0,96485
32880831790028,1,96485
32880831799905,0,96486
32880831806428,1,96486
32880831866842,0,96486
32880831872214,1,96486
32880831882460,0,96486
32880831885880,1,96486
32880831941083,0,96486
32880831946206,1,96486
32880831956474,0,96486
32880831960012,1,96486
32880832015650,0,96486
32880832022336,1,96486
32880832033255,0,96485
32880832041699,1,96485
32880832103068,0,96485
32880832108516,1,96485
32880832118525,0,96484
32880832126970,1,96484
32880832189651,0,96484
32880832195219,1,96484
32880832206116,0,96483
32880832214267,1,96483
32880832291091,0,96486
32880832298114,1,96486
32880832358896,0,96486
32880832363704,1,96486
32880832375568,0,96485
32880832384446,1,96485
32880832446976,0,96485
32880832453478,1,96485
32880832462955,0,96484
32880832469923,1,96484
32880832545141,0,96484
32880832550362,1,96484
32880832606314,0,96484
32880832613326,1,96484
32880832621649,0,96486
32880832628259,1,96486
32880832669799,0,96484
32880832675671,1,96484
32880832686232,0,96484
32880832690335,1,96484
32880832704031,0,96483
32880832711054,1,96483
32880832746830,0,96484
32880832751953,1,96484
32880832762351,0,96484
32880832767951,1,96484
32880832786185,0,96486
32880832793685,1,96486
32880832824045,0,96484
32880832828994,1,96484
32880832839338,0,96484
32880832843886,1,96484
32880832854272,0,96486
32880832859873,1,96486
32880832870976,0,96483
32880832878325,1,96483
32880832900099,0,96484
32880832905059,1,96484
32880832918723,0,96485
32880832928600,1,96485
32880832939454,0,96483
32880832946607,1,96483
32880832963615,0,96483
32880832967718,1,96483
32880832982164,0,96486
32880832990587,1,96486
32880833007141,0,96484
32880833014673,1,96484
32880833050631,0,96486
32880833055895,1,96486
32880833066837,0,96483
32880833073490,1,96483
32880833092669,0,96485
32880833099311,1,96485
32880833134945,0,96483
32880833140361,1,96483
32880833149685,0,96486
32880833157424,1,96486
32880833176278,0,96484
32880833182899,1,96484
32880833217739,0,96486
32880833223188,1,96486
32880833233608,0,96486
32880833238275,1,96486
32880833244485,0,96484
32880833251247,1,96484
32880833260656,0,96485
32880833266810,1,96485
32880833294488,0,96486
32880833309303,1,96486
32880833327864,0,96485
32880833333595,1,96485
32880833345579,0,96484
32880833351874,1,96484
32880833366819,0,96486
32880833371627,1,96486
32880833381938,0,96486
32880833385650,1,96486
32880833412776,0,96484
32880833419234,1,96484
32880833431183,0,96485
32880833437261,1,96485
32880833458644,0,96483
32880833466752,1,96483
32880833498543,0,96485
32880833503915,1,96485
32880833515270,0,96484
32880833521478,1,96484
32880833542794,0,96486
32880833550132,1,96486
32880833583053,0,96484
32880833589370,1,96484
32880833600689,0,96485
32880833607582,1,96485
32880833627705,0,96483
32880833636768,1,96483
32880833668820,0,96485
32880833673726,1,96485
32880833685591,0,96484
32880833692364,1,96484
32880833714363,0,96486
32880833724957,1,96486
32880833753417,0,96484
32880833759951,1,96484
32880833770283,0,96485
32880833777034,1,96485
32880833789017,0,96486
32880833795030,1,96486
32880833805417,0,96486
32880833810291,1,96486
32880833838468,0,96485
32880833845306,1,96485
32880833854565,0,96484
32880833861946,1,96484
32880833887463,0,96483
32880833897253,1,96483
32880833922880,0,96484
32880833926929,1,96484
32880833937186,0,96484
32880833941875,1,96484
32880833960033,0,96483
32880833965666,1,96483
32880833976715,0,96483
32880833979863,1,96483
32880833997860,0,96484
32880834003113,1,96484
32880834013316,0,96484
32880834017223,1,96484
32880834036032,0,96483
32880834042610,1,96483
32880834056557,0,96486
32880834066553,1,96486
32880834091203,0,96485
32880834097737,1,96485
32880834129072,0,96486
32880834134108,1,96486
32880834145202,0,96483
32880834152083,1,96483
32880834174790,0,96484
32880834181835,1,96484
32880834213365,0,96483
32880834218542,1,96483
32880834227887,0,96486
32880834234443,1,96486
32880834244451,0,96484
32880834250150,1,96484
32880834259407,0,96485
32880834265615,1,96485
32880834295355,0,96486
32880834300902,1,96486
32880834312451,0,96483
32880834319202,1,96483
32880834347878,0,96484
32880834358113,1,96484
32880834380353,0,96483
32880834387158,1,96483
32880834395223,0,96486
32880834402332,1,96486
32880834420936,0,96484
32880834426395,1,96484
32880834437575,0,96485
32880834444196,1,96485
32880834462528,0,96486
32880834467152,1,96486
32880834477376,0,96486
32880834480991,1,96486
32880834505467,0,96485
32880834510991,1,96485
32880834521552,0,96484
32880834530300,1,96484
32880834554907,0,96483
32880834562906,1,96483
32880834592678,0,96484
32880834597725,1,96484
32880834608145,0,96484
32880834611760,1,96484
32880834624144,0,96483
32880834629007,1,96483
32880834638308,0,96486
32880834644300,1,96486
32880834667527,0,96484
32880834672466,1,96484
32880834682799,0,96484
32880834688866,1,96484
32880834705364,0,96486
32880834712713,1,96486
32880834722438,0,96483
32880834729341,1,96483
32880834745057,0,96484
32880834750777,1,96484
32880834763368,0,96485
32880834769750,1,96485
32880834790308,0,96483
32880834794899,1,96483
32880834804483,0,96486
32880834810974,1,96486
32880834830880,0,96485
32880834836111,1,96485
32880834849908,0,96484
32880834858722,1,96484
32880834871116,0,96486
32880834877150,1,96486
32880834887929,0,96483
32880834894235,1,96483
32880834921479,0,96484
32880834928838,1,96484
32880834937433,0,96485
32880834943881,1,96485
32880834955093,0,96483
32880834960553,1,96483
32880834970885,0,96486
32880834977311,1,96486
32880835005618,0,96485
32880835010991,1,96485
32880835023713,0,96484
32880835032212,1,96484
32880835056285,0,96483
32880835064252,1,96483
32880835094731,0,96484
32880835100310,1,96484
32880835110686,0,96484
32880835114680,1,96484
32880835125110,0,96483
32880835131666,1,96483
32880835141597,0,96486
32880835151148,1,96486
32880835214340,0,96486
32880835220484,1,96486
32880835230654,0,96485
32880835239966,1,96485
32880835312601,0,96485
32880835317865,1,96485
32880835373926,0,96485
32880835379223,1,96485
32880835389545,0,96485
32880835393398,1,96485
32880835449264,0,96485
32880835454680,1,96485
32880835465176,0,96486
32880835472209,1,96486
32880835534001,0,96486
32880835539992,1,96486
32880835549262,0,96483
32880835557153,1,96483
32880835618630,0,96483
32880835624317,1,96483
32880835634650,0,96483
32880835639947,1,96483
32880835695888,0,96483
32880835701815,1,96483
32880835712158,0,96483
32880835716066,1,96483
32880835771497,0,96483
32880835776121,1,96483
32880835788668,0,96486
32880835798773,1,96486
32880835861585,0,96486
32880835868010,1,96486
32880835878670,0,96484
32880835888309,1,96484
32880835950947,0,96484
32880835958122,1,96484
32880835968638,0,96485
32880835978081,1,96485
32880836015072,0,96484
32880836020597,1,96484
32880836031233,0,96483
32880836040621,1,96483
32880836054384,0,96486
32880836061624,1,96486
32880836102153,0,96483
32880836108665,1,96483
32880836117849,0,96484
32880836125859,1,96484
32880836138817,0,96485
32880836145829,1,96485
32880836188107,0,96484
32880836194348,1,96484
32880836208424,0,96483
32880836216977,1,96483
32880836280039,0,96483
32880836285357,1,96483
32880836295767,0,96484
32880836303604,1,96484
32880836366166,0,96484
32880836372136,1,96484
32880836382424,0,96485
32880836389023,1,96485
32880836450131,0,96485
32880836457273,1,96485
32880836513746,0,96485
32880836520063,1,96485
32880836530440,0,96485
32880836533978,1,96485
32880836589562,0,96485
32880836594913,1,96485
32880836605311,0,96485
32880836610835,1,96485
32880836666679,0,96485
32880836671824,1,96485
32880836680605,0,96486
32880836688040,1,96486
32880836749452,0,96486
32880836755378,1,96486
32880836768479,0,96483
32880836777216,1,96483
32880836841287,0,96483
32880836848462,1,96483
32880836858827,0,96483
32880836862333,1,96483
32880836917634,0,96483
32880836922779,1,96483
32880836933014,0,96483
32880836936672,1,96483
32880836992451,0,96483
32880836997780,1,96483
32880837007494,0,96486
32880837014712,1,96486
32880837075234,0,96486
32880837081442,1,96486
32880837092524,0,96486
32880837096388,1,96486
32880837152384,0,96486
32880837157746,1,96486
32880837168404,0,96485
32880837176078,1,96485
32880837238250,0,96485
32880837244263,1,96485
32880837258232,0,96483
32880837266590,1,96483
32880837329087,0,96483
32880837335556,1,96483
32880837350469,0,96484
32880837358935,1,96484
32880837421129,0,96484
32880837426458,1,96484
32880837435412,0,96486
32880837442478,1,96486
32880837503380,0,96486
32880837508905,1,96486
32880837521658,0,96485
32880837530005,1,96485
32880837591026,0,96485
32880837596247,1,96485
32880837607937,0,96483
32880837613689,1,96483
32880837674624,0,96483
32880837680224,1,96483
32880837690546,0,96483
32880837694725,1,96483
32880837750406,0,96483
32880837756387,1,96483
32880837765710,0,96486
32880837774393,1,96486
32880837835566,0,96486
32880837841308,1,96486
32880837851934,0,96485
32880837858414,1,96485
32880837919305,0,96485
32880837925253,1,96485
32880837935662,0,96485
32880837940448,1,96485
32880837995728,0,96485
32880838000123,1,96485
32880838010380,0,96485
32880838014331,1,96485
32880838070327,0,96485
32880838076579,1,96485
32880838085609,0,96486
32880838091981,1,96486
32880838153751,0,96486
32880838160274,1,96486
32880838170326,0,96484
32880838179954,1,96484
32880838243656,0,96484
32880838249832,1,96484
32880838260870,0,96484
32880838265646,1,96484
32880838321457,0,96484
32880838327079,1,96484
32880838337423,0,96484
32880838341309,1,96484
32880838397739,0,96484
32880838403220,1,96484
32880838412379,0,96486
32880838419283,1,96486
32880838480239,0,96486
32880838487261,1,96486
32880838501361,0,96483
32880838510489,1,96483
32880838573149,0,96483
32880838578815,1,96483
32880838588930,0,96485
32880838596268,1,96485
32880838657582,0,96485
32880838663508,1,96485
32880838671628,0,96484
32880838679020,1,96484
32880838719710,0,96485
32880838725886,1,96485
32880838735220,0,96486
32880838742026,1,96486
32880838757471,0,96483
32880838764071,1,96483
32880838803351,0,96486
32880838808919,1,96486
32880838819219,0,96486
32880838823224,1,96486
32880838846626,0,96484
32880838856514,1,96484
32880838880902,0,96486
32880838887252,1,96486
32880838897770,0,96485
32880838904890,1,96485
32880838919890,0,96484
32880838924438,1,96484
32880838935824,0,96483
32880838942456,1,96483
32880838966714,0,96485
32880838972499,1,96485
32880838981942,0,96486
32880838988237,1,96486
32880839003726,0,96483
32880839008958,1,96483
32880839019324,0,96483
32880839032739,1,96483
32880839049389,0,96486
32880839054273,1,96486
32880839064639,0,96486
32880839068340,1,96486
32880839090515,0,96483
32880839095443,1,96483
32880839107133,0,96484
32880839117911,1,96484
32880839141984,0,96485
32880839148790,1,96485
32880839181657,0,96484
32880839187106,1,96484
32880839197047,0,96483
32880839203288,1,96483
32880839223910,0,96486
32880839230922,1,96486
32880839264439,0,96483
32880839271255,1,96483
32880839281633,0,96484
32880839288666,1,96484
32880839308853,0,96485
32880839315789,1,96485
32880839350317,0,96484
32880839356265,1,96484
32880839368594,0,96483
32880839375052,1,96483
32880839391018,0,96486
32880839397802,1,96486
32880839435791,0,96483
32880839442770,1,96483
32880839453527,0,96484
32880839461342,1,96484
32880839475267,0,96485
32880839483570,1,96485
32880839521973,0,96484
32880839527899,1,96484
32880839540185,0,96483
32880839546436,1,96483
32880839559200,0,96486
32880839566256,1,96486
32880839607403,0,96483
32880839613981,1,96483
32880839625693,0,96484
32880839632651,1,96484
32880839644382,0,96485
32880839651535,1,96485
32880839693911,0,96484
32880839700380,1,96484
32880839711916,0,96483
32880839718081,1,96483
32880839778571,0,96483
32880839785365,1,96483
32880839797989,0,96484
32880839805761,1,96484
32880839867520,0,96484
32880839873587,1,96484
32880839884104,0,96485
32880839890399,1,96485
32880839951138,0,96485
32880839956174,1,96485
32880839965248,0,96486
32880839971815,1,96486
32880840050723,0,96486
32880840055727,1,96486
32880840111831,0,96486
32880840117106,1,96486
32880840128667,0,96484
32880840136113,1,96484
32880840197318,0,96484
32880840204254,1,96484
32880840213837,0,96485
32880840221424,1,96485
32880840281902,0,96485
32880840288566,1,96485
32880840298932,0,96485
32880840303480,1,96485
32880840359247,0,96485
32880840364045,1,96485
32880840419693,0,96485
32880840424903,1,96485
32880840435128,0,96485
32880840440403,1,96485
32880840495791,0,96485
32880840500556,1,96485
32880840510845,0,96485
32880840514883,1,96485
32880840570206,0,96485
32880840576381,1,96485
32880840584316,0,96486
32880840592945,1,96486
32880840654801,0,96486
32880840660228,1,96486
32880840670519,0,96484
32880840677770,1,96484
32880840739171,0,96484
32880840746193,1,96484
32880840756449,0,96483
32880840764926,1,96483
32880840827174,0,96483
32880840832406,1,96483
32880840843856,0,96485
32880840851671,1,96485
32880840912529,0,96485
32880840918282,1,96485
32880840974202,0,96485
32880840979216,1,96485
32880840990244,0,96485
32880840994216,1,96485
32880841066993,0,96483
32880841074178,1,96483
32880841136176,0,96483
32880841142569,1,96483
32880841151056,0,96486
32880841158915,1,96486
32880841175044,0,96486
32880841179700,1,96486
32880841189859,0,96486
32880841193571,1,96486
32880841200681,0,96483
32880841206369,1,96483
32880841218993,0,96484
32880841228458,1,96484
32880841245173,0,96484
32880841249080,1,96484
32880841259446,0,96484
32880841265361,1,96484
32880841279048,0,96484
32880841283639,1,96484
32880841341220,0,96484
32880841346408,1,96484
32880841357488,0,96486
32880841365162,1,96486
32880841427366,0,96486
32880841432848,1,96486
32880841442399,0,96483
32880841449433,1,96483
32880841510595,0,96483
32880841515414,1,96483
32880841527137,0,96484
32880841534909,1,96484
32880841596429,0,96484
32880841601932,1,96484
32880841611081,0,96486
32880841617995,1,96486
32880841678441,0,96486
32880841684009,1,96486
32880841694450,0,96486
32880841698694,1,96486
32880841754332,0,96486
32880841759552,1,96486
32880841769820,0,96486
32880841772697,1,96486
32880841828117,0,96486
32880841833327,1,96486
32880841843682,0,96486
32880841848859,1,96486
32880841904920,0,96485
32880841910618,1,96485
32880841920985,0,96484
32880841937602,1,96484
32880841968730,0,96485
32880841974081,1,96485
32880841986499,0,96483
32880841993803,1,96483
32880842015088,0,96486
32880842022349,1,96486
32880842057419,0,96483
32880842062455,1,96483
32880842072766,0,96483
32880842076608,1,96483
32880842083555,0,96486
32880842089199,1,96486
32880842099435,0,96484
32880842106078,1,96484
32880842132995,0,96483
32880842138823,1,96483
32880842149026,0,96483
32880842153422,1,96483
32880842167414,0,96484
32880842172971,1,96484
32880842184399,0,96486
32880842190987,1,96486
32880842209581,0,96483
32880842214736,1,96483
32880842225178,0,96483
32880842228966,1,96483
32880842252291,0,96486
32880842256871,1,96486
32880842267204,0,96486
32880842272837,1,96486
32880842284940,0,96483
32880842290367,1,96483
32880842304162,0,96485
32880842312910,1,96485
32880842329419,0,96486
32880842334314,1,96486
32880842345408,0,96484
32880842352170,1,96484
32880842375939,0,96485
32880842382918,1,96485
32880842392221,0,96483
32880842398017,1,96483
32880842414201,0,96484
32880842420181,1,96484
32880842429460,0,96486
32880842436635,1,96486
32880842459678,0,96483
32880842466668,1,96483
32880842477836,0,96485
32880842485033,1,96485
32880842497721,0,96486
32880842502616,1,96486
32880842514654,0,96484
32880842522328,1,96484
32880842546217,0,96485
32880842551557,1,96485
32880842564137,0,96483
32880842570595,1,96483
32880842583577,0,96484
32880842590470,1,96484
32880842607445,0,96484
32880842611657,1,96484
32880842625711,0,96486
32880842632441,1,96486
32880842647929,0,96485
32880842654452,1,96485
32880842692485,0,96486
32880842698965,1,96486
32880842710015,0,96484
32880842717429,1,96484
32880842731549,0,96483
32880842738886,1,96483
32880842778688,0,96484
32880842785266,1,96484
32880842793666,0,96486
32880842801231,1,96486
32880842820670,0,96485
32880842828930,1,96485
32880842862534,0,96486
32880842867766,1,96486
32880842879153,0,96484
32880842886957,1,96484
32880842907763,0,96483
32880842914189,1,96483
32880842948423,0,96484
32880842953090,1,96484
32880842962152,0,96486
32880842967427,1,96486
32880842977337,0,96483
32880842984403,1,96483
32880842992673,0,96485
32880843000619,1,96485
32880843028806,0,96486
32880843035264,1,96486
32880843046597,0,96484
32880843053414,1,96484
32880843063441,0,96485
32880843068521,1,96485
32880843079202,0,96483
32880843085193,1,96483
32880843114619,0,96484
32880843120708,1,96484
32880843130226,0,96486
32880843137498,1,96486
32880843148092,0,96483
32880843152955,1,96483
32880843167260,0,96485
32880843177050,1,96485
32880843198346,0,96486
32880843204000,1,96486
32880843216571,0,96484
32880843223648,1,96484
32880843241023,0,96485
32880843246743,1,96485
32880843257250,0,96483
32880843265044,1,96483
32880843284875,0,96484
32880843290128,1,96484
32880843298213,0,96486
32880843305116,1,96486
32880843326694,0,96483
32880843332447,1,96483
32880843342639,0,96483
32880843346177,1,96483
32880843366018,0,96486
32880843372443,1,96486
32880843384362,0,96484
32880843392318,1,96484
32880843402444,0,96483
32880843407578,1,96483
32880843417965,0,96483
32880843423490,1,96483
32880843453904,0,96484
32880843459646,1,96484
32880843467448,0,96486
32880843476023,1,96486
32880843498078,0,96485
32880843507934,1,96485
32880843536751,0,96486
32880843542384,1,96486
32880843554108,0,96484
32880843560425,1,96484
32880843570887,0,96485
32880843577247,1,96485
32880843586549,0,96483
32880843592193,1,96483
32880843621641,0,96484
32880843627112,1,96484
32880843636488,0,96486
32880843643239,1,96486
32880843653692,0,96483
32880843659944,1,96483
32880843673110,0,96485
32880843681500,1,96485
32880843704033,0,96486
32880843709894,1,96486
32880843722616,0,96484
32880843731115,1,96484
32880843745582,0,96485
32880843751291,1,96485
32880843761602,0,96485
32880843765575,1,96485
32880843775680,0,96485
32880843779826,1,96485
32880843792830,0,96484
32880843800276,1,96484
32880843808600,0,96486
32880843814537,1,96486
32880843836809,0,96485
32880843842247,1,96485
32880843852732,0,96485
32880843856184,1,96485
32880843873214,0,96485
32880843877458,1,96485
32880843890276,0,96485
32880843894759,1,96485
32880843947520,0,96485
32880843952925,1,96485
32880843965755,0,96483
32880843973971,1,96483
32880844036556,0,96483
32880844043014,1,96483
32880844053379,0,96483
32880844058285,1,96483
32880844114531,0,96483
32880844119534,1,96483
32880844129704,0,96486
32880844136672,1,96486
32880844197390,0,96486
32880844203044,1,96486
32880844214582,0,96485
32880844222842,1,96485
32880844285480,0,96485
32880844291624,1,96485
32880844303706,0,96484
32880844313279,1,96484
32880844375711,0,96484
32880844381616,1,96484
32880844391949,0,96484
32880844397408,1,96484
32880844466103,0,96484
32880844471562,1,96484
32880844480852,0,96486
32880844488407,1,96486
32880844549156,0,96486
32880844555376,1,96486
32880844565871,0,96485
32880844573404,1,96485
32880844634892,0,96485
32880844641621,1,96485
32880844655048,0,96483
32880844664697,1,96483
32880844727227,0,96483
32880844733197,1,96483
32880844743606,0,96483
32880844747893,1,96483
32880844804790,0,96483
32880844810151,1,96483
32880844819540,0,96486
32880844826313,1,96486
32880844887356,0,96486
32880844893021,1,96486
32880844904353,0,96485
32880844911603,1,96485
32880844972418,0,96485
32880844977704,1,96485
32880844992000,0,96484
32880845000792,1,96484
32880845063463,0,96484
32880845070713,1,96484
32880845084735,0,96483
32880845093679,1,96483
32880845156589,0,96483
32880845162417,1,96483
32880845170851,0,96486
32880845177884,1,96486
32880845238482,0,96486
32880845245363,1,96486
32880845258214,0,96485
32880845265487,1,96485
32880845326193,0,96485
32880845332021,1,96485
32880845343289,0,96484
32880845349378,1,96484
32880845410649,0,96484
32880845417758,1,96484
32880845428222,0,96484
32880845432661,1,96484
32880845489720,0,96484
32880845495061,1,96484
32880845504708,0,96486
32880845512914,1,96486
32880845574141,0,96486
32880845579568,1,96486
32880845589467,0,96485
32880845596685,1,96485
32880845658531,0,96485
32880845663882,1,96485
32880845676636,0,96483
32880845685319,1,96483
32880845748283,0,96483
32880845753211,1,96483
32880845763435,0,96483
32880845768840,1,96483
32880845826974,0,96483
32880845831935,1,96483
32880845842148,0,96483
32880845846218,1,96483
32880845901715,0,96483
32880845907240,1,96483
32880845922120,0,96485
32880845931096,1,96485
32880845993984,0,96485
32880846001137,1,96485
32880846010840,0,96484
32880846020685,1,96484
32880846084322,0,96484
32880846090042,1,96484
32880846100592,0,96486
32880846110393,1,96486
32880846172966,0,96486
32880846179229,1,96486
32880846189313,0,96483
32880846196042,1,96483
32880846256510,0,96483
32880846261991,1,96483
32880846272259,0,96483
32880846277436,1,96483
32880846333237,0,96483
32880846338913,1,96483
32880846349159,0,96483
32880846351960,1,96483
32880846407717,0,96483
32880846413100,1,96483
32880846422955,0,96486
32880846430607,1,96486
32880846491824,0,96486
32880846496165,1,96486
32880846509841,0,96485
32880846518763,1,96485
32880846580403,0,96485
32880846585917,1,96485
32880846600007,0,96484
32880846608614,1,96484
32880846671372,0,96484
32880846677700,1,96484
32880846688011,0,96484
32880846691658,1,96484
32880846748489,0,96484
32880846755555,1,96484
32880846763727,0,96486
32880846772095,1,96486
32880846833323,0,96486
32880846837762,1,96486
32880846846152,0,96485
32880846853500,1,96485
32880846915183,0,96485
32880846920231,1,96485
32880846933896,0,96483
32880846943675,1,96483
32880847006661,0,96483
32880847011426,1,96483
32880847021737,0,96483
32880847025992,1,96483
32880847082379,0,96483
32880847087252,1,96483
32880847097378,0,96486
32880847104694,1,96486
32880847165661,0,96486
32880847170664,1,96486
32880847182984,0,96485
32880847190560,1,96485
32880847251646,0,96485
32880847257127,1,96485
32880847270577,0,96484
32880847279075,1,96484
32880847341280,0,96484
32880847347640,1,96484
32880847357919,0,96484
32880847361587,1,96484
32880847418191,0,96484
32880847423889,1,96484
32880847433363,0,96486
32880847439778,1,96486
32880847500853,0,96486
32880847507322,1,96486
32880847517395,0,96485
32880847525731,1,96485
32880847587305,0,96485
32880847594057,1,96485
32880847607907,0,96483
32880847616839,1,96483
32880847678479,0,96483
32880847684514,1,96483
32880847694771,0,96483
32880847698776,1,96483
32880847754522,0,96483
32880847760774,1,96483
32880847769924,0,96486
32880847777391,1,96486
32880847838521,0,96486
32880847844610,1,96486
32880847855453,0,96485
32880847862725,1,96485
32880847923714,0,96485
32880847929792,1,96485
32880847942753,0,96484
32880847951805,1,96484
32880848014292,0,96484
32880848020945,1,96484
32880848031419,0,96484
32880848036065,1,96484
32880848092896,0,96484
32880848098551,1,96484
32880848107808,0,96486
32880848115113,1,96486
32880848175874,0,96486
32880848181691,1,96486
32880848192903,0,96485
32880848200393,1,96485
32880848261197,0,96485
32880848267568,1,96485
32880848281494,0,96483
32880848291566,1,96483
32880848354748,0,96483
32880848359881,1,96483
32880848370204,0,96483
32880848375153,1,96483
32880848431833,0,96483
32880848436934,1,96483
32880848446518,0,96486
32880848452335,1,96486
32880848512879,0,96486
32880848518121,1,96486
32880848529779,0,96485
32880848536910,1,96485
32880848597996,0,96485
32880848613115,1,96485
32880848670696,0,96485
32880848676286,1,96485
32880848688030,0,96483
32880848694412,1,96483
32880848754966,0,96483
32880848761338,1,96483
32880848770021,0,96486
32880848776837,1,96486
32880848837641,0,96486
32880848843220,1,96486
32880848853553,0,96486
32880848857536,1,96486
32880848913727,0,96486
32880848920088,1,96486
32880848930779,0,96486
32880848933688,1,96486
32880848989651,0,96486
32880848996131,1,96486
32880849007398,0,96483
32880849013454,1,96483
32880849073737,0,96483
32880849078936,1,96483
32880849092091,0,96484
32880849100774,1,96484
32880849162967,0,96484
32880849169349,1,96484
32880849183167,0,96485
32880849190862,1,96485
32880849254901,0,96485
32880849261076,1,96485
32880849269011,0,96486
32880849275827,1,96486
32880849337174,0,96486
32880849343361,1,96486
32880849353509,0,96483
32880849360402,1,96483
32880849421260,0,96483
32880849426166,1,96483
32880849438083,0,96484
32880849445258,1,96484
32880849506268,0,96484
32880849513410,1,96484
32880849521833,0,96485
32880849528443,1,96485
32880849570621,0,96484
32880849576634,1,96484
32880849585925,0,96486
32880849592275,1,96486
32880849606668,0,96483
32880849613256,1,96483
32880849653177,0,96486
32880849660101,1,96486
32880849673160,0,96484
32880849682994,1,96484
32880849696831,0,96485
32880849705515,1,96485
32880849746566,0,96484
32880849752709,1,96484
32880849760750,0,96486
32880849766807,1,96486
32880849783761,0,96483
32880849790198,1,96483
32880849828284,0,96486
32880849834753,1,96486
32880849847063,0,96484
32880849853846,1,96484
32880849871979,0,96485
32880849880076,1,96485
32880849917125,0,96484
32880849924104,1,96484
32880849942291,0,96485
32880849948120,1,96485
32880849963579,0,96483
32880849972088,1,96483
32880850071410,0,96485
32880850080951,1,96485
32880850140821,0,96485
32880850145923,1,96485
32880850154902,0,96486
32880850162228,1,96486
32880850223315,0,96486
32880850229610,1,96486
32880850240790,0,96484
32880850250330,1,96484
32880850312719,0,96484
32880850318862,1,96484
32880850332853,0,96483
32880850341048,1,96483
32880850403491,0,96483
32880850408679,1,96483
32880850418980,0,96483
32880850423354,1,96483
32880850479187,0,96483
32880850485699,1,96483
32880850494968,0,96486
32880850501112,1,96486
32880850561319,0,96486
32880850567158,1,96486
32880850578164,0,96484
32880850586663,1,96484
32880850648172,0,96484
32880850653957,1,96484
32880850664160,0,96484
32880850668426,1,96484
32880850724313,0,96484
32880850730988,1,96484
32880850741235,0,96483
32880850748778,1,96483
32880850809712,0,96483
32880850815812,1,96483
32880850824636,0,96486
32880850832625,1,96486
32880850893917,0,96486
32880850900321,1,96486
32880850911175,0,96486
32880850915224,1,96486
32880850970590,0,96486
32880850975832,1,96486
32880850986100,0,96486
32880850989639,1,96486
32880851044549,0,96486
32880851049477,1,96486
32880851059701,0,96486
32880851063424,1,96486
32880851074669,0,96483
32880851083808,1,96483
32880851148758,0,96483
32880851154413,1,96483
32880851164702,0,96485
32880851173147,1,96485
32880851234873,0,96485
32880851241082,1,96485
32880851251426,0,96485
32880851256191,1,96485
32880851313728,0,96485
32880851319339,1,96485
32880851328858,0,96486
32880851345313,1,96486
32880851407191,0,96486
32880851413400,1,96486
32880851424894,0,96483
32880851432731,1,96483
32880851494577,0,96483
32880851499635,1,96483
32880851509881,0,96483
32880851515894,1,96483
32880851572161,0,96483
32880851578185,1,96483
32880851588453,0,96483
32880851593815,1,96483
32880851650255,0,96483
32880851654977,1,96483
32880851666059,0,96486
32880851673689,1,96486
32880851735242,0,96486
32880851741505,1,96486
32880851752695,0,96486
32880851757146,1,96486
32880851813261,0,96486
32880851817656,1,96486
32880851829021,0,96485
32880851836901,1,96485
32880851898117,0,96485
32880851903045,1,96485
32880851913291,0,96485
32880851916949,1,96485
32880851972532,0,96485
32880851979413,1,96485
32880851989790,0,96485
32880851992786,1,96485
32880852048629,0,96485
32880852053991,1,96485
32880852064921,0,96486
32880852070934,1,96486
32880852132270,0,96486
32880852137762,1,96486
32880852149604,0,96483
32880852160024,1,96483
32880852223118,0,96483
32880852228969,1,96483
32880852242331,0,96484
32880852250992,1,96484
32880852313869,0,96484
32880852319275,1,96484
32880852330084,0,96485
32880852338604,1,96485
32880852400472,0,96485
32880852405009,1,96485
32880852415006,0,96486
32880852423016,1,96486
32880852485459,0,96486
32880852490289,1,96486
32880852500568,0,96486
32880852504746,1,96486
32880852559950,0,96486
32880852564671,1,96486
32880852575623,0,96486
32880852579867,1,96486
32880852635754,0,96486
32880852641431,1,96486
32880852652784,0,96485
32880852659264,1,96485
32880852719916,0,96485
32880852725527,1,96485
32880852739453,0,96483
32880852747724,1,96483
32880852831321,0,96484
32880852840460,1,96484
32880852902892,0,96484
32880852910219,1,96484
32880852918294,0,96486
32880852924578,1,96486
32880852940143,0,96486
32880852942726,1,96486
32880852952755,0,96486
32880852958313,1,96486
32880852966073,0,96484
32880852971131,1,96484
32880852986880,0,96485
32880852996486,1,96485
32880853014124,0,96485
32880853018411,1,96485
32880853027832,0,96484
32880853033162,1,96484
32880853047739,0,96486
32880853054620,1,96486
32880853070684,0,96486
32880853075026,1,96486
32880853085359,0,96486
32880853090536,1,96486
32880853109747,0,96485
32880853116206,1,96485
32880853132541,0,96483
32880853138543,1,96483
32880853178627,0,96485
32880853184054,1,96485
32880853193898,0,96484
32880853201008,1,96484
32880853261855,0,96484
32880853267087,1,96484
32880853277322,0,96484
32880853280850,1,96484
32880853336335,0,96484
32880853340970,1,96484
32880853351249,0,96484
32880853355167,1,96484
32880853411466,0,96484
32880853416340,1,96484
32880853426836,0,96484
32880853431340,1,96484
32880853472032,0,96486
32880853479499,1,96486
32880853487010,0,96484
32880853492600,1,96484
32880853504778,0,96485
32880853512235,1,96485
32880853574331,0,96485
32880853580420,1,96485
32880853588332,0,96486
32880853595062,1,96486
32880853656300,0,96486
32880853661781,1,96486
32880853672125,0,96486
32880853677454,1,96486
32880853733971,0,96486
32880853739713,1,96486
32880853750024,0,96486
32880853753964,1,96486
32880853809515,0,96486
32880853813433,1,96486
32880853827664,0,96484
32880853836835,1,96484
32880853900147,0,96484
32880853906876,1,96484
32880853917023,0,96485
32880853926390,1,96485
32880853988725,0,96485
32880853993870,1,96485
32880854003747,0,96486
32880854012918,1,96486
32880854074721,0,96486
32880854079106,1,96486
32880854089558,0,96486
32880854094681,1,96486
32880854109649,3,96483
32880854151535,0,96486
32880854156441,1,96486
32880854166741,0,96486
32880854171669,1,96486
32880854228012,0,96486
32880854232809,1,96486
32880854243077,0,96486
32880854248102,1,96486
32880854258372,0,96484
32880854266784,1,96484
32880854329465,0,96484
32880854336162,1,96484
32880854345029,0,96485
32880854352572,1,96485
32880854414885,0,96485
32880854419368,1,96485
32880854429549,0,96486
32880854436517,1,96486
32880854497343,0,96486
32880854504463,1,96486
32880854513712,0,96484
32880854520702,1,96484
32880854584024,0,96484
32880854588930,1,96484
32880854599652,0,96485
32880854606034,1,96485
32880854666426,0,96485
32880854671755,1,96485
32880854681524,0,96486
32880854688145,1,96486
32880854748873,0,96486
32880854755537,1,96486
32880854765502,0,96484
32880854771928,1,96484
32880854833177,0,96484
32880854838441,1,96484
32880854849771,0,96485
32880854857293,1,96485
32880854918542,0,96485
32880854924067,1,96485
32880854932707,0,96486
32880854940598,1,96486
32880855001239,0,96486
32880855006546,1,96486
32880855017977,0,96484
32880855026215,1,96484
32880855087247,0,96484
32880855093586,1,96484
32880855103700,0,96485
32880855110256,1,96485
32880855171386,0,96485
32880855176563,1,96485
32880855186082,0,96486
32880855192964,1,96486
32880855254506,0,96486
32880855260085,1,96486
32880855270658,0,96484
32880855277224,1,96484
32880855338137,0,96484
32880855344563,1,96484
32880855354558,0,96485
32880855361504,1,96485
32880855422308,0,96485
32880855427388,1,96485
32880855436603,0,96486
32880855443701,1,96486
32880855505667,0,96486
32880855511962,1,96486
32880855524010,0,96485
32880855530924,1,96485
32880855591696,0,96485
32880855596602,1,96485
32880855606663,0,96486
32880855614326,1,96486
32880855675174,0,96486
32880855680373,1,96486
32880855692768,0,96485
32880855700062,1,96485
32880855761170,0,96485
32880855765859,1,96485
32880855775084,0,96486
32880855781695,1,96486
32880855843096,0,96486
32880855849413,1,96486
32880855860039,0,96485
32880855866703,1,96485
32880855927062,0,96485
32880855932576,1,96485
32880855944016,0,96486
32880855950583,1,96486
32880855993283,0,96484
32880855998580,1,96484
32880856009347,0,96484
32880856014492,1,96484
32880856028916,0,96485
32880856035830,1,96485
32880856096862,0,96485
32880856102473,1,96485
32880856113372,0,96484
32880856120774,1,96484
32880856182414,0,96484
32880856187309,1,96484
32880856196121,0,96486
32880856203252,1,96486
32880856264219,0,96486
32880856270970,1,96486
32880856281238,0,96485
32880856288445,1,96485
32880856349716,0,96485
32880856355295,1,96485
32880856365629,0,96484
32880856372240,1,96484
32880856433065,0,96484
32880856438644,1,96484
32880856447880,0,96486
32880856455304,1,96486
32880856516325,0,96486
32880856522837,1,96486
32880856532649,0,96485
32880856540399,1,96485
32880856601149,0,96485
32880856606532,1,96485
32880856617789,0,96484
32880856624606,1,96484
32880856685323,0,96484
32880856690272,1,96484
32880856699692,0,96486
32880856706183,1,96486
32880856767019,0,96486
32880856773597,1,96486
32880856783441,0,96485
32880856790616,1,96485
32880856851366,0,96485
32880856857097,1,96485
32880856868191,0,96484
32880856875333,1,96484
32880856936625,0,96484
32880856940967,1,96484
32880856951038,0,96486
32880856956693,1,96486
32880857017833,0,96486
32880857024660,1,96486
32880857034472,0,96485
32880857040854,1,96485
32880857101257,0,96485
32880857107465,1,96485
32880857118429,0,96484
32880857126103,1,96484
32880857187276,0,96484
32880857192356,1,96484
32880857201298,0,96486
32880857206942,1,96486
32880857267833,0,96486
32880857273748,1,96486
32880857284147,0,96485
32880857291918,1,96485
32880857353362,0,96485
32880857359376,1,96485
32880857369894,0,96484
32880857378046,1,96484
32880857438991,0,96484
32880857446068,1,96484
32880857454424,0,96486
32880857461436,1,96486
32880857477196,0,96486
32880857481396,1,96486
32880857491458,0,96486
32880857495854,1,96486
32880857503333,0,96484
32880857507653,1,96484
32880857518028,0,96485
32880857526625,1,96485
32880857543720,0,96485
32880857547171,1,96485
32880857557450,0,96485
32880857562247,1,96485
32880857578756,0,96485
32880857582088,1,96485
32880857594279,0,96484
32880857600715,1,96484
32880857658285,0,96484
32880857663137,1,96484
32880857673545,0,96484
32880857677160,1,96484
32880857732949,0,96484
32880857738268,1,96484
32880857752431,0,96486
32880857761103,1,96486
32880857824784,0,96486
32880857830243,1,96486
32880857843821,0,96485
32880857853568,1,96485
32880857916641,0,96485
32880857922860,1,96485
32880857931903,0,96484
32880857939826,1,96484
32880857955565,0,96484
32880857960764,1,96484
32880857970934,0,96484
32880857975167,1,96484
32880857981634,0,96485
32880857987409,1,96485
32880857998100,0,96486
32880858007456,1,96486
32880858069628,0,96486
32880858074751,1,96486
32880858085019,0,96486
32880858088872,1,96486
32880858144868,0,96486
32880858151868,1,96486
32880858162072,0,96484
32880858169942,1,96484
32880858232254,0,96484
32880858236704,1,96484
32880858249066,0,96485
32880858258053,1,96485
32880858320876,0,96485
32880858325641,1,96485
32880858335203,0,96486
32880858342942,1,96486
32880858403985,0,96486
32880858407990,1,96486
32880858418247,0,96486
32880858422078,1,96486
32880858477672,0,96486
32880858484869,1,96486
32880858495310,0,96485
32880858502268,1,96485
32880858563886,0,96485
32880858569768,1,96485
32880858579148,0,96484
32880858587809,1,96484
32880858649818,0,96484
32880858655451,1,96484
32880858664448,0,96486
32880858673619,1,96486
32880858735031,0,96486
32880858740111,1,96486
32880858752029,0,96485
32880858760104,1,96485
32880858821342,0,96485
32880858826737,1,96485
32880858838145,0,96484
32880858845233,1,96484
32880858906048,0,96484
32880858910987,1,96484
32880858920537,0,96486
32880858928612,1,96486
32880858989915,0,96486
32880858995635,1,96486
32880859007043,0,96485
32880859014011,1,96485
32880859076498,0,96485
32880859082207,1,96485
32880859091640,0,96484
32880859099184,1,96484
32880859160574,0,96484
32880859165968,1,96484
32880859175888,0,96486
32880859182628,1,96486
32880859243530,0,96486
32880859249380,1,96486
32880859261352,0,96485
32880859268364,1,96485
32880859329526,0,96485
32880859334475,1,96485
32880859346307,0,96484
32880859352983,1,96484
32880859414633,0,96484
32880859419930,1,96484
32880859429057,0,96486
32880859435841,1,96486
32880859497090,0,96486
32880859502940,1,96486
32880859513848,0,96485
32880859519590,1,96485
32880859580524,0,96485
32880859585777,1,96485
32880859596720,0,96484
32880859604317,1,96484
32880859665447,0,96484
32880859670245,1,96484
32880859680294,0,96486
32880859686448,1,96486
32880859747589,0,96486
32880859753385,1,96486
32880859764521,0,96485
32880859771435,1,96485
32880859832022,0,96485
32880859837329,1,96485
32880859849096,0,96484
32880859856564,1,96484
32880859917965,0,96484
32880859921948,1,96484
32880859933040,0,96486
32880859940030,1,96486
32880860000259,0,96486
32880860005230,1,96486
32880860030747,0,96486
32880860034459,1,96486
32880860045216,0,96486
32880860048526,1,96486
32880860058620,0,96486
32880860063657,1,96486
32880860120488,0,96486
32880860126002,1,96486
32880860137194,0,96484
32880860143999,1,96484
32880860231915,0,96485
32880860238851,1,96485
32880860258216,0,96484
32880860264793,1,96484
32880860275647,0,96484
32880860279674,1,96484
32880860289812,0,96484
32880860293350,1,96484
32880860300773,0,96485
32880860306091,1,96485
32880860320115,0,96485
32880860324641,1,96485
32880860379442,0,96485
32880860384631,1,96485
32880860393314,0,96486
32880860399881,1,96486
32880860460489,0,96486
32880860466209,1,96486
32880860477043,0,96484
32880860484337,1,96484
32880860545531,0,96484
32880860551165,1,96484
32880860562082,0,96485
32880860569724,1,96485
32880860631396,0,96485
32880860637822,1,96485
32880860645951,0,96486
32880860654276,1,96486
32880860715319,0,96486
32880860720670,1,96486
32880860731395,0,96484
32880860738776,1,96484
32880860811367,0,96484
32880860818976,1,96484
32880860877338,0,96484
32880860883427,1,96484
32880860891642,0,96486
32880860899489,1,96486
32880860960011,0,96486
32880860966936,1,96486
32880860975717,0,96485
32880860982772,1,96485
32880861043999,0,96485
32880861049513,1,96485
32880861060151,0,96484
32880861067022,1,96484
32880861127913,0,96484
32880861133437,1,96484
32880861142467,0,96486
32880861149489,1,96486
32880861210185,0,96486
32880861215840,1,96486
32880861227627,0,96485
32880861234096,1,96485
32880861294824,0,96485
32880861300262,1,96485
32880861311454,0,96484
32880861318563,1,96484
32880861379812,0,96484
32880861385641,1,96484
32880861394605,0,96486
32880861400498,1,96486
32880861461161,0,96486
32880861466480,1,96486
32880861478289,0,96485
32880861484812,1,96485
32880861545584,0,96485
32880861551130,1,96485
32880861561649,0,96484
32880861568150,1,96484
32880861629237,0,96484
32880861634598,1,96484
32880861644105,0,96486
32880861652094,1,96486
32880861713885,0,96486
32880861719573,1,96486
32880861730210,0,96485
32880861736364,1,96485
32880861798047,0,96485
32880861803333,1,96485
32880861813765,0,96484
32880861821330,1,96484
32880861881646,0,96484
32880861887225,1,96484
32880861896471,0,96486
32880861902766,1,96486
32880861963418,0,96486
32880861968965,1,96486
32880861980210,0,96485
32880861987167,1,96485
32880862047830,0,96485
32880862053072,1,96485
32880862064362,0,96484
32880862071189,1,96484
32880862131950,0,96484
32880862137181,1,96484
32880862146655,0,96486
32880862153504,1,96486
32880862215166,0,96486
32880862220853,1,96486
32880862231577,0,96485
32880862237937,1,96485
32880862298438,0,96485
32880862304114,1,96485
32880862314752,0,96484
32880862322166,1,96484
32880862398035,0,96484
32880862403994,1,96484
32880862461108,0,96484
32880862466111,1,96484
32880862476520,0,96484
32880862481708,1,96484
32880862490911,0,96485
32880862500929,1,96485
32880862563589,0,96485
32880862569472,1,96485
32880862580912,0,96486
32880862590866,1,96486
32880862656489,0,96486
32880862662285,1,96486
32880862675841,0,96484
32880862685360,1,96484
32880862748118,0,96484
32880862753502,1,96484
32880862767557,0,96485
32880862776479,1,96485
32880862840062,0,96485
32880862846705,1,96485
32880862854606,0,96486
32880862861803,1,96486
32880862922400,0,96486
32880862928196,1,96486
32880862936880,0,96484
32880862944108,1,96484
32880863006247,0,96484
32880863011414,1,96484
32880863021790,0,96484
32880863025535,1,96484
32880863082584,0,96484
32880863087283,1,96484
32880863099223,0,96486
32880863107938,1,96486
32880863170164,0,96486
32880863177426,1,96486
32880863187921,0,96486
32880863192589,1,96486
32880863249192,0,96486
32880863254120,1,96486
32880863268372,0,96484
32880863277381,1,96484
32880863340454,0,96484
32880863346272,1,96484
32880863357754,0,96485
32880863365449,1,96485
32880863428022,0,96485
32880863433808,1,96485
32880863447668,0,96486
32880863456340,1,96486
32880863519348,0,96486
32880863526316,1,96486
32880863534859,0,96484
32880863541697,1,96484
32880863557859,0,96484
32880863561712,1,96484
32880863571806,0,96484
32880863577190,1,96484
32880863583299,0,96486
32880863590181,1,96486
32880863603260,0,96485
32880863611911,1,96485
32880863628658,0,96485
32880863634194,1,96485
32880863644776,0,96485
32880863649378,1,96485
32880863663163,0,96485
32880863666973,1,96485
32880863679379,0,96485
32880863684155,1,96485
32880863742213,0,96485
32880863746923,1,96485
32880863759905,0,96486
32880863767785,1,96486
32880863830380,0,96486
32880863836436,1,96486
32880863848962,0,96484
32880863857145,1,96484
32880863919892,0,96484
32880863934513,1,96484
32880863992788,0,96484
32880863999170,1,96484
32880864007289,0,96486
32880864016069,1,96486
32880864077188,0,96486
32880864081975,1,96486
32880864092286,0,96486
32880864096248,1,96486
32880864152113,0,96486
32880864158778,1,96486
32880864169197,0,96486
32880864174418,1,96486
32880864230512,0,96486
32880864236373,1,96486
32880864248008,0,96485
32880864256963,1,96485
32880864318917,0,96485
32880864324746,1,96485
32880864336111,0,96484
32880864344675,1,96484
32880864408008,0,96484
32880864413717,1,96484
32880864422660,0,96486
32880864429476,1,96486
32880864490085,0,96486
32880864495425,1,96486
32880864506659,0,96485
32880864514853,1,96485
32880864575484,0,96485
32880864580694,1,96485
32880864592254,0,96484
32880864601263,1,96484
32880864663164,0,96484
32880864668992,1,96484
32880864677978,0,96486
32880864683524,1,96486
32880864744383,0,96486
32880864749701,1,96486
32880864760761,0,96485
32880864768468,1,96485
32880864829489,0,96485
32880864835057,1,96485
32880864846824,0,96484
32880864853195,1,96484
32880864913977,0,96484
32880864920707,1,96484
32880864928900,0,96486
32880864936976,1,96486
32880864998670,0,96486
32880865004846,1,96486
32880865014690,0,96485
32880865021854,1,96485
32880865083179,0,96485
32880865088877,1,96485
32880865099038,0,96484
32880865105225,1,96484
32880865165953,0,96484
32880865170793,1,96484
32880865180843,0,96486
32880865196592,1,96486
32880865258427,0,96486
32880865263561,1,96486
32880865274513,0,96485
32880865280960,1,96485
32880865341732,0,96485
32880865347332,1,96485
32880865358557,0,96484
32880865365373,1,96484
32880865426209,0,96484
32880865431365,1,96484
32880865441382,0,96486
32880865449761,1,96486
32880865511206,0,96486
32880865516502,1,96486
32880865527563,0,96485
32880865534086,1,96485
32880865594977,0,96485
32880865600729,1,96485
32880865611802,0,96484
32880865619041,1,96484
32880865680301,0,96484
32880865686596,1,96484
32880865694888,0,96486
32880865702757,1,96486
32880865763376,0,96486
32880865769552,1,96486
32880865781882,0,96485
32880865789057,1,96485
32880865850013,0,96485
32880865855407,1,96485
32880865866621,0,96484
32880865873111,1,96484
32880865934914,0,96484
32880865940048,1,96484
32880865949175,0,96486
32880865955893,1,96486
32880866018542,0,96486
32880866024328,1,96486
32880866033532,0,96485
32880866040674,1,96485
32880866101738,0,96485
32880866108337,1,96485
32880866118227,0,96484
32880866124272,1,96484
32880866185098,0,96484
32880866190091,1,96484
32880866200173,0,96486
32880866206371,1,96486
32880866267327,0,96486
32880866272406,1,96486
32880866283673,0,96485
32880866290511,1,96485
32880866351608,0,96485
32880866357512,1,96485
32880866367966,0,96484
32880866374164,1,96484
32880866435065,0,96484
32880866440362,1,96484
32880866449739,0,96486
32880866456924,1,96486
32880866513842,0,96486
32880866518868,1,96486
32880866529212,0,96486
32880866533130,1,96486
32880866543105,0,96486
32880866547251,1,96486
32880866557302,0,96486
32880866560797,1,96486
32880866570793,0,96486
32880866574147,1,96486
32880866586778,0,96485
32880866596460,1,96485
32880866660183,0,96485
32880866669160,1,96485
32880866680463,0,96484
32880866689168,1,96484
32880866751611,0,96484
32880866756908,1,96484
32880866766143,0,96486
32880866774381,1,96486
32880866835533,0,96486
32880866842143,1,96486
32880866854408,0,96485
32880866863058,1,96485
32880866925425,0,96485
32880866931493,1,96485
32880866941860,0,96484
32880866948969,1,96484
32880867010511,0,96484
32880867015091,1,96484
32880867024316,0,96486
32880867032923,1,96486
32880867094270,0,96486
32880867100837,1,96486
32880867110790,0,96485
32880867117280,1,96485
32880867178030,0,96485
32880867184846,1,96485
32880867194812,0,96484
32880867201964,1,96484
32880867263431,0,96484
32880867270095,1,96484
32880867278039,0,96486
32880867284334,1,96486
32880867345431,0,96486
32880867351043,1,96486
32880867361419,0,96485
32880867368735,1,96485
32880867429256,0,96485
32880867436333,1,96485
32880867445951,0,96484
32880867453060,1,96484
32880867513734,0,96484
32880867519237,1,96484
32880867528483,0,96486
32880867535104,1,96486
32880867595811,0,96486
32880867602225,1,96486
32880867612048,0,96485
32880867619071,1,96485
32880867679897,0,96485
32880867685128,1,96485
32880867696244,0,96484
32880867702843,1,96484
32880867763788,0,96484
32880867770149,1,96484
32880867778440,0,96486
32880867784887,1,96486
32880867845127,0,96486
32880867851704,1,96486
32880867861462,0,96485
32880867868832,1,96485
32880867929506,0,96485
32880867935779,1,96485
32880867946309,0,96484
32880867953049,1,96484
32880868014526,0,96484
32880868019823,1,96484
32880868029123,0,96486
32880868035929,1,96486
32880868096917,0,96486
32880868103430,1,96486
32880868113046,0,96485
32880868118897,1,96485
32880868179299,0,96485
32880868184021,1,96485
32880868196026,0,96484
32880868203461,1,96484
32880868264982,0,96484
32880868269486,1,96484
32880868279026,0,96486
32880868285657,1,96486
32880868346993,0,96486
32880868352670,1,96486
32880868363100,0,96485
32880868371187,1,96485
32880868432512,0,96485
32880868437689,1,96485
32880868449358,0,96484
32880868455448,1,96484
32880868516848,0,96484
32880868523090,1,96484
32880868531598,0,96486
32880868539445,1,96486
32880868600575,0,96486
32880868606382,1,96486
32880868616997,0,96485
32880868624367,1,96485
32880868685019,0,96485
32880868691314,1,96485
32880868702267,0,96484
32880868709138,1,96484
32880868769996,0,96484
32880868774934,1,96484
32880868785103,0,96486
32880868791844,1,96486
32880868852669,0,96486
32880868857847,1,96486
32880868869070,0,96485
32880868876136,1,96485
32880868936875,0,96485
32880868942215,1,96485
32880868953493,0,96484
32880868959821,1,96484
32880869020766,0,96484
32880869026530,1,96484
32880869036297,0,96486
32880869042636,1,96486
32880869103907,0,96486
32880869109030,1,96486
32880869120329,0,96485
32880869127785,1,96485
32880869188437,0,96485
32880869194374,1,96485
32880869205262,0,96484
32880869212328,1,96484
32880869272915,0,96484
32880869279818,1,96484
32880869287773,0,96486
32880869293840,1,96486
32880869355317,0,96486
32880869361428,1,96486
32880869370925,0,96485
32880869377416,1,96485
32880869437916,0,96485
32880869443387,1,96485
32880869455067,0,96484
32880869461557,1,96484
32880869524185,0,96484
32880869529872,1,96484
32880869537979,0,96486
32880869546022,1,96486
32880869607108,0,96486
32880869611960,1,96486
32880869623791,0,96485
32880869631920,1,96485
32880869693256,0,96485
32880869698748,1,96485
32880869709831,0,96484
32880869716691,1,96484
32880869777853,0,96484
32880869783259,1,96484
32880869792537,0,96486
32880869800244,1,96486
32880869861927,0,96486
32880869868027,1,96486
32880869878154,0,96485
32880869885502,1,96485
32880869946143,0,96485
32880869952189,1,96485
32880869963131,0,96484
32880869970099,1,96484
32880870047128,0,96486
32880870054401,1,96486
32880870115802,0,96486
32880870120697,1,96486
32880870132093,0,96485
32880870138454,1,96485
32880870199030,0,96485
32880870205336,1,96485
32880870215475,0,96484
32880870223768,1,96484
32880870285483,0,96484
32880870291572,1,96484
32880870300656,0,96486
32880870307570,1,96486
32880870368461,0,96486
32880870374734,1,96486
32880870384698,0,96485
32880870391297,1,96485
32880870451678,0,96485
32880870457952,1,96485
32880870468514,0,96484
32880870476600,1,96484
32880870538414,0,96484
32880870544915,1,96484
32880870553152,0,96486
32880870559654,1,96486
32880870575327,0,96486
32880870578464,1,96486
32880870588536,0,96486
32880870591998,1,96486
32880870602724,0,96484
32880870608889,1,96484
32880870618211,0,96485
32880870625548,1,96485
32880870641612,0,96485
32880870646388,1,96485
32880870656601,0,96485
32880870660465,1,96485
32880870667153,0,96484
32880870671863,1,96484
32880870681316,0,96486
32880870687079,1,96486
32880870747916,0,96486
32880870752811,1,96486
32880870763177,0,96486
32880870766389,1,96486
32880870822776,0,96486
32880870828116,1,96486
32880870838731,0,96485
32880870846155,1,96485
32880870907111,0,96485
32880870913624,1,96485
32880870922927,0,96484
32880870929591,1,96484
32880870991177,0,96484
32880870997439,1,96484
32880871006045,0,96486
32880871013046,1,96486
32880871073883,0,96486
32880871079776,1,96486
32880871090001,0,96485
32880871097175,1,96485
32880871158674,0,96485
32880871165631,1,96485
32880871174826,0,96484
32880871181425,1,96484
32880871242512,0,96484
32880871247971,1,96484
32880871257044,0,96486
32880871264240,1,96486
32880871325836,0,96486
32880871331773,1,96486
32880871341423,0,96485
32880871348206,1,96485
32880871408652,0,96485
32880871415175,1,96485
32880871424555,0,96484
32880871432076,1,96484
32880871493846,0,96484
32880871499360,1,96484
32880871508183,0,96486
32880871515303,1,96486
32880871576140,0,96486
32880871581317,1,96486
32880871592236,0,96485
32880871598749,1,96485
32880871659053,0,96485
32880871666163,1,96485
32880871677429,0,96485
32880871681250,1,96485
32880871738060,0,96485
32880871743194,1,96485
32880871753212,0,96486
32880871760147,1,96486
32880871820702,0,96486
32880871827106,1,96486
32880871837515,0,96486
32880871842366,1,96486
32880871897591,0,96486
32880871903008,1,96486
32880871913362,0,96486
32880871917682,1,96486
32880871973624,0,96486
32880871978964,1,96486
32880871989362,0,96486
32880871992857,1,96486
32880872048060,0,96486
32880872052955,1,96486
32880872063766,0,96485
32880872070300,1,96485
32880872131668,0,96485
32880872136238,1,96485
32880872149535,0,96484
32880872158381,1,96484
32880872221942,0,96484
32880872229312,1,96484
32880872286491,0,96484
32880872293774,1,96484
32880872302532,0,96485
32880872309489,1,96485
32880872370174,0,96485
32880872375916,1,96485
32880872384067,0,96486
32880872392110,1,96486
32880872453500,0,96486
32880872459101,1,96486
32880872470455,0,96484
32880872477478,1,96484
32880872539009,0,96484
32880872544327,1,96484
32880872554366,0,96485
32880872561844,1,96485
32880872622344,0,96485
32880872629106,1,96485
32880872637106,0,96486
32880872644335,1,96486
32880872705247,0,96486
32880872711163,1,96486
32880872721703,0,96484
32880872730158,1,96484
32880872791907,0,96484
32880872798604,1,96484
32880872807720,0,96485
32880872815057,1,96485
32880872875818,0,96485
32880872881841,1,96485
32880872890948,0,96486
32880872899338,1,96486
32880872961108,0,96486
32880872965938,1,96486
32880872977608,0,96484
32880872985846,1,96484
32880873047920,0,96484
32880873054139,1,96484
32880873064505,0,96484
32880873068618,1,96484
32880873124798,0,96484
32880873130269,1,96484
32880873139580,0,96486
32880873146364,1,96486
32880873206994,0,96486
32880873212736,1,96486
32880873225631,0,96485
32880873236756,1,96485
32880873299698,0,96485
32880873304799,1,96485
32880873316132,0,96484
32880873323090,1,96484
32880873385261,0,96484
32880873392251,1,96484
32880873449408,0,96484
32880873455682,1,96484
32880873465276,0,96485
32880873471983,1,96485
32880873532874,0,96485
32880873538801,1,96485
32880873547234,0,96486
32880873554463,1,96486
32880873615918,0,96486
32880873622409,1,96486
32880873632580,0,96484
32880873639733,1,96484
32880873700722,0,96484
32880873706214,1,96484
32880873716838,0,96485
32880873724002,1,96485
32880873784643,0,96485
32880873789636,1,96485
32880873799600,0,96486
32880873805602,1,96486
32880873866352,0,96486
32880873871247,1,96486
32880873882721,0,96484
32880873890395,1,96484
32880873952208,0,96484
32880873956876,1,96484
32880873967750,0,96485
32880873975630,1,96485
32880874038192,0,96485
32880874043022,1,96485
32880874052628,0,96486
32880874058967,1,96486
32880874119641,0,96486
32880874125013,1,96486
32880874136162,0,96484
32880874143825,1,96484
32880874205584,0,96484
32880874211401,1,96484
32880874221082,0,96485
32880874228723,1,96485
32880874289820,0,96485
32880874294976,1,96485
32880874305005,0,96486
32880874311311,1,96486
32880874372766,0,96486
32880874378215,1,96486
32880874388712,0,96484
32880874395452,1,96484
32880874456365,0,96484
32880874462118,1,96484
32880874472167,0,96485
32880874478538,1,96485
32880874539158,0,96485
32880874545735,1,96485
32880874554332,0,96486
32880874560377,1,96486
32880874621160,0,96486
32880874626315,1,96486
32880874637030,0,96484
32880874643748,1,96484
32880874704520,0,96484
32880874710565,1,96484
32880874720680,0,96485
32880874728809,1,96485
32880874789689,0,96485
32880874794595,1,96485
32880874805211,0,96486
32880874813449,1,96486
32880874874741,0,96486
32880874881438,1,96486
32880874890796,0,96484
32880874896744,1,96484
32880874958459,0,96484
32880874964386,1,96484
32880874973762,0,96485
32880874981013,1,96485
32880875041871,0,96485
32880875048090,1,96485
32880875057370,0,96486
32880875064393,1,96486
32880875125078,0,96486
32880875130450,1,96486
32880875141631,0,96484
32880875148849,1,96484
32880875209773,0,96484
32880875215666,1,96484
32880875225705,0,96485
32880875232966,1,96485
32880875293727,0,96485
32880875299848,1,96485
32880875308694,0,96486
32880875316140,1,96486
32880875377726,0,96486
32880875383261,1,96486
32880875393368,0,96484
32880875402116,1,96484
32880875463625,0,96484
32880875469063,1,96484
32880875479514,0,96485
32880875485603,1,96485
32880875546690,0,96485
32880875561299,1,96485
32880875618174,0,96485
32880875623601,1,96485
32880875635129,0,96484
32880875642586,1,96484
32880875703781,0,96484
32880875709153,1,96484
32880875717640,0,96486
32880875723979,1,96486
32880875785673,0,96486
32880875791903,1,96486
32880875802095,0,96485
32880875809671,1,96485
32880875871061,0,96485
32880875877313,1,96485
32880875887354,0,96484
32880875894105,1,96484
32880875954812,0,96484
32880875959967,1,96484
32880875969724,0,96486
32880875975845,1,96486
32880876036942,0,96486
32880876041013,1,96486
32880876053364,0,96485
32880876060235,1,96485
32880876120876,0,96485
32880876127345,1,96485
32880876137007,0,96484
32880876144463,1,96484
32880876205170,0,96484
32880876209804,1,96484
32880876220168,0,96486
32880876226659,1,96486
32880876287713,0,96486
32880876292977,1,96486
32880876304222,0,96485
32880876311440,1,96485
32880876372406,0,96485
32880876379364,1,96485
32880876388537,0,96484
32880876395559,1,96484
32880876456320,0,96484
32880876461617,1,96484
32880876471644,0,96486
32880876477864,1,96486
32880876538928,0,96486
32880876544529,1,96486
32880876555633,0,96485
32880876562123,1,96485
32880876622981,0,96485
32880876628289,1,96485
32880876639361,0,96484
32880876648132,1,96484
32880876709077,0,96484
32880876714601,1,96484
32880876724097,0,96486
32880876731304,1,96486
32880876814001,0,96485
32880876823791,1,96485
32880876888209,0,96485
32880876894114,1,96485
32880876907519,0,96484
32880876917830,1,96484
32880876981174,0,96484
32880876986861,1,96484
32880877001210,0,96486
32880877009470,1,96486
32880877072391,0,96486
32880877078686,1,96486
32880877091602,0,96485
32880877101675,1,96485
32880877164704,0,96485
32880877169675,1,96485
32880877183221,0,96484
32880877192902,1,96484
32880877255378,0,96484
32880877260273,1,96484
32880877270291,0,96486
32880877277194,1,96486
32880877338400,0,96486
32880877343903,1,96486
32880877355245,0,96485
32880877362409,1,96485
32880877423278,0,96485
32880877428477,1,96485
32880877438745,0,96485
32880877443054,1,96485
32880877499506,0,96485
32880877504249,1,96485
32880877514538,0,96485
32880877520139,1,96485
32880877576146,0,96485
32880877582658,1,96485
32880877594100,0,96484
32880877603043,1,96484
32880877666658,0,96484
32880877673616,1,96484
32880877730578,0,96484
32880877735125,1,96484
32880877747150,0,96485
32880877753467,1,96485
32880877814521,0,96485
32880877821142,1,96485
32880877831019,0,96486
32880877839507,1,96486
32880877855951,0,96486
32880877860249,1,96486
32880877870397,0,96486
32880877873946,1,96486
32880877891345,0,96486
32880877894960,1,96486
32880877907312,0,96485
32880877913596,1,96485
32880877925069,0,96485
32880877927739,1,96485
32880877937746,0,96485
32880877942283,1,96485
32880877951498,0,96486
32880877956958,1,96486
32880877968996,0,96484
32880877977126,1,96484
32880877993374,0,96484
32880877998052,1,96484
32880878008353,0,96484
32880878012770,1,96484
32880878026055,0,96484
32880878029876,1,96484
32880878041794,0,96484
32880878045593,1,96484
32880878101165,0,96484
32880878107048,1,96484
32880878116196,0,96486
32880878123664,1,96486
32880878184056,0,96486
32880878189211,1,96486
32880878199588,0,96485
32880878206621,1,96485
32880878268315,0,96485
32880878274350,1,96485
32880878284445,0,96484
32880878292423,1,96484
32880878353553,0,96484
32880878359902,1,96484
32880878368334,0,96486
32880878374945,1,96486
32880878435868,0,96486
32880878441577,1,96486
32880878452659,0,96485
32880878459714,1,96485
32880878520800,0,96485
32880878525913,1,96485
32880878537777,0,96484
32880878544442,1,96484
32880878605343,0,96484
32880878611107,1,96484
32880878620201,0,96486
32880878626974,1,96486
32880878687995,0,96486
32880878695191,1,96486
32880878704504,0,96485
32880878713024,1,96485
32880878774740,0,96485
32880878781329,1,96485
32880878791120,0,96484
32880878798360,1,96484
32880878860683,0,96484
32880878866024,1,96484
32880878874065,0,96486
32880878881120,1,96486
32880878954048,0,96486
32880878962145,1,96486
32880878979903,0,96485
32880878989454,1,96485
32880879065193,0,96485
32880879072249,1,96485
32880879084708,0,96484
32880879093098,1,96484
32880879154510,0,96484
32880879161044,1,96484
32880879172712,0,96486
32880879180180,1,96486
32880879242004,0,96486
32880879249059,1,96486
32880879260868,0,96485
32880879269975,1,96485
32880879330388,0,96485
32880879334339,1,96485
32880879344629,0,96485
32880879348601,1,96485
32880879403978,0,96485
32880879410794,1,96485
32880879419684,0,96486
32880879426630,1,96486
32880879488140,0,96486
32880879493784,1,96486
32880879505584,0,96484
32880879514701,1,96484
32880879578566,0,96484
32880879585805,1,96484
32880879642648,0,96484
32880879647554,1,96484
32880879660317,0,96486
32880879669076,1,96486
32880879732626,0,96486
32880879739062,1,96486
32880879795481,0,96486
32880879800507,1,96486
32880879813055,0,96484
32880879820284,1,96484
32880879881414,0,96484
32880879886678,1,96484
32880879942771,0,96484
32880879948991,1,96484
32880879961677,0,96486
32880879970871,1,96486
32880880045752,0,96485
32880880052569,1,96485
32880880086878,0,96486
32880880093456,1,96486
32880880103973,0,96486
32880880108966,1,96486
32880880125877,0,96486
32880880129697,1,96486
32880880142288,0,96485
32880880147042,1,96485
32880880158449,0,96485
32880880163236,1,96485
32880880173276,0,96485
32880880177075,1,96485
32880880186225,0,96486
32880880191218,1,96486
32880880203625,0,96484
32880880211570,1,96484
32880880227775,0,96484
32880880232138,1,96484
32880880242352,0,96484
32880880246639,1,96484
32880880261953,0,96485
32880880269138,1,96485
32880880328629,0,96485
32880880334327,1,96485
32880880347071,0,96484
32880880354181,1,96484
32880880414919,0,96484
32880880421117,1,96484
32880880429538,0,96486
32880880437125,1,96486
32880880497908,0,96486
32880880504735,1,96486
32880880560937,0,96486
32880880565875,1,96486
32880880577849,0,96484
32880880584383,1,96484
32880880645035,0,96484
32880880649886,1,96484
32880880706034,0,96484
32880880711581,1,96484
32880880720968,0,96486
32880880728045,1,96486
32880880789153,0,96486
32880880795426,1,96486
32880880851161,0,96486
32880880857587,1,96486
32880880868030,0,96484
32880880876594,1,96484
32880880937550,0,96484
32880880943541,1,96484
32880881000014,0,96484
32880881005311,1,96484
32880881015143,0,96486
32880881023457,1,96486
32880881084989,0,96486
32880881090112,1,96486
32880881146205,0,96486
32880881152750,1,96486
32880881162813,0,96484
32880881171160,1,96484
32880881232300,0,96484
32880881237489,1,96484
32880881293571,0,96484
32880881299269,1,96484
32880881308972,0,96486
32880881316938,1,96486
32880881378437,0,96486
32880881384993,1,96486
32880881441021,0,96486
32880881445970,1,96486
32880881458009,0,96484
32880881464369,1,96484
32880881524793,0,96484
32880881531165,1,96484
32880881587540,0,96484
32880881593098,1,96484
32880881602659,0,96486
32880881609649,1,96486
32880881670919,0,96486
32880881676140,1,96486
32880881731821,0,96486
32880881738290,1,96486
32880881748483,0,96484
32880881756233,1,96484
32880881816994,0,96484
32880881822355,1,96484
32880881878742,0,96484
32880881884972,1,96484
32880881893762,0,96486
32880881900676,1,96486
32880881961665,0,96486
32880881968481,1,96486
32880882024672,0,96486
32880882030381,1,96486
32880882041693,0,96484
32880882048509,1,96484
32880882109335,0,96484
32880882115370,1,96484
32880882171723,0,96484
32880882177498,1,96484
32880882187091,0,96486
32880882194841,1,96486
32880882255623,0,96486
32880882261202,1,96486
32880882317100,0,96486
32880882322603,1,96486
32880882334197,0,96484
32880882341024,1,96484
32880882402099,0,96484
32880882408785,1,96484
32880882465161,0,96484
32880882470132,1,96484
32880882480160,0,96486
32880882487985,1,96486
32880882549224,0,96486
32880882556018,1,96486
32880882612101,0,96486
32880882617549,1,96486
32880882629045,0,96484
32880882635644,1,96484
32880882697892,0,96484
32880882703840,1,96484
32880882760031,0,96484
32880882765306,1,96484
32880882774997,0,96486
32880882781727,1,96486
32880882842357,0,96486
32880882848045,1,96486
32880882903628,0,96486
32880882908805,1,96486
32880882920952,0,96484
32880882928170,1,96484
32880882989028,0,96484
32880882995237,1,96484
32880883051623,0,96484
32880883058244,1,96484
32880883066687,0,96486
32880883073666,1,96486
32880883134362,0,96486
32880883139040,1,96486
32880883194764,0,96486
32880883200495,1,96486
32880883211947,0,96484
32880883219024,1,96484
32880883280132,0,96484
32880883285060,1,96484
32880883295349,0,96484
32880883299941,1,96484
32880883355991,0,96484
32880883361374,1,96484
32880883373475,0,96486
32880883379705,1,96486
32880883440281,0,96486
32880883445806,1,96486
32880883459373,0,96485
32880883468219,1,96485
32880883530945,0,96485
32880883538141,1,96485
32880883549451,0,96484
32880883558568,1,96484
32880883622357,0,96484
32880883627100,1,96484
32880883635588,0,96486
32880883642903,1,96486
32880883703653,0,96486
32880883708896,1,96486
32880883720216,0,96485
32880883727065,1,96485
32880883788325,0,96485
32880883793383,1,96485
32880883803640,0,96485
32880883807841,1,96485
32880883864238,0,96485
32880883868797,1,96485
32880883879727,0,96486
32880883887086,1,96486
32880883948096,0,96486
32880883953653,1,96486
32880883965854,0,96484
32880883975210,1,96484
32880884038424,0,96484
32880884044220,1,96484
32880884053727,0,96485
32880884061010,1,96485
32880884122074,0,96485
32880884128760,1,96485
32880884136825,0,96486
32880884153182,1,96486
32880884214919,0,96486
32880884221041,1,96486
32880884231538,0,96484
32880884238832,1,96484
32880884299788,0,96484
32880884305063,1,96484
32880884315916,0,96485
32880884322905,1,96485
32880884384198,0,96485
32880884390298,1,96485
32880884398862,0,96486
32880884405146,1,96486
32880884466059,0,96486
32880884472832,1,96486
32880884482526,0,96484
32880884489342,1,96484
32880884550504,0,96484
32880884555508,1,96484
32880884566382,0,96485
32880884574924,1,96485
32880884636303,0,96485
32880884641340,1,96485
32880884651097,0,96486
32880884657849,1,96486
32880884718544,0,96486
32880884723580,1,96486
32880884735206,0,96484
32880884742457,1,96484
32880884803597,0,96484
32880884808547,1,96484
32880884819204,0,96485
32880884825836,1,96485
32880884887085,0,96485
32880884893369,1,96485
32880884901618,0,96486
32880884908923,1,96486
32880884969705,0,96486
32880884974731,1,96486
32880884986248,0,96484
32880884994095,1,96484
32880885055952,0,96484
32880885061141,1,96484
32880885071244,0,96485
32880885078614,1,96485
32880885139993,0,96485
32880885147038,1,96485
32880885155591,0,96486
32880885161690,1,96486
32880885177364,0,96486
32880885181043,1,96486
32880885191159,0,96486
32880885195088,1,96486
32880885203858,0,96485
32880885208677,1,96485
32880885221161,0,96484
32880885228238,1,96484
32880885244074,0,96484
32880885247254,1,96484
32880885257294,0,96484
32880885261136,1,96484
32880885277687,0,96485
32880885282170,1,96485
32880885338806,0,96485
32880885344081,1,96485
32880885354359,0,96485
32880885358603,1,96485
32880885414198,0,96485
32880885419028,1,96485
32880885429078,0,96486
32880885436275,1,96486
32880885497491,0,96486
32880885503558,1,96486
32880885512927,0,96484
32880885529881,1,96484
32880885608223,0,96485
32880885615832,1,96485
32880885676994,0,96485
32880885681878,1,96485
32880885692201,0,96486
32880885699961,1,96486
32880885760733,0,96486
32880885766029,1,96486
32880885777058,0,96484
32880885783484,1,96484
32880885844353,0,96484
32880885850399,1,96484
32880885860481,0,96485
32880885867633,1,96485
32880885928503,0,96485
32880885933854,1,96485
32880885943622,0,96486
32880885951708,1,96486
32880886012871,0,96486
32880886017972,1,96486
32880886028697,0,96484
32880886035926,1,96484
32880886096914,0,96484
32880886102320,1,96484
32880886112749,0,96485
32880886119696,1,96485
32880886180760,0,96485
32880886185633,1,96485
32880886195869,0,96486
32880886204454,1,96486
32880886265519,0,96486
32880886271054,1,96486
32880886281551,0,96484
32880886288107,1,96484
32880886349139,0,96484
32880886355977,1,96484
32880886365451,0,96485
32880886372398,1,96485
32880886433614,0,96485
32880886440029,1,96485
32880886448767,0,96486
32880886455073,1,96486
32880886515942,0,96486
32880886521901,1,96486
32880886531768,0,96484
32880886538411,1,96484
32880886599356,0,96484
32880886605966,1,96484
32880886615690,0,96485
32880886623755,1,96485
32880886685047,0,96485
32880886690463,1,96485
32880886700275,0,96486
32880886708025,1,96486
32880886769220,0,96486
32880886774657,1,96486
32880886785176,0,96484
32880886793230,1,96484
32880886854370,0,96484
32880886859787,1,96484
32880886870487,0,96485
32880886877944,1,96485
32880886938781,0,96485
32880886946291,1,96485
32880886953998,0,96486
32880886960586,1,96486
32880887021314,0,96486
32880887028315,1,96486
32880887037238,0,96484
32880887044022,1,96484
32880887104967,0,96484
32880887109591,1,96484
32880887121095,0,96485
32880887128063,1,96485
32880887189030,0,96485
32880887194641,1,96485
32880887204128,0,96486
32880887210857,1,96486
32880887271878,0,96486
32880887277631,1,96486
32880887287651,0,96484
32880887295552,1,96484
32880887356432,0,96484
32880887361881,1,96484
32880887372430,0,96485
32880887378910,1,96485
32880887439811,0,96485
32880887445705,1,96485
32880887454844,0,96486
32880887462192,1,96486
32880887522508,0,96486
32880887527859,1,96486
32880887538866,0,96484
32880887545726,1,96484
32880887606519,0,96484
32880887611794,1,96484
32880887622831,0,96485
32880887629419,1,96485
32880887690940,0,96485
32880887696486,1,96485
32880887705604,0,96486
32880887713310,1,96486
32880887774809,0,96486
32880887780648,1,96486
32880887790635,0,96484
32880887799014,1,96484
32880887860144,0,96484
32880887865527,1,96484
32880887876565,0,96485
32880887884304,1,96485
32880887945824,0,96485
32880887950567,1,96485
32880887960498,0,96486
32880887967087,1,96486
32880888028206,0,96486
32880888033969,1,96486
32880888044119,0,96484
32880888050479,1,96484
32880888112325,0,96484
32880888117003,1,96484
32880888127520,0,96485
32880888136214,1,96485
32880888197810,0,96485
32880888204268,1,96485
32880888212908,0,96486
32880888220560,1,96486
32880888281841,0,96486
32880888286943,1,96486
32880888298146,0,96484
32880888304886,1,96484
32880888365733,0,96484
32880888371866,1,96484
32880888382436,0,96485
32880888388905,1,96485
32880888450371,0,96485
32880888454887,1,96485
32880888465122,0,96486
32880888471873,1,96486
32880888533187,0,96486
32880888538582,1,96486
32880888549155,0,96484
32880888555906,1,96484
32880888617198,0,96484
32880888622962,1,96484
32880888633402,0,96485
32880888639849,1,96485
32880888701011,0,96485
32880888706742,1,96485
32880888716272,0,96486
32880888723316,1,96486
32880888783968,0,96486
32880888789461,1,96486
32880888800468,0,96484
32880888808923,1,96484
32880888870509,0,96484
32880888876164,1,96484
32880888885779,0,96485
32880888895808,1,96485
32880888958153,0,96485
32880888963993,1,96485
32880888972318,0,96486
32880888979318,1,96486
32880889040405,0,96486
32880889046526,1,96486
32880889056654,0,96484
32880889063720,1,96484
32880889125110,0,96484
32880889131145,1,96484
32880889141446,0,96484
32880889144952,1,96484
32880889201674,0,96484
32880889207080,1,96484
32880889216869,0,96486
32880889223446,1,96486
32880889284608,0,96486
32880889291392,1,96486
32880889302420,0,96485
32880889311852,1,96485
32880889374979,0,96485
32880889380786,1,96485
32880889391044,0,96484
32880889399054,1,96484
32880889460770,0,96484
32880889466110,1,96484
32880889475269,0,96486
32880889481782,1,96486
32880889543107,0,96486
32880889547524,1,96486
32880889559268,0,96485
32880889566356,1,96485
32880889627117,0,96485
32880889632283,1,96485
32880889644105,0,96484
32880889652310,1,96484
32880889713255,0,96484
32880889719030,1,96484
32880889727907,0,96486
32880889735646,1,96486
32880889797220,0,96486
32880889802571,1,96486
32880889813241,0,96485
32880889819330,1,96485
32880889879939,0,96485
32880889885843,1,96485
32880889896644,0,96484
32880889903254,1,96484
32880889963678,0,96484
32880889969008,1,96484
32880889978753,0,96486
32880889985548,1,96486
32880890073063,0,96485
32880890079891,1,96485
32880890100871,0,96486
32880890106103,1,96486
32880890116414,0,96486
32880890121375,1,96486
32880890131599,0,96486
32880890135246,1,96486
32880890142116,0,96485
32880890147326,1,96485
32880890156934,0,96484
32880890165031,1,96484
32880890226215,0,96484
32880890231316,1,96484
32880890243449,0,96485
32880890250711,1,96485
32880890313306,0,96485
32880890319373,1,96485
32880890327481,0,96486
32880890333472,1,96486
32880890394569,0,96486
32880890400311,1,96486
32880890410928,0,96484
32880890419177,1,96484
32880890480371,0,96484
32880890485538,1,96484
32880890494144,0,96485
32880890501307,1,96485
32880890563403,0,96485
32880890569384,1,96485
32880890625401,0,96485
32880890630502,1,96485
32880890640705,0,96485
32880890643994,1,96485
32880890699121,0,96485
32880890705851,1,96485
32880890716140,0,96485
32880890721209,1,96485
32880890776760,0,96485
32880890782122,1,96485
32880890795320,0,96485
32880890801235,1,96485
32880890814435,0,96484
32880890826331,1,96484
32880890912631,0,96484
32880890922335,1,96484
32880890998823,0,96484
32880891007680,1,96484
32880891076798,0,96484
32880891082485,1,96484
32880891092786,0,96484
32880891096422,1,96484
32880891155869,0,96484
32880891163174,1,96484
32880891187301,0,96485
32880891200499,1,96485
32880891298587,0,96485
32880891305631,1,96485
32880891317366,0,96486
32880891326744,1,96486
32880891352761,0,96486
32880891359317,1,96486
32880891368399,0,96485
32880891377083,1,96485
32880891387688,0,96484
32880891397880,1,96484
32880891477082,0,96484
32880891484777,1,96484
32880891505301,0,96485
32880891517338,1,96485
32880891598124,0,96485
32880891605309,1,96485
32880891680864,0,96485
32880891689840,1,96485
32880891703299,0,96485
32880891709464,1,96485
32880891782077,0,96485
32880891792617,1,96485
32880891854202,0,96485
32880891859293,1,96485
32880891869550,0,96485
32880891873327,1,96485
32880891929301,0,96485
32880891935140,1,96485
32880891946515,0,96486
32880891954265,1,96486
32880892018477,0,96486
32880892024045,1,96486
32880892034498,0,96486
32880892038177,1,96486
32880892094857,0,96486
32880892099274,1,96486
32880892111832,0,96485
32880892118724,1,96485
32880892197471,0,96484
32880892207370,1,96484
32880892270367,0,96484
32880892276185,1,96484
32880892285029,0,96486
32880892291715,1,96486
32880892352487,0,96486
32880892357642,1,96486
32880892367986,0,96486
32880892373402,1,96486
32880892429941,0,96486
32880892435563,1,96486
32880892447992,0,96484
32880892454971,1,96484
32880892516286,0,96484
32880892521213,1,96484
32880892530525,0,96486
32880892538513,1,96486
32880892626345,0,96484
32880892633324,1,96484
32880892657831,0,96486
32880892663290,1,96486
32880892673721,0,96486
32880892678464,1,96486
32880892688765,0,96486
32880892693747,1,96486
32880892707814,0,96486
32880892712350,1,96486
32880892767749,0,96486
32880892773524,1,96486
32880892783889,0,96486
32880892788665,1,96486
32880892844161,0,96486
32880892848687,1,96486
32880892858620,0,96484
32880892866620,1,96484
32880892928064,0,96484
32880892933697,1,96484
32880892943464,0,96485
32880892950780,1,96485
32880893012224,0,96485
32880893016859,1,96485
32880893027062,0,96486
32880893033976,1,96486
32880893094704,0,96486
32880893101097,1,96486
32880893111160,0,96484
32880893118280,1,96484
32880893179203,0,96484
32880893184695,1,96484
32880893195450,0,96485
32880893201767,1,96485
32880893262810,0,96485
32880893268172,1,96485
32880893278017,0,96486
32880893284551,1,96486
32880893346440,0,96486
32880893351173,1,96486
32880893362940,0,96484
32880893370309,1,96484
32880893431287,0,96484
32880893436801,1,96484
32880893447578,0,96485
32880893454426,1,96485
32880893515751,0,96485
32880893520853,1,96485
32880893530469,0,96486
32880893537166,1,96486
32880893598426,0,96486
32880893604798,1,96486
32880893614470,0,96484
32880893621677,1,96484
32880893682752,0,96484
32880893687430,1,96484
32880893699564,0,96485
32880893706369,1,96485
32880893767477,0,96485
32880893773099,1,96485
32880893782380,0,96486
32880893790791,1,96486
32880893851682,0,96486
32880893856577,1,96486
32880893868420,0,96484
32880893876420,1,96484
32880893937701,0,96484
32880893943063,1,96484
32880893954014,0,96485
32880893960938,1,96485
32880894022068,0,96485
32880894027397,1,96485
32880894036341,0,96486
32880894043505,1,96486
32880894104547,0,96486
32880894110919,1,96486
32880894120331,0,96484
32880894126843,1,96484
32880894188124,0,96484
32880894193508,1,96484
32880894204198,0,96485
32880894211155,1,96485
32880894272806,0,96485
32880894279633,1,96485
32880894287958,0,96486
32880894294525,1,96486
32880894310589,0,96486
32880894314539,1,96486
32880894324796,0,96486
32880894327770,1,96486
32880894336399,0,96485
32880894342901,1,96485
32880894352736,0,96484
32880894360345,1,96484
32880894376376,0,96484
32880894380631,1,96484
32880894390833,0,96484
32880894395957,1,96484
32880894412518,0,96485
32880894417924,1,96485
32880894493545,0,96484
32880894501273,1,96484
32880894563162,0,96484
32880894568036,1,96484
32880894576229,0,96486
32880894584196,1,96486
32880894646042,0,96486
32880894651024,1,96486
32880894661303,0,96486
32880894665243,1,96486
32880894721086,0,96486
32880894727447,1,96486
32880894738682,0,96484
32880894746540,1,96484
32880894808267,0,96484
32880894814877,1,96484
32880894822853,0,96486
32880894831840,1,96486
32880894893339,0,96486
32880894898896,1,96486
32880894911542,0,96484
32880894917805,1,96484
32880894979206,0,96484
32880894985143,1,96484
32880894993858,0,96486
32880895001770,1,96486
32880895041637,3,96485
32880895063074,0,96486
32880895069499,1,96486
32880895080930,0,96484
32880895088940,1,96484
32880895150287,0,96484
32880895156712,1,96484
32880895164471,0,96486
32880895170962,1,96486
32880895232200,0,96486
32880895237432,1,96486
32880895247776,0,96486
32880895253420,1,96486
32880895309991,0,96486
32880895315440,1,96486
32880895327597,0,96484
32880895334142,1,96484
32880895395630,0,96484
32880895400938,1,96484
32880895410759,0,96486
32880895418715,1,96486
32880895480170,0,96486
32880895486097,1,96486
32880895496952,0,96484
32880895503649,1,96484
32880895564833,0,96484
32880895569685,1,96484
32880895580917,0,96486
32880895588037,1,96486
32880895649189,0,96486
32880895654648,1,96486
32880895665786,0,96484
32880895672808,1,96484
32880895733178,0,96484
32880895739321,1,96484
32880895749262,0,96486
32880895757555,1,96486
32880895818771,0,96486
32880895824372,1,96486
32880895835010,0,96484
32880895840709,1,96484
32880895923893,0,96484
32880895934335,1,96484
32880895949515,0,96486
32880895959566,1,96486
32880896023919,0,96486
32880896029021,1,96486
32880896039810,0,96486
32880896045519,1,96486
32880896116384,0,96486
32880896121877,1,96486
32880896136497,0,96486
32880896139894,1,96486
32880896194327,0,96486
32880896199830,1,96486
32880896212088,0,96484
32880896219567,1,96484
32880896282151,0,96484
32880896288142,1,96484
32880896298454,0,96484
32880896303208,1,96484
32880896317101,0,96484
32880896322115,1,96484
32880896379164,0,96484
32880896385068,1,96484
32880896395445,0,96484
32880896399179,1,96484
32880896415892,0,96486
32880896425031,1,96486
32880896488006,0,96486
32880896493900,1,96486
32880896504202,0,96484
32880896510909,1,96484
32880896572658,0,96484
32880896577531,1,96484
32880896589068,0,96486
32880896595949,1,96486
32880896656699,0,96486
32880896662213,1,96486
32880896673687,0,96484
32880896681143,1,96484
32880896742305,0,96484
32880896746311,1,96484
32880896757554,0,96486
32880896766129,1,96486
32880896827812,0,96486
32880896833803,1,96486
32880896842531,0,96484
32880896849597,1,96484
32880896910814,0,96484
32880896916371,1,96484
32880896926225,0,96486
32880896933877,1,96486
32880896995376,0,96486
32880897001823,1,96486
32880897012494,0,96484
32880897018789,1,96484
32880897079224,0,96484
32880897085704,1,96484
32880897094212,0,96486
32880897101593,1,96486
32880897162212,0,96486
32880897167585,1,96486
32880897179840,0,96484
32880897186244,1,96484
32880897246929,0,96484
32880897251672,1,96484
32880897262970,0,96486
32880897269091,1,96486
32880897330102,0,96486
32880897336006,1,96486
32880897347187,0,96484
32880897353667,1,96484
32880897414352,0,96484
32880897420788,1,96484
32880897430946,0,96486
32880897436894,1,96486
32880897498056,0,96486
32880897503972,1,96486
32880897514089,0,96484
32880897521459,1,96484
32880897582284,0,96484
32880897588905,1,96484
32880897598640,0,96486
32880897605641,1,96486
32880897666738,0,96486
32880897671687,1,96486
32880897682042,0,96486
32880897686221,1,96486
32880897742727,0,96486
32880897747763,1,96486
32880897759519,0,96484
32880897765380,1,96484
32880897826879,0,96484
32880897833207,1,96484
32880897842681,0,96486
32880897848922,1,96486
32880897909932,0,96486
32880897915424,1,96486
32880897926345,0,96484
32880897933183,1,96484
32880897994063,0,96484
32880897999338,1,96484
32880898009854,0,96486
32880898016377,1,96486
32880898077637,0,96486
32880898082597,1,96486
32880898095189,0,96484
32880898102928,1,96484
32880898164004,0,96484
32880898170842,1,96484
32880898187904,0,96484
32880898192083,1,96484
32880898206713,0,96486
32880898212530,1,96486
32880898276764,0,96486
32880898284937,1,96486
32880898310737,0,96486
32880898317836,1,96486
32880898335419,0,96486
32880898341780,1,96486
32880898412157,0,96486
32880898419592,1,96486
32880898435017,0,96484
32880898442354,1,96484
32880898466808,0,96484
32880898472441,1,96484
32880898544099,0,96484
32880898549179,1,96484
32880898562365,0,96486
32880898575803,1,96486
32880898660333,0,96486
32880898669017,1,96486
32880898682975,0,96486
32880898688434,1,96486
32880898759083,0,96486
32880898765552,1,96486
32880898776797,0,96486
32880898781800,1,96486
32880898857919,0,96486
32880898865300,1,96486
32880898879812,0,96486
32880898887399,1,96486
32880898961434,0,96486
32880898968239,1,96486
32880898987745,0,96484
32880899000770,1,96484
32880899078560,0,96484
32880899086972,1,96484
32880899099127,0,96486
32880899110122,1,96486
32880899207699,0,96486
32880899214288,1,96486
32880899229169,0,96486
32880899232338,1,96486
32880899285588,0,96486
32880899291785,1,96486
32880899302183,0,96486
32880899306558,1,96486
32880899320885,0,96486
32880899324933,1,96486
32880899379247,0,96486
32880899384739,1,96486
32880899395050,0,96486
32880899400835,1,96486
32880899457113,0,96486
32880899461846,1,96486
32880899472092,0,96486
32880899476010,1,96486
32880899492551,0,96486
32880899496394,1,96486
32880899506359,0,96484
32880899515617,1,96484
32880899577767,0,96484
32880899585333,1,96484
32880899593689,0,96486
32880899602155,1,96486
32880899663230,0,96486
32880899668321,1,96486
32880899678708,0,96486
32880899682648,1,96486
32880899738535,0,96486
32880899743756,1,96486
32880899756467,0,96484
32880899763371,1,96484
32880899824858,0,96484
32880899830198,1,96484
32880899840020,0,96486
32880899846858,1,96486
32880899907749,0,96486
32880899912579,1,96486
32880899924889,0,96484
32880899932063,1,96484
32880899993171,0,96484
32880900000378,1,96484
32880900026211,0,96484
32880900030563,1,96484
32880900040863,0,96484
32880900044673,1,96484
32880900055657,0,96484
32880900058794,1,96484
32880900072470,0,96484
32880900075737,1,96484
32880900130951,0,96484
32880900137269,1,96484
32880900148425,0,96486
32880900156001,1,96486
32880900217196,0,96486
32880900223719,1,96486
32880900233619,0,96484
32880900241141,1,96484
32880900301869,0,96484
32880900307513,1,96484
32880900318854,0,96486
32880900324488,1,96486
32880900385194,0,96486
32880900390501,1,96486
32880900401943,0,96484
32880900408727,1,96484
32880900469791,0,96484
32880900475500,1,96484
32880900485018,0,96486
32880900493180,1,96486
32880900554983,0,96486
32880900561213,1,96486
32880900571873,0,96484
32880900579036,1,96484
32880900639830,0,96484
32880900645343,1,96484
32880900656088,0,96486
32880900664640,1,96486
32880900726107,0,96486
32880900731479,1,96486
32880900740902,0,96484
32880900747686,1,96484
32880900808229,0,96484
32880900814904,1,96484
32880900823847,0,96486
32880900830435,1,96486
32880900891131,0,96486
32880900896210,1,96486
32880900908390,0,96484
32880900916031,1,96484
32880900976509,0,96484
32880900981415,1,96484
32880900990716,0,96486
32880900998010,1,96486
32880901059042,0,96486
32880901064914,1,96486
32880901077299,0,96484
32880901084941,1,96484
32880901145115,0,96484
32880901151020,1,96484
32880901159517,0,96486
32880901165736,1,96486
32880901226714,0,96486
32880901233498,1,96486
32880901244907,0,96484
32880901252135,1,96484
32880901312918,0,96484
32880901319170,1,96484
32880901328166,0,96486
32880901336057,1,96486
32880901397154,0,96486
32880901401854,1,96486
32880901412274,0,96486
32880901417636,1,96486
32880901474304,0,96486
32880901479525,1,96486
32880901492095,0,96484
32880901499954,1,96484
32880901560736,0,96484
32880901566857,1,96484
32880901575301,0,96486
32880901582725,1,96486
32880901642823,0,96486
32880901647827,1,96486
32880901658149,0,96486
32880901661937,1,96486
32880901717531,0,96486
32880901724119,1,96486
32880901735821,0,96484
32880901744092,1,96484
32880901805081,0,96484
32880901810225,1,96484
32880901819580,0,96486
32880901825593,1,96486
32880901886050,0,96486
32880901891368,1,96486
32880901903971,0,96484
32880901911363,1,96484
32880901971407,0,96484
32880901977930,1,96484
32880901986102,0,96486
32880901992745,1,96486
32880902053310,0,96486
32880902058574,1,96486
32880902068972,0,96486
32880902073596,1,96486
32880902129190,0,96486
32880902134682,1,96486
32880902146677,0,96484
32880902153515,1,96484
32880902214091,0,96484
32880902220625,1,96484
32880902229937,0,96486
32880902236221,1,96486
32880902297503,0,96486
32880902302387,1,96486
32880902312764,0,96486
32880902316552,1,96486
32880902373654,0,96486
32880902379353,1,96486
32880902390121,0,96484
32880902396232,1,96484
32880902457796,0,96484
32880902463483,1,96484
32880902474542,0,96486
32880902481348,1,96486
32880902542119,0,96486
32880902547231,1,96486
32880902559704,0,96484
32880902566802,1,96484
32880902627400,0,96484
32880902632230,1,96484
32880902641422,0,96486
32880902649563,1,96486
32880902710638,0,96486
32880902716239,1,96486
32880902727789,0,96484
32880902735093,1,96484
32880902795973,0,96484
32880902802366,1,96484
32880902810766,0,96486
32880902828881,1,96486
32880902890423,0,96486
32880902896393,1,96486
32880902906738,0,96484
32880902914130,1,96484
32880902975346,0,96484
32880902980914,1,96484
32880902989119,0,96486
32880902997031,1,96486
32880903058096,0,96486
32880903062633,1,96486
32880903072998,0,96486
32880903077340,1,96486
32880903133173,0,96486
32880903138437,1,96486
32880903150540,0,96484
32880903157248,1,96484
32880903218193,0,96484
32880903224250,1,96484
32880903233518,0,96486
32880903240985,1,96486
32880903301996,0,96486
32880903308703,1,96486
32880903320069,0,96484
32880903327558,1,96484
32880903388481,0,96484
32880903394495,1,96484
32880903403165,0,96486
32880903413140,1,96486
32880903474704,0,96486
32880903481792,1,96486
32880903490628,0,96484
32880903497792,1,96484
32880903558802,0,96484
32880903564349,1,96484
32880903574767,0,96486
32880903582658,1,96486
32880903643473,0,96486
32880903648379,1,96486
32880903660417,0,96484
32880903667689,1,96484
32880903728168,0,96484
32880903733464,1,96484
32880903742873,0,96486
32880903750623,1,96486
32880903811503,0,96486
32880903816919,1,96486
32880903829533,0,96484
32880903846650,1,96484
32880903908452,0,96484
32880903914878,1,96484
32880903923332,0,96486
32880903929497,1,96486
32880903990257,0,96486
32880903995750,1,96486
32880904006017,0,96486
32880904009719,1,96486
32880904065573,0,96486
32880904070794,1,96486
32880904083364,0,96484
32880904090821,1,96484
32880904151799,0,96484
32880904157996,1,96484
32880904166287,0,96486
32880904172409,1,96486
32880904233701,0,96486
32880904239584,1,96486
32880904251416,0,96484
32880904258298,1,96484
32880904319091,0,96484
32880904324909,1,96484
32880904333743,0,96486
32880904340505,1,96486
32880904401243,0,96486
32880904407170,1,96486
32880904418394,0,96484
32880904424613,1,96484
32880904485211,0,96484
32880904491311,1,96484
32880904501502,0,96486
32880904509903,1,96486
32880904570587,0,96486
32880904575255,1,96486
32880904587347,0,96484
32880904593577,1,96484
32880904654371,0,96484
32880904661002,1,96484
32880904669912,0,96486
32880904676728,1,96486
32880904737489,0,96486
32880904742862,1,96486
32880904754585,0,96484
32880904761586,1,96484
32880904822293,0,96484
32880904829065,1,96484
32880904837205,0,96486
32880904844618,1,96486
32880904905346,0,96486
32880904911174,1,96486
32880904922638,0,96484
32880904929020,1,96484
32880904990171,0,96484
32880904995880,1,96484
32880905005485,0,96486
32880905011932,1,96486
32880905072997,0,96486
32880905078445,1,96486
32880905089235,0,96484
32880905096757,1,96484
32880905157268,0,96484
32880905163639,1,96484
32880905173005,0,96486
32880905181645,1,96486
32880905243035,0,96486
32880905248245,1,96486
32880905259610,0,96484
32880905265971,1,96484
32880905326612,0,96484
32880905334134,1,96484
32880905342805,0,96486
32880905349534,1,96486
32880905410924,0,96486
32880905416688,1,96486
32880905428010,0,96484
32880905436671,1,96484
32880905497942,0,96484
32880905503727,1,96484
32880905511758,0,96486
32880905518965,1,96486
32880905580605,0,96486
32880905585272,1,96486
32880905598005,0,96484
32880905605592,1,96484
32880905676881,0,96484
32880905681863,1,96484
32880905737121,0,96484
32880905743068,1,96484
32880905753574,0,96486
32880905760390,1,96486
32880905821585,0,96486
32880905827403,1,96486
32880905839550,0,96484
32880905846594,1,96484
32880905907116,0,96484
32880905913237,1,96484
32880905921941,0,96486
32880905929886,1,96486
32880905990744,0,96486
32880905994771,1,96486
32880906005006,0,96486
32880906009815,1,96486
32880906064975,0,96486
32880906070966,1,96486
32880906081288,0,96486
32880906085402,1,96486
32880906141387,0,96486
32880906146564,1,96486
32880906157669,0,96484
32880906165321,1,96484
32880906227395,0,96484
32880906233234,1,96484
32880906241992,0,96486
32880906248038,1,96486
32880906308495,0,96486
32880906313379,1,96486
32880906323668,0,96486
32880906329725,1,96486
32880906385460,0,96486
32880906390247,1,96486
32880906400961,0,96484
32880906407777,1,96484
32880906468418,0,96484
32880906474366,1,96484
32880906485382,0,96486
32880906492220,1,96486
32880906553295,0,96486
32880906559102,1,96486
32880906570164,0,96484
32880906578424,1,96484
32880906638869,0,96484
32880906644318,1,96484
32880906653619,0,96486
32880906661412,1,96486
32880906723258,0,96486
32880906728587,1,96486
32880906739974,0,96484
32880906747442,1,96484
32880906808495,0,96484
32880906813749,1,96484
32880906823625,0,96486
32880906830647,1,96486
32880906891288,0,96486
32880906896824,1,96486
32880906907070,0,96486
32880906911053,1,96486
32880906966702,0,96486
32880906971912,1,96486
32880906984124,0,96484
32880906991146,1,96484
32880907052037,0,96484
32880907057909,1,96484
32880907067351,0,96486
32880907074623,1,96486
32880907135677,0,96486
32880907141234,1,96486
32880907151438,0,96484
32880907158428,1,96484
32880907219297,0,96484
32880907226037,1,96484
32880907235870,0,96486
32880907242740,1,96486
32880907303078,0,96486
32880907308353,1,96486
32880907319837,0,96484
32880907327424,1,96484
32880907389726,0,96484
32880907395077,1,96484
32880907403683,0,96486
32880907410467,1,96486
32880907471000,0,96486
32880907476741,1,96486
32880907488497,0,96484
32880907495411,1,96484
32880907556031,0,96484
32880907562283,1,96484
32880907571041,0,96486
32880907577672,1,96486
32880907637966,0,96486
32880907642395,1,96486
32880907655236,0,96484
32880907662237,1,96484
32880907723139,0,96484
32880907730031,1,96484
32880907738083,0,96486
32880907744216,1,96486
32880907804434,0,96486
32880907810230,1,96486
32880907820585,0,96486
32880907824297,1,96486
32880907879359,0,96486
32880907885491,1,96486
32880907897584,0,96484
32880907904759,1,96484
32880907965617,0,96484
32880907971207,1,96484
32880907979986,0,96486
32880907986585,1,96486
32880908043623,0,96486
32880908048334,1,96486
32880908058504,0,96484
32880908066644,1,96484
32880908129131,0,96484
32880908135654,1,96484
32880908144630,0,96486
32880908151848,1,96486
32880908212435,0,96486
32880908216961,1,96486
32880908227435,0,96486
32880908230637,1,96486
32880908244530,0,96486
32880908248514,1,96486
32880908302371,0,96486
32880908309611,1,96486
32880908323049,0,96484
32880908331472,1,96484
32880908394067,0,96484
32880908399765,1,96484
32880908408599,0,96486
32880908416696,1,96486
32880908477772,0,96486
32880908483871,1,96486
32880908494085,0,96486
32880908498188,1,96486
32880908553717,0,96486
32880908559947,1,96486
32880908572192,0,96484
32880908579518,1,96484
32880908640735,0,96484
32880908647551,1,96484
32880908656146,0,96486
32880908664243,1,96486
32880908724591,0,96486
32880908730680,1,96486
32880908742556,0,96484
32880908748504,1,96484
32880908809655,0,96484
32880908816678,1,96484
32880908825414,0,96486
32880908833576,1,96486
32880908894532,0,96486
32880908901175,1,96486
32880908910934,0,96484
32880908917598,1,96484
32880908978999,0,96484
32880909014839,1,96484
32880909030935,0,96484
32880909035049,1,96484
32880909045219,0,96484
32880909051319,1,96484
32880909065549,0,96484
32880909070607,1,96484
32880909125767,0,96484
32880909132246,1,96484
32880909141862,0,96486
32880909150187,1,96486
32880909211685,0,96486
32880909217688,1,96486
32880909229487,0,96484
32880909235815,1,96484
32880909297596,0,96484
32880909303001,1,96484
32880909312226,0,96486
32880909319118,1,96486
32880909379314,0,96486
32880909384557,1,96486
32880909394835,0,96486
32880909397907,1,96486
32880909406451,0,96484
32880909415351,1,96484
32880909487931,0,96484
32880909493141,1,96484
32880909501997,0,96486
32880909509139,1,96486
32880909569921,0,96486
32880909574751,1,96486
32880909585041,0,96486
32880909588981,1,96486
32880909644336,0,96486
32880909650186,1,96486
32880909662529,0,96484
32880909669193,1,96484
32880909730203,0,96484
32880909735294,1,96484
32880909745723,0,96486
32880909752680,1,96486
32880909813343,0,96486
32880909818977,1,96486
32880909829190,0,96486
32880909833315,1,96486
32880909888344,0,96486
32880909893543,1,96486
32880909903779,0,96486
32880909906970,1,96486
32880909961869,0,96486
32880909967155,1,96486
32880909977412,0,96486
32880909982915,1,96486
32880910052109,0,96486
32880910057612,1,96486
32880910113391,0,96486
32880910120012,1,96486
32880910132104,0,96484
32880910138758,1,96484
32880910208712,0,96484
32880910218632,1,96484
32880910275865,0,96484
32880910281151,1,96484
32880910292156,0,96486
32880910299862,1,96486
32880910360938,0,96486
32880910366658,1,96486
32880910377719,0,96484
32880910384785,1,96484
32880910445633,0,96484
32880910451667,1,96484
32880910461500,0,96486
32880910468425,1,96486
32880910528599,0,96486
32880910534884,1,96486
32880910545337,0,96484
32880910552751,1,96484
32880910613413,0,96484
32880910618569,1,96484
32880910628944,0,96486
32880910636173,1,96486
32880910697899,0,96486
32880910704683,1,96486
32880910714746,0,96484
32880910721921,1,96484
32880910782757,0,96484
32880910788054,1,96484
32880910799460,0,96486
32880910806114,1,96486
32880910866549,0,96486
32880910872464,1,96486
32880910884123,0,96484
32880910891297,1,96484
32880910952134,0,96484
32880910958114,1,96484
32880910966438,0,96486
32880910973070,1,96486
32880911033591,0,96486
32880911039539,1,96486
32880911051947,0,96484
32880911057982,1,96484
32880911119111,0,96484
32880911124397,1,96484
32880911134761,0,96486
32880911141458,1,96486
32880911202165,0,96486
32880911207679,1,96486
32880911217881,0,96486
32880911222038,1,96486
32880911277394,0,96486
32880911282810,1,96486
32880911295272,0,96484
32880911302522,1,96484
32880911363999,0,96484
32880911370479,1,96484
32880911387585,0,96484
32880911392480,1,96484
32880911407404,0,96484
32880911411420,1,96484
32880911421427,0,96484
32880911425888,1,96484
32880911439901,0,96484
32880911443493,1,96484
32880911457126,0,96484
32880911461685,1,96484
32880911516302,0,96484
32880911520893,1,96484
32880911532744,0,96486
32880911540820,1,96486
32880911601190,0,96486
32880911605900,1,96486
32880911617363,0,96484
32880911623952,1,96484
32880911685440,0,96484
32880911692158,1,96484
32880911700775,0,96486
32880911707635,1,96486
32880911768113,0,96486
32880911774104,1,96486
32880911786458,0,96484
32880911792308,1,96484
32880911853644,0,96484
32880911860134,1,96484
32880911868133,0,96486
32880911874167,1,96486
32880911934928,0,96486
32880911940626,1,96486
32880911950905,0,96486
32880911957157,1,96486
32880912013044,0,96486
32880912018547,1,96486
32880912030727,0,96484
32880912039649,1,96484
32880912101527,0,96484
32880912107963,1,96484
32880912115701,0,96486
32880912122995,1,96486
32880912183408,0,96486
32880912189367,1,96486
32880912202002,0,96484
32880912208005,1,96484
32880912269004,0,96484
32880912274692,1,96484
32880912283883,0,96486
32880912292306,1,96486
32880912353588,0,96486
32880912359351,1,96486
32880912370771,0,96484
32880912377327,1,96484
32880912438511,0,96484
32880912445891,1,96484
32880912454400,0,96486
32880912461227,1,96486
32880912522356,0,96486
32880912527176,1,96486
32880912537443,0,96486
32880912541514,1,96486
32880912597032,0,96486
32880912601406,1,96486
32880912611706,0,96486
32880912615787,1,96486
32880912671349,0,96486
32880912677319,1,96486
32880912689542,0,96484
32880912695848,1,96484
32880912757336,0,96484
32880912764228,1,96484
32880912772291,0,96486
32880912779900,1,96486
32880912840465,0,96486
32880912846022,1,96486
32880912858115,0,96484
32880912865886,1,96484
32880912926734,0,96484
32880912931553,1,96484
32880912940918,0,96486
32880912946660,1,96486
32880913007301,0,96486
32880913011914,1,96486
32880913022128,0,96486
32880913027750,1,96486
32880913083475,0,96486
32880913087469,1,96486
32880913099768,0,96484
32880913107170,1,96484
32880913168300,0,96484
32880913173445,1,96484
32880913182159,0,96486
32880913189486,1,96486
32880913250181,0,96486
32880913254783,1,96486
32880913266811,0,96484
32880913273779,1,96484
32880913340629,0,96484
32880913410234,1,96484
32880913476063,0,96484
32880913482000,1,96484
32880913492529,0,96484
32880913497098,1,96484
32880913510981,0,96484
32880913515051,1,96484
32880913526849,0,96484
32880913530431,1,96484
32880913542099,0,96484
32880913545105,1,96484
32880913556578,0,96484
32880913559834,1,96484
32880913598388,0,96484
32880913603489,1,96484
32880913620063,0,96484
32880913623873,1,96484
32880913633924,0,96484
32880913637571,1,96484
32880913691775,0,96484
32880913696746,1,96484
32880913707134,0,96484
32880913710520,1,96484
32880913724033,0,96484
32880913728223,1,96484
32880913782667,0,96484
32880913789125,1,96484
32880913799838,0,96486
32880913808998,1,96486
32880913873004,0,96486
32880913879082,1,96486
32880913889372,0,96486
32880913893833,1,96486
32880913950513,0,96486
32880913955961,1,96486
32880913970169,0,96484
32880913979178,1,96484
32880914042771,0,96484
32880914048882,1,96484
32880914056882,0,96486
32880914065413,1,96486
32880914127009,0,96486
32880914132718,1,96486
32880914146276,0,96484
32880914155036,1,96484
32880914218792,0,96484
32880914225619,1,96484
32880914242486,0,96484
32880914247088,1,96484
32880914261468,0,96486
32880914270141,1,96486
32880914330890,0,96486
32880914337479,1,96486
32880914349061,0,96484
32880914355856,1,96484
32880914417463,0,96484
32880914424203,1,96484
32880914432060,0,96486
32880914438638,1,96486
32880914499485,0,96486
32880914504836,1,96486
32880914515690,0,96486
32880914518914,1,96486
32880914528943,0,96486
32880914532774,1,96486
32880914542684,0,96486
32880914546939,1,96486
32880914638188,0,96486
32880914643735,1,96486
32880914654221,0,96484
32880914662644,1,96484
32880914723893,0,96484
32880914729374,1,96484
32880914739120,0,96486
32880914747542,1,96486
32880914809345,0,96486
32880914814077,1,96486
32880914825833,0,96484
32880914834061,1,96484
32880914894810,0,96484
32880914899423,1,96484
32880914908615,0,96486
32880914915616,1,96486
32880914986829,0,96486
32880914992495,1,96486
32880915048230,0,96486
32880915055383,1,96486
32880915066781,0,96484
32880915073478,1,96484
32880915134499,0,96484
32880915139275,1,96484
32880915150019,0,96486
32880915156325,1,96486
32880915216912,0,96486
32880915223924,1,96486
32880915235104,0,96484
32880915241693,1,96484
32880915302410,0,96484
32880915307533,1,96484
32880915318288,0,96486
32880915324811,1,96486
32880915385387,0,96486
32880915390945,1,96486
32880915403428,0,96484
32880915409669,1,96484
32880915470082,0,96484
32880915475238,1,96484
32880915484680,0,96486
32880915493037,1,96486
32880915554492,0,96486
32880915560853,1,96486
32880915571296,0,96484
32880915577569,1,96484
32880915637896,0,96484
32880915644104,1,96484
32880915653437,0,96486
32880915661176,1,96486
32880915677360,0,96486
32880915681593,1,96486
32880915691904,0,96486
32880915695931,1,96486
32880915705938,0,96486
32880915710323,1,96486
32880915720341,0,96486
32880915723663,1,96486
32880915734245,0,96486
32880915737295,1,96486
32880915747161,0,96486
32880915750157,1,96486
32880915760099,0,96486
32880915764376,1,96486
32880915774416,0,96486
32880915778747,1,96486
32880915788797,0,96486
32880915793497,1,96486
32880915803472,0,96486
32880915807358,1,96486
32880915817278,0,96486
32880915821186,1,96486
32880915831139,0,96486
32880915835524,1,96486
32880915845683,0,96486
32880915849884,1,96486
32880915860010,0,96486
32880915863777,1,96486
32880915873708,0,96486
32880915877312,1,96486
32880915887243,0,96486
32880915891378,1,96486
32880915901386,0,96486
32880915905228,1,96486
32880915915474,0,96486
32880915918806,1,96486
32880915928879,0,96486
32880915933296,1,96486
32880915943217,0,96486
32880915947841,1,96486
32880915957805,0,96486
32880915961463,1,96486
32880915971448,0,96486
32880915975725,1,96486
32880915985743,0,96486
32880915988576,1,96486
32880915998485,0,96486
32880916015548,1,96486
32880916026293,0,96486
32880916031123,1,96486
32880916041228,0,96486
32880916045635,1,96486
32880916053473,0,96484
32880916059638,1,96484
32880916073400,0,96486
32880916077600,1,96486
32880916088487,0,96486
32880916092720,1,96486
32880916102673,0,96486
32880916105636,1,96486
32880916115622,0,96486
32880916119638,1,96486
32880916129656,0,96486
32880916133075,1,96486
32880916143223,0,96486
32880916146186,1,96486
32880916156129,0,96486
32880916159797,1,96486
32880916169707,0,96486
32880916173235,1,96486
32880916183155,0,96486
32880916187139,1,96486
32880916197222,0,96486
32880916201325,1,96486
32880916211473,0,96486
32880916215500,1,96486
32880916225507,0,96486
32880916229013,1,96486
32880916239173,0,96486
32880916243178,1,96486
32880916253109,0,96486
32880916256517,1,96486
32880916266720,0,96486
32880916270508,1,96486
32880916280505,0,96486
32880916284716,1,96486
32880916294712,0,96486
32880916298479,1,96486
32880916308443,0,96486
32880916312285,1,96486
32880916322368,0,96486
32880916327112,1,96486
32880916337314,0,96486
32880916341037,1,96486
32880916350936,0,96486
32880916354789,1,96486
32880916364818,0,96486
32880916367847,1,96486
32880916377821,0,96486
32880916381620,1,96486
32880916391682,0,96486
32880916395861,1,96486
32880916405857,0,96486
32880916410220,1,96486
32880916420304,0,96486
32880916424341,1,96486
32880916434327,0,96486
32880916438180,1,96486
32880916448220,0,96486
32880916451921,1,96486
32880916462037,0,96486
32880916465934,1,96486
32880916476158,0,96486
32880916479860,1,96486
32880916489986,0,96486
32880916493156,1,96486
32880916503109,0,96486
32880916506604,1,96486
32880916516720,0,96486
32880916520464,1,96486
32880916530483,0,96486
32880916534357,1,96486
32880916544278,0,96486
32880916548251,1,96486
32880916558280,0,96486
32880916561796,1,96486
32880916571923,0,96486
32880916574854,1,96486
32880916584807,0,96486
32880916589224,1,96486
32880916599286,0,96486
32880916603020,1,96486
32880916613060,0,96486
32880916617293,1,96486
32880916627268,0,96486
32880916631381,1,96486
32880916641443,0,96486
32880916645068,1,96486
32880916655108,0,96486
32880916658267,1,96486
32880916668209,0,96486
32880916671964,1,96486
32880916681972,0,96486
32880916685619,1,96486
32880916695637,0,96486
32880916699240,1,96486
32880916709280,0,96486
32880916712656,1,96486
32880916722685,0,96486
32880916726614,1,96486
32880916736545,0,96486
32880916739552,1,96486
32880916749559,0,96486
32880916753999,1,96486
32880916764245,0,96486
32880916768337,1,96486
32880916778290,0,96486
32880916782143,1,96486
32880916792205,0,96486
32880916795515,1,96486
32880916797557,3,96484
32880917655748,0,96486
32880917661251,1,96486
32880917671844,0,96486
32880917676077,1,96486
32880917686182,0,96486
32880917691696,1,96486
32880917701877,0,96486
32880917704515,1,96486
32880917714533,0,96486
32880917718397,1,96486
32880917728448,0,96486
32880917731899,1,96486
32880917742156,0,96486
32880917745065,1,96486
32880917755192,0,96486
32880917758806,1,96486
32880917769183,0,96486
32880917773513,1,96486
32880917783705,0,96486
32880917786668,1,96486
32880917796708,0,96486
32880917801104,1,96486
32880917811090,0,96486
32880917815746,1,96486
32880917825819,0,96486
32880917829856,1,96486
32880917839799,0,96486
32880917843945,1,96486
32880917853985,0,96486
32880917856807,1,96486
32880917866868,0,96486
32880917871004,1,96486
32880917881185,0,96486
32880917885787,1,96486
32880917895805,0,96486
32880917899680,1,96486
32880917909720,0,96486
32880917913931,1,96486
32880917923971,0,96486
32880917928150,1,96486
32880917938157,0,96486
32880917940903,1,96486
32880917950911,0,96486
32880917955491,1,96486
32880917965564,0,96486
32880917969124,1,96486
32880917978990,0,96486
32880917983169,1,96486
32880917993220,0,96486
32880917997084,1,96486
32880918007167,0,96486
32880918010749,1,96486
32880918020854,0,96486
32880918024620,1,96486
32880918034617,0,96486
32880918038416,1,96486
32880918048358,0,96486
32880918052016,1,96486
32880918062023,0,96486
32880918066061,1,96486
32880918076057,0,96486
32880918079389,1,96486
32880918089364,0,96486
32880918093803,1,96486
32880918103811,0,96486
32880918108076,1,96486
32880918118116,0,96486
32880918122263,1,96486
32880918132270,0,96486
32880918135873,1,96486
32880918145783,0,96486
32880918149908,1,96486
32880918159926,0,96486
32880918164669,1,96486
32880918174763,0,96486
32880918178193,1,96486
32880918188146,0,96486
32880918192162,1,96486
32880918202191,0,96486
32880918205317,1,96486
32880918215194,0,96486
32880918218744,1,96486
32880918228751,0,96486
32880918232756,1,96486
32880918242829,0,96486
32880918246964,1,96486
32880918256863,0,96486
32880918260184,1,96486
32880918270170,0,96486
32880918274349,1,96486
32880918284399,0,96486
32880918287645,1,96486
32880918297685,0,96486
32880918302330,1,96486
32880918312446,0,96486
32880918316039,1,96486
32880918325992,0,96486
32880918330019,1,96486
32880918340059,0,96486
32880918343564,1,96486
32880918353594,0,96486
32880918358424,1,96486
32880918368507,0,96486
32880918371785,1,96486
32880918381738,0,96486
32880918385461,1,96486
32880918395425,0,96486
32880918399799,1,96486
32880918409817,0,96486
32880918413312,1,96486
32880918423309,0,96486
32880918426359,1,96486
32880918436366,0,96486
32880918441022,1,96486
32880918451084,0,96486
32880918454622,1,96486
32880918464543,0,96486
32880918468407,1,96486
32880918478371,0,96486
32880918482050,1,96486
32880918491993,0,96486
32880918496106,1,96486
32880918506081,0,96486
32880918509913,1,96486
32880918519855,0,96486
32880918523730,1,96486
32880918533683,0,96486
32880918537786,1,96486
32880918547793,0,96486
32880918551776,1,96486
32880918561773,0,96486
32880918565452,1,96486
32880918575525,0,96486
32880918579118,1,96486
32880918589049,0,96486
32880918593499,1,96486
32880918603496,0,96486
32880918607327,1,96486
32880918617410,0,96486
32880918621926,1,96486
32880918631998,0,96486
32880918636318,1,96486
32880918646347,0,96486
32880918649951,1,96486
32880918659958,0,96486
32880918663475,1,96486
32880918673417,0,96486
32880918677335,1,96486
32880918687288,0,96486
32880918690718,1,96486
32880918700791,0,96486
32880918704242,1,96486
32880918714293,0,96486
32880918718342,1,96486
32880918728273,0,96486
32880918731225,1,96486
32880918741200,0,96486
32880918745726,1,96486
32880918755810,0,96486
32880918759695,1,96486
32880918769594,0,96486
32880918772839,1,96486
32880918782803,0,96486
32880918786288,1,96486
32880918796317,0,96486
32880918799388,1,96486
32880918809265,0,96486
32880918813542,1,96486
32880918823549,0,96486
32880918826773,1,96486
32880918836715,0,96486
32880918840557,1,96486
32880918850521,0,96486
32880918853409,1,96486
32880918863297,0,96486
32880918866336,1,96486
32880918876321,0,96486
32880918880782,1,96486
32880918891028,0,96486
32880918893851,1,96486
32880918903804,0,96486
32880918907342,1,96486
32880918917447,0,96486
32880918920942,1,96486
32880918930949,0,96486
32880918934564,1,96486
32880918944452,0,96486
32880918948750,1,96486
32880918958833,0,96486
32880918962350,1,96486
32880918972314,0,96486
32880918975375,1,96486
32880918985328,0,96486
32880918989235,1,96486
32880918999330,0,96486
32880919002651,1,96486
32880919012626,0,96486
32880919016273,1,96486
32880919026247,0,96486
32880919029569,1,96486
32880919039478,0,96486
32880919042235,1,96486
32880919052102,0,96486
32880919055347,1,96486
32880919065311,0,96486
32880919068947,1,96486
32880919079085,0,96486
32880919082384,1,96486
32880919092272,0,96486
32880919095528,1,96486
32880919105427,0,96486
32880919109248,1,96486
32880919119244,0,96486
32880919122783,1,96486
32880919132779,0,96486
32880919137295,1,96486
32880919147410,0,96486
32880919151665,1,96486
32880919161607,0,96486
32880919164777,1,96486
32880919174741,0,96486
32880919178442,1,96486
32880919188428,0,96486
32880919192444,1,96486
32880919202560,0,96486
32880919206402,1,96486
32880919216344,0,96486
32880919219828,1,96486
32880919229727,0,96486
32880919233179,1,96486
32880919243132,0,96486
32880919246171,1,96486
32880919256146,0,96486
32880919259662,1,96486
32880919269952,0,96486
32880919273393,1,96486
32880919283335,0,96486
32880919288002,1,96486
32880919297977,0,96486
32880919302351,1,96486
32880919312369,0,96486
32880919315582,1,96486
32880919325503,0,96486
32880919329236,1,96486
32880919339113,0,96486
32880919342087,1,96486
32880919352041,0,96486
32880919356284,1,96486
32880919366346,0,96486
32880919369776,1,96486
32880919379740,0,96486
32880919383940,1,96486
32880919393883,0,96486
32880919398181,1,96486
32880919408134,0,96486
32880919411781,1,96486
32880919421810,0,96486
32880919426835,1,96486
32880919436930,0,96486
32880919440815,1,96486
32880919450801,0,96486
32880919453699,1,96486
32880919463598,0,96486
32880919467277,1,96486
32880919477198,0,96486
32880919480725,1,96486
32880919490624,0,96486
32880919493577,1,96486
32880919539576,0,96486
32880919545090,1,96486
32880919555835,0,96486
32880919558917,1,96486
32880919568827,0,96486
32880919572431,1,96486
32880919582384,0,96486
32880919587105,1,96486
32880919597189,0,96486
32880919601139,1,96486
32880919611136,0,96486
32880919623759,1,96486
32880919634331,0,96486
32880919638629,1,96486
32880919648691,0,96486
32880919652457,1,96486
32880919662454,0,96486
32880919667034,1,96486
32880919677161,0,96486
32880919680482,1,96486
32880919690424,0,96486
32880919694147,1,96486
32880919704155,0,96486
32880919707954,1,96486
32880919718124,0,96486
32880919721109,1,96486
32880919731051,0,96486
32880919734937,1,96486
32880919744933,0,96486
32880919748526,1,96486
32880919758577,0,96486
32880919762831,1,96486
32880919772849,0,96486
32880919776703,1,96486
32880919786699,0,96486
32880919789825,1,96486
32880919799778,0,96486
32880919802958,1,96486
32880919812868,0,96486
32880919816689,1,96486
32880919826620,0,96486
32880919830462,1,96486
32880919840459,0,96486
32880919844030,1,96486
32880919853972,0,96486
32880919858314,1,96486
32880919868451,0,96486
32880919872500,1,96486
32880919882572,0,96486
32880919886936,1,96486
32880919897117,0,96486
32880919900557,1,96486
32880919910478,0,96486
32880919913485,1,96486
32880919923394,0,96486
32880919926954,1,96486
32880919936918,0,96486
32880919941379,1,96486
32880919956347,0,96486
32880919961806,1,96486
32880920045807,0,96486
32880920058289,1,96486
32880920076904,0,96486
32880920082081,1,96486
32880920092968,0,96486
32880920096072,1,96486
32880920106383,0,96486
32880920109932,1,96486
32880920119994,0,96486
32880920123305,1,96486
32880920133269,0,96486
32880920137122,1,96486
32880920147075,0,96486
32880920152806,1,96486
32880920162856,0,96486
32880920166232,1,96486
32880920176218,0,96486
32880920179843,1,96486
32880920194366,0,96486
32880920270604,1,96486
32880920433206,0,96486
32880920440684,1,96486
32880920451039,0,96486
32880920454957,1,96486
32880920464986,0,96486
32880920470880,1,96486
32880920481126,0,96486
32880920484773,1,96486
32880920494770,0,96486
32880920498362,1,96486
32880920508283,0,96486
32880920513004,1,96486
32880920522914,0,96486
32880920526648,1,96486
32880920536796,0,96486
32880920541094,1,96486
32880920551514,0,96486
32880920555465,1,96486
32880920627047,0,96486
32880920640918,1,96486
32880920732447,0,96486
32880920739372,1,96486
32880920823255,0,96486
32880920831536,1,96486
32880920841869,0,96486
32880920845777,1,96486
32880920855751,0,96486
32880920859659,1,96486
32880920869699,0,96486
32880920873367,1,96486
32880920883299,0,96486
32880920886794,1,96486
32880920896845,0,96486
32880920900253,1,96486
32880920910987,0,96486
32880920913994,1,96486
32880920924077,0,96486
32880920927985,1,96486
32880920937938,0,96486
32880920940684,1,96486
32880920950648,0,96486
32880920953817,1,96486
32880920963716,0,96486
32880920966440,1,96486
32880920976350,0,96486
32880920980290,1,96486
32880920990308,0,96486
32880920994617,1,96486
32880921004581,0,96486
32880921008293,1,96486
32880921018268,0,96486
32880921021687,1,96486
32880921031760,0,96486
32880921035558,1,96486
32880921045783,0,96486
32880921050005,1,96486
32880921059991,0,96486
32880921063236,1,96486
32880921073211,0,96486
32880921077987,1,96486
32880921087961,0,96486
32880921092119,1,96486
32880921102050,0,96486
32880921105404,1,96486
32880921115379,0,96486
32880921120198,1,96486
32880921130325,0,96486
32880921134080,1,96486
32880921144087,0,96486
32880921147843,1,96486
32880921157742,0,96486
32880921160770,1,96486
32880921170625,0,96486
32880921175097,1,96486
32880921185072,0,96486
32880921188979,1,96486
32880921198987,0,96486
32880921202373,1,96486
32880921212261,0,96486
32880921216266,1,96486
32880921226285,0,96486
32880921229932,1,96486
32880921239874,0,96486
32880921243640,1,96486
32880921253658,0,96486
32880921257240,1,96486
32880921267378,0,96486
32880921270960,1,96486
32880921280880,0,96486
32880921284310,1,96486
32880921294241,0,96486
32880921297975,1,96486
32880921307972,0,96486
32880921311781,1,96486
32880921321713,0,96486
32880921324578,1,96486
32880921334455,0,96486
32880921337733,1,96486
32880921347708,0,96486
32880921351854,1,96486
32880921361764,0,96486
32880921364944,1,96486
32880921374821,0,96486
32880921378457,1,96486
32880921388443,0,96486
32880921392763,1,96486
32880921402933,0,96486
32880921406070,1,96486
32880921415915,0,96486
32880921419475,1,96486
32880921429384,0,96486
32880921432044,1,96486
32880921442029,0,96486
32880921446653,1,96486
32880921456660,0,96486
32880921460025,1,96486
32880921469967,0,96486
32880921473528,1,96486
32880921483524,0,96486
32880921486509,1,96486
32880921496538,0,96486
32880921499924,1,96486
32880921509802,0,96486
32880921513785,1,96486
32880921523803,0,96486
32880921548605,1,96486
32880921563301,0,96486
32880921566470,1,96486
32880921576434,0,96486
32880921581373,1,96486
32880921591445,0,96486
32880921594973,1,96486
32880921604893,0,96486
32880921609560,1,96486
32880921619481,0,96486
32880921623041,1,96486
32880921633081,0,96486
32880921637271,1,96486
32880921647766,0,96486
32880921650740,1,96486
32880921660694,0,96486
32880921664004,1,96486
32880921673903,0,96486
32880921676638,1,96486
32880921686548,0,96486
32880921690596,1,96486
32880921700604,0,96486
32880921705966,1,96486
32880921716060,0,96486
32880921719262,1,96486
32880921729193,0,96486
32880921733014,1,96486
32880921743043,0,96486
32880921746896,1,96486
32880921757023,0,96486
32880921760084,1,96486
32880921770047,0,96486
32880921774259,1,96486
32880921784266,0,96486
32880921787935,1,96486
32880921797845,0,96486
32880921802707,1,96486
32880921812845,0,96486
32880921816806,1,96486
32880921826977,0,96486
32880921830428,1,96486
32880921840305,0,96486
32880921843724,1,96486
32880921853677,0,96486
32880921857172,1,96486
32880921867082,0,96486
32880921870620,1,96486
32880921880541,0,96486
32880921883743,1,96486
32880921893761,0,96486
32880921897365,1,96486
32880921907274,0,96486
32880921910932,1,96486
32880921920842,0,96486
32880921924098,1,96486
32880921934029,0,96486
32880921937969,1,96486
32880921947847,0,96486
32880921951114,1,96486
32880921961045,0,96486
32880921965083,1,96486
32880921975144,0,96486
32880921978694,1,96486
32880921988766,0,96486
32880921992153,1,96486
32880922002106,0,96486
32880922005980,1,96486
32880922016010,0,96486
32880922020243,1,96486
32880922030261,0,96486
32880922034233,1,96486
32880922044317,0,96486
32880922048365,1,96486
32880922058481,0,96486
32880922062334,1,96486
32880922072222,0,96486
32880922076141,1,96486
32880922086202,0,96486
32880922090511,1,96486
32880922100703,0,96486
32880922104035,1,96486
32880922113978,0,96486
32880922117928,1,96486
32880922127947,0,96486
32880922131648,1,96486
32880922141655,0,96486
32880922145291,1,96486
32880922155277,0,96486
32880922159271,1,96486
32880922169366,0,96486
32880922173729,1,96486
32880922183877,0,96486
32880922187980,1,96486
32880922197911,0,96486
32880922201103,1,96486
32880922211012,0,96486
32880922214594,1,96486
32880922224601,0,96486
32880922228313,1,96486
32880922238191,0,96486
32880922241241,1,96486
32880922251248,0,96486
32880922254482,1,96486
32880922264392,0,96486
32880922268603,1,96486
32880922278578,0,96486
32880922282627,1,96486
32880922292558,0,96486
32880922295956,1,96486
32880922305963,0,96486
32880922309751,1,96486
32880922319845,0,96486
32880922323850,1,96486
32880922333749,0,96486
32880922336908,1,96486
32880922346817,0,96486
32880922350367,1,96486
32880922360276,0,96486
32880922364368,1,96486
32880922374397,0,96486
32880922378294,1,96486
32880922388171,0,96486
32880922390754,1,96486
32880922400783,0,96486
32880922404007,1,96486
32880922414025,0,96486
32880922416945,1,96486
32880922426833,0,96486
32880922429785,1,96486
32880922439673,0,96486
32880922443211,1,96486
32880922453175,0,96486
32880922456041,1,96486
32880922466059,0,96486
32880922468718,1,96486
32880922478617,0,96486
32880922482394,1,96486
32880922492337,0,96486
32880922496027,1,96486
32880922506023,0,96486
32880922510278,1,96486
32880922520296,0,96486
32880922523433,1,96486
32880922533365,0,96486
32880922536653,1,96486
32880922546563,0,96486
32880922550123,1,96486
32880922560044,0,96486
32880922564526,1,96486
32880922574480,0,96486
32880922578582,1,96486
32880922588590,0,96486
32880922592779,1,96486
32880922602993,0,96486
32880922606173,1,96486
32880922616061,0,96486
32880922619198,1,96486
32880922629108,0,96486
32880922632765,1,96486
32880922642664,0,96486
32880922646843,1,96486
32880922656720,0,96486
32880922659824,1,96486
32880922701363,0,96486
32880922707886,1,96486
32880923145529,0,96486
32880923152411,1,96486
32880923163048,0,96486
32880923167671,1,96486
32880924120163,3,96486




