32875552910614,2,96442
32875553120497,2,96443
32875553311050,2,96444
32875553466305,2,96445
32875553639915,2,96446
32875558493467,0,96445
32875558561446,1,96445
32875558577293,0,96445
32875558580191,1,96445
32875558590556,0,96445
32875558593357,1,96445
32875558607488,0,96445
32875558619037,1,96445
32875558634341,0,96445
32875558639084,1,96445
32875558652435,0,96445
32875558655148,1,96445
32875558665297,0,96445
32875558667880,1,96445
32875558677844,0,96445
32875558680405,1,96445
32875558690413,0,96445
32875558693115,1,96445
32875558703394,0,96445
32875558706672,1,96445
32875558717689,0,96445
32875558720630,1,96445
32875558730627,0,96445
32875558733753,1,96445
32875558743749,0,96445
32875558746506,1,96445
32875558756459,0,96445
32875558759097,1,96445
32875558769028,0,96445
32875558771742,1,96445
32875558781641,0,96445
32875558784441,1,96445
32875558794383,0,96445
32875558797086,1,96445
32875558806963,0,96445
32875558810078,1,96445
32875558820150,0,96445
32875558823602,1,96445
32875558833566,0,96445
32875558836562,1,96445
32875558846515,0,96445
32875558849239,1,96445
32875558859138,0,96445
32875558862286,1,96445
32875558872217,0,96445
32875558875202,1,96445
32875558885090,0,96445
32875558888596,1,96445
32875558898701,0,96445
32875558902087,1,96445
32875558912116,0,96445
32875558915155,1,96445
32875558925109,0,96445
32875558928017,1,96445
32875558937938,0,96445
32875558940836,1,96445
32875558950778,0,96445
32875558953926,1,96445
32875558963836,0,96445
32875558966625,1,96445
32875558976578,0,96445
32875558979574,1,96445
32875558989516,0,96445
32875558992968,1,96445
32875559003018,0,96445
32875559006079,1,96445
32875559016097,0,96445
32875559018974,1,96445
32875559028905,0,96445
32875559031608,1,96445
32875559041572,0,96445
32875559045034,1,96445
32875559055031,0,96445
32875559058385,1,96445
32875559068359,0,96445
32875559071236,1,96445
32875559081113,0,96445
32875559084163,1,96445
32875559094127,0,96445
32875559097502,1,96445
32875559107488,0,96445
32875559110299,1,96445
32875559120198,0,96445
32875559123302,1,96445
32875559133299,0,96445
32875559136707,1,96445
32875559146736,0,96445
32875559149851,1,96445
32875559159880,0,96445
32875559167261,1,96445
32875559181295,0,96445
32875559184454,1,96445
32875559199562,0,96445
32875559202688,1,96445
32875559210774,0,96444
32875559217515,1,96444
32875559240276,0,96443
32875559247537,1,96443
32875559275638,0,96444
32875559280880,1,96444
32875559291116,0,96446
32875559301090,1,96446
32875559312433,0,96443
32875559317697,1,96443
32875559326956,0,96446
32875559330830,1,96446
32875559338200,0,96444
32875559351149,1,96444
32875559374246,0,96443
32875559378675,1,96443
32875559408838,0,96444
32875559413766,1,96444
32875559423968,0,96446
32875559430481,1,96446
32875559452276,0,96442
32875559460416,1,96442
32875559493803,0,96446
32875559498687,1,96446
32875559508781,0,96445
32875559516868,1,96445
32875559543178,0,96444
32875559551199,1,96444
32875559579224,0,96445
32875559585085,1,96445
32875559594539,0,96443
32875559602864,1,96443
32875559615129,0,96444
32875559621424,1,96444
32875559665187,0,96443
32875559677040,1,96443
32875559691172,0,96445
32875559700636,1,96445
32875559735022,0,96443
32875559739711,1,96443
32875559751661,0,96446
32875559759910,1,96446
32875559780044,0,96442
32875559788152,1,96442
32875559810598,0,96442
32875559821007,1,96442
32875559827704,0,96446
32875559833164,1,96446
32875559839090,0,96442
32875559842411,1,96442
32875559891319,0,96446
32875559896518,1,96446
32875559905289,0,96443
32875559912550,1,96443
32875559956465,0,96446
32875559961707,1,96446
32875559971151,0,96444
32875559979562,1,96444
32875560043775,0,96444
32875560049354,1,96444
32875560062814,0,96445
32875560071139,1,96445
32875560135731,0,96445
32875560141342,1,96445
32875560151576,0,96446
32875560159489,1,96446
32875560183174,0,96445
32875560187797,1,96445
32875560197326,0,96443
32875560205054,1,96443
32875560221400,0,96443
32875560225655,1,96443
32875560237724,0,96442
32875560246017,1,96442
32875560263589,0,96444
32875560271046,1,96444
32875560287588,0,96443
32875560292537,1,96443
32875560308720,0,96442
32875560313593,1,96442
32875560349531,0,96443
32875560354937,1,96443
32875560367516,0,96444
32875560375353,1,96444
32875560440042,0,96444
32875560445350,1,96444
32875560502051,0,96444
32875560506870,1,96444
32875560517247,0,96444
32875560522326,1,96444
32875560536002,0,96444
32875560539899,1,96444
32875560549993,0,96444
32875560553347,1,96444
32875560563224,0,96442
32875560571506,1,96442
32875560634394,0,96442
32875560639723,1,96442
32875560649817,0,96446
32875560658511,1,96446
32875560722387,0,96446
32875560727901,1,96446
32875560801968,0,96446
32875560806874,1,96446
32875560818955,0,96443
32875560827508,1,96443
32875560851029,0,96443
32875560855273,1,96443
32875560865725,0,96443
32875560869350,1,96443
32875560925313,0,96443
32875560930187,1,96443
32875560941431,0,96442
32875560950310,1,96442
32875561013143,0,96442
32875561018581,1,96442
32875561035177,0,96446
32875561043632,1,96446
32875561105305,0,96446
32875561109776,1,96446
32875561121151,0,96444
32875561129205,1,96444
32875561191268,0,96444
32875561197422,1,96444
32875561205661,0,96443
32875561213237,1,96443
32875561253831,0,96444
32875561258574,1,96444
32875561274301,0,96443
32875561279967,1,96443
32875561330329,0,96444
32875561339078,1,96444
32875561350378,0,96446
32875561358128,1,96446
32875561410258,0,96444
32875561418485,1,96444
32875561434214,0,96446
32875561439956,1,96446
32875561485791,0,96444
32875561492455,1,96444
32875561506523,0,96446
32875561511918,1,96446
32875561542286,0,96444
32875561548386,1,96444
32875561562714,0,96443
32875561569139,1,96443
32875561578746,0,96446
32875561587375,1,96446
32875561630985,0,96443
32875561635620,1,96443
32875561646582,0,96442
32875561654028,1,96442
32875561673881,0,96444
32875561681837,1,96444
32875561707039,0,96443
32875561713671,1,96443
32875561733294,0,96445
32875561742347,1,96445
32875561776504,0,96443
32875561783104,1,96443
32875561793523,0,96446
32875561802098,1,96446
32875561820354,0,96444
32875561828071,1,96444
32875561865833,0,96446
32875561870988,1,96446
32875561883960,0,96442
32875561893164,1,96442
32875561915392,0,96443
32875561923283,1,96443
32875561956638,0,96442
32875561962554,1,96442
32875561973808,0,96445
32875561983001,1,96445
32875561995570,0,96446
32875562002897,1,96446
32875562045053,0,96445
32875562050252,1,96445
32875562063994,0,96444
32875562072698,1,96444
32875562137204,0,96444
32875562142566,1,96444
32875562198854,0,96444
32875562204162,1,96444
32875562213627,0,96445
32875562221279,1,96445
32875562282441,0,96445
32875562288107,1,96445
32875562345231,0,96445
32875562350300,1,96445
32875562407424,0,96445
32875562412689,1,96445
32875562423163,0,96445
32875562426603,1,96445
32875562436763,0,96445
32875562440203,1,96445
32875562495667,0,96445
32875562500638,1,96445
32875562511113,0,96445
32875562514727,1,96445
32875562569040,0,96445
32875562573707,1,96445
32875562584377,0,96446
32875562591747,1,96446
32875562654223,0,96446
32875562659867,1,96446
32875562671623,0,96442
32875562680588,1,96442
32875562743563,0,96442
32875562748198,1,96442
32875562758444,0,96442
32875562762373,1,96442
32875562773313,0,96443
32875562782462,1,96443
32875562845405,0,96443
32875562850647,1,96443
32875562906719,0,96443
32875562912048,1,96443
32875562922446,0,96443
32875562928199,1,96443
32875563013370,0,96443
32875563019144,1,96443
32875563031225,0,96443
32875563035632,1,96443
32875563045878,0,96443
32875563049622,1,96443
32875563059706,0,96443
32875563063472,1,96443
32875563119739,0,96443
32875563125079,1,96443
32875563180402,0,96443
32875563185807,1,96443
32875563240587,0,96443
32875563245482,1,96443
32875563255772,0,96443
32875563259842,1,96443
32875563314742,0,96443
32875563319235,1,96443
32875563329709,0,96446
32875563338664,1,96446
32875563403375,0,96446
32875563408151,1,96446
32875563420741,0,96442
32875563428849,1,96442
32875563491401,0,96442
32875563497967,1,96442
32875563511417,0,96444
32875563519633,1,96444
32875563584128,0,96444
32875563589794,1,96444
32875563600060,0,96445
32875563608450,1,96445
32875563670459,0,96445
32875563676092,1,96445
32875563688455,0,96443
32875563697193,1,96443
32875563770316,0,96443
32875563776351,1,96443
32875563833606,0,96443
32875563839087,1,96443
32875563895875,0,96443
32875563901020,1,96443
32875563909020,0,96444
32875563916520,1,96444
32875563977628,0,96444
32875563983576,1,96444
32875564041091,0,96444
32875564045617,1,96444
32875564055950,0,96444
32875564060585,1,96444
32875564117167,0,96444
32875564122822,1,96444
32875564135910,0,96442
32875564144930,1,96442
32875564208306,0,96442
32875564213549,1,96442
32875564224001,0,96442
32875564228517,1,96442
32875564285413,0,96442
32875564290189,1,96442
32875564303888,0,96445
32875564313071,1,96445
32875564376078,0,96445
32875564380876,1,96445
32875564390849,0,96446
32875564399130,1,96446
32875564463505,0,96446
32875564468552,1,96446
32875564478994,0,96444
32875564487427,1,96444
32875564525514,0,96446
32875564531234,1,96446
32875564541730,0,96443
32875564550424,1,96443
32875564564447,0,96442
32875564573575,1,96442
32875564614365,0,96443
32875564620335,1,96443
32875564629908,0,96445
32875564638569,1,96445
32875564701359,0,96445
32875564706493,1,96445
32875564716740,0,96445
32875564721244,1,96445
32875564779888,0,96445
32875564785434,1,96445
32875564799046,0,96443
32875564807381,1,96443
32875564870758,0,96443
32875564875892,1,96443
32875564887149,0,96442
32875564894627,1,96442
32875564957450,0,96442
32875564963322,1,96442
32875565019806,0,96442
32875565024332,1,96442
32875565034622,0,96442
32875565037900,1,96442
32875565093809,0,96442
32875565099615,1,96442
32875565155264,0,96442
32875565160485,1,96442
32875565171512,0,96442
32875565175886,1,96442
32875565231816,0,96446
32875565240651,1,96446
32875565302518,0,96446
32875565307587,1,96446
32875565318799,0,96444
32875565325615,1,96444
32875565387451,0,96444
32875565393279,1,96444
32875565449351,0,96444
32875565455169,1,96444
32875565512532,0,96444
32875565518143,1,96444
32875565531928,0,96442
32875565539331,1,96442
32875565600395,0,96442
32875565606842,1,96442
32875565616535,0,96446
32875565624198,1,96446
32875565686304,0,96446
32875565692198,1,96446
32875565701945,0,96445
32875565710715,1,96445
32875565749301,0,96446
32875565754793,1,96446
32875565765082,0,96446
32875565769739,1,96446
32875565793044,0,96444
32875565801130,1,96444
32875565825702,0,96446
32875565831042,1,96446
32875565841581,0,96446
32875565845738,1,96446
32875565866579,0,96444
32875565872549,1,96444
32875565883023,0,96444
32875565887278,1,96444
32875565897067,0,96443
32875565905337,1,96443
32875565945542,0,96444
32875565950730,1,96444
32875565968964,0,96443
32875565974282,1,96443
32875566008039,0,96444
32875566013814,1,96444
32875566030799,0,96443
32875566036692,1,96443
32875566070417,0,96444
32875566075963,1,96444
32875566093307,0,96443
32875566099255,1,96443
32875566131568,0,96444
32875566136778,1,96444
32875566155185,0,96443
32875566160070,1,96443
32875566193566,0,96444
32875566198407,1,96444
32875566226366,0,96443
32875566233128,1,96443
32875566254294,0,96444
32875566259993,1,96444
32875566274503,0,96446
32875566283751,1,96446
32875566319634,0,96445
32875566331226,1,96445
32875566347648,0,96446
32875566353607,1,96446
32875566361986,0,96445
32875566370138,1,96445
32875566424310,0,96444
32875566431419,1,96444
32875566467325,0,96443
32875566478515,1,96443
32875566497943,0,96444
32875566504912,1,96444
32875566515538,0,96444
32875566519901,1,96444
32875566562720,0,96446
32875566570893,1,96446
32875566606550,0,96445
32875566616807,1,96445
32875566633553,0,96446
32875566638524,1,96446
32875566649336,0,96442
32875566656978,1,96442
32875566690950,0,96445
32875566697137,1,96445
32875566707578,0,96445
32875566711714,1,96445
32875566721819,0,96445
32875566725140,1,96445
32875566732282,0,96442
32875566739707,1,96442
32875566750136,0,96443
32875566757354,1,96443
32875566808836,0,96442
32875566816553,1,96442
32875566831324,0,96443
32875566836783,1,96443
32875566851436,0,96445
32875566860759,1,96445
32875566885541,0,96442
32875566893649,1,96442
32875566924765,0,96445
32875566930051,1,96445
32875566940482,0,96445
32875566945095,1,96445
32875566955211,0,96446
32875566962309,1,96446
32875566976224,0,96443
32875566984983,1,96443
32875567002219,0,96445
32875567007549,1,96445
32875567022377,0,96444
32875567031700,1,96444
32875567077296,0,96445
32875567084851,1,96445
32875567125586,0,96445
32875567130058,1,96445
32875567141812,0,96446
32875567153025,1,96446
32875567178781,0,96446
32875567181994,1,96446
32875567191079,0,96445
32875567195887,1,96445
32875567205862,0,96443
32875567213242,1,96443
32875567252295,0,96445
32875567258221,1,96445
32875567266622,0,96446
32875567273471,1,96446
32875567336218,0,96446
32875567341091,1,96446
32875567353172,0,96445
32875567363147,1,96445
32875567426241,0,96445
32875567431212,1,96445
32875567441860,0,96444
32875567449859,1,96444
32875567512031,0,96444
32875567518098,1,96444
32875567528551,0,96444
32875567532100,1,96444
32875567588204,0,96444
32875567593121,1,96444
32875567604952,0,96442
32875567613505,1,96442
32875567676859,0,96442
32875567682243,1,96442
32875567690644,0,96446
32875567701824,1,96446
32875567738771,0,96442
32875567743991,1,96442
32875567756625,0,96445
32875567765916,1,96445
32875567782176,0,96443
32875567790403,1,96443
32875567828001,0,96445
32875567833808,1,96445
32875567843696,0,96444
32875567852455,1,96444
32875567868834,0,96442
32875567878092,1,96442
32875567915853,0,96444
32875567923864,1,96444
32875567940514,0,96442
32875567946907,1,96442
32875567954884,0,96444
32875567963307,1,96444
32875568034867,0,96444
32875568040446,1,96444
32875568074561,0,96443
32875568082744,1,96443
32875568096941,0,96444
32875568102270,1,96444
32875568112006,0,96442
32875568120006,1,96442
32875568147532,0,96443
32875568152774,1,96443
32875568166450,0,96445
32875568175264,1,96445
32875568200445,0,96446
32875568207077,1,96446
32875568240094,0,96445
32875568245109,1,96445
32875568254661,0,96444
32875568262400,1,96444
32875568281415,0,96443
32875568288688,1,96443
32875568326373,0,96444
32875568332147,1,96444
32875568342545,0,96444
32875568346605,1,96444
32875568362419,0,96445
32875568371721,1,96445
32875568414583,0,96446
32875568422333,1,96446
32875568435846,0,96445
32875568441826,1,96445
32875568451237,0,96442
32875568460105,1,96442
32875568475474,0,96444
32875568480988,1,96444
32875568499331,0,96445
32875568505680,1,96445
32875568523850,0,96443
32875568532284,1,96443
32875568550486,0,96442
32875568556857,1,96442
32875568599014,0,96443
32875568604821,1,96443
32875568618453,0,96442
32875568624922,1,96442
32875568661142,0,96443
32875568666906,1,96443
32875568676859,0,96444
32875568683502,1,96444
32875568744403,0,96444
32875568749548,1,96444
32875568762312,0,96445
32875568770387,1,96445
32875568832950,0,96445
32875568839408,1,96445
32875568850795,0,96443
32875568860162,1,96443
32875568922942,0,96443
32875568928694,1,96443
32875568984636,0,96443
32875568989618,1,96443
32875569001197,0,96446
32875569009425,1,96446
32875569071292,0,96446
32875569077240,1,96446
32875569088735,0,96444
32875569096919,1,96444
32875569158407,0,96444
32875569163150,1,96444
32875569174774,0,96445
32875569184163,1,96445
32875569246183,0,96445
32875569252011,1,96445
32875569262225,0,96442
32875569271136,1,96442
32875569311155,0,96445
32875569316875,1,96445
32875569327305,0,96443
32875569335088,1,96443
32875569351022,0,96446
32875569358511,1,96446
32875569375931,0,96445
32875569381054,1,96445
32875569393960,0,96444
32875569402339,1,96444
32875569438971,0,96445
32875569443910,1,96445
32875569454123,0,96445
32875569458215,1,96445
32875569466160,0,96444
32875569471739,1,96444
32875569481551,0,96443
32875569490386,1,96443
32875569515426,0,96445
32875569531740,1,96445
32875569553806,0,96443
32875569558463,1,96443
32875569568882,0,96443
32875569573615,1,96443
32875569583861,0,96443
32875569586878,1,96443
32875569596853,0,96444
32875569603810,1,96444
32875569628416,0,96442
32875569636090,1,96442
32875569668663,0,96444
32875569674557,1,96444
32875569682849,0,96445
32875569690165,1,96445
32875569701084,0,96442
32875569706240,1,96442
32875569717854,0,96446
32875569725668,1,96446
32875569762507,0,96442
32875569768237,1,96442
32875569778570,0,96442
32875569783259,1,96442
32875569801071,0,96445
32875569809320,1,96445
32875569841404,0,96442
32875569847645,1,96442
32875569857967,0,96442
32875569861224,1,96442
32875569871795,0,96445
32875569878373,1,96445
32875569892136,0,96444
32875569901622,1,96444
32875569930580,0,96442
32875569936018,1,96442
32875569977405,0,96443
32875569984807,1,96443
32875569994652,0,96442
32875570001088,1,96442
32875570011249,0,96446
32875570020279,1,96446
32875570052243,0,96444
32875570057941,1,96444
32875570068252,0,96444
32875570073343,1,96444
32875570082646,0,96446
32875570087943,1,96446
32875570101249,0,96443
32875570109823,1,96443
32875570147152,0,96446
32875570153338,1,96446
32875570166731,0,96445
32875570175001,1,96445
32875570241059,0,96445
32875570247473,1,96445
32875570257893,0,96445
32875570261388,1,96445
32875570317753,0,96445
32875570324027,1,96445
32875570334003,0,96446
32875570340635,1,96446
32875570402003,0,96446
32875570407126,1,96446
32875570420594,0,96443
32875570429006,1,96443
32875570491200,0,96443
32875570495791,1,96443
32875570509054,0,96442
32875570516837,1,96442
32875570579312,0,96442
32875570585933,1,96442
32875570598329,0,96444
32875570606751,1,96444
32875570670453,0,96444
32875570675728,1,96444
32875570686723,0,96445
32875570694332,1,96445
32875570756113,0,96445
32875570760932,1,96445
32875570840720,0,96445
32875570846765,1,96445
32875570857467,0,96443
32875570867051,1,96443
32875570931947,0,96443
32875570938091,1,96443
32875570949672,0,96442
32875570960765,1,96442
32875570994466,0,96443
32875571000165,1,96443
32875571014720,0,96444
32875571024272,1,96444
32875571041019,0,96446
32875571050191,1,96446
32875571088744,0,96444
32875571094475,1,96444
32875571107055,0,96445
32875571115749,1,96445
32875571129598,0,96443
32875571138553,1,96443
32875571177171,0,96445
32875571182001,1,96445
32875571188785,0,96443
32875571201864,1,96443
32875571239506,0,96445
32875571244205,1,96445
32875571255385,0,96446
32875571262538,1,96446
32875571275454,0,96444
32875571282466,1,96444
32875571323874,0,96446
32875571329268,1,96446
32875571345235,0,96444
32875571350423,1,96444
32875571384927,0,96446
32875571390908,1,96446
32875571401404,0,96446
32875571405637,1,96446
32875571427258,0,96445
32875571436267,1,96445
32875571461383,0,96446
32875571466484,1,96446
32875571479129,0,96443
32875571487780,1,96443
32875571498818,0,96445
32875571504907,1,96445
32875571535407,0,96443
32875571541062,1,96443
32875571551525,0,96443
32875571555845,1,96443
32875571562564,0,96445
32875571567882,1,96445
32875571615651,0,96444
32875571623010,1,96444
32875571640843,0,96442
32875571648809,1,96442
32875571684367,0,96444
32875571689881,1,96444
32875571700095,0,96444
32875571704838,1,96444
32875571713532,0,96442
32875571719599,1,96442
32875571729661,0,96446
32875571737649,1,96446
32875571754560,0,96446
32875571760269,1,96446
32875571777049,0,96445
32875571786210,1,96445
32875571848913,0,96445
32875571854112,1,96445
32875571910510,0,96445
32875571915904,1,96445
32875571926281,0,96445
32875571930481,1,96445
32875571987128,0,96445
32875571992805,1,96445
32875572004549,0,96444
32875572020417,1,96444
32875572097177,0,96444
32875572104351,1,96444
32875572170191,0,96444
32875572176758,1,96444
32875572247081,0,96444
32875572256101,1,96444
32875572270591,0,96446
32875572279002,1,96446
32875572352462,0,96446
32875572358996,1,96446
32875572431143,0,96446
32875572436244,1,96446
32875572446773,0,96446
32875572451852,1,96446
32875572522110,0,96446
32875572528742,1,96446
32875572540160,0,96442
32875572547932,1,96442
32875572601529,0,96446
32875572609832,1,96446
32875572632221,0,96445
32875572641175,1,96445
32875572682727,0,96446
32875572691172,1,96446
32875572709295,0,96445
32875572714027,1,96445
32875572725055,0,96445
32875572729646,1,96445
32875572751466,0,96446
32875572756437,1,96446
32875572766943,0,96442
32875572776321,1,96442
32875572800783,0,96445
32875572808250,1,96445
32875572839839,0,96442
32875572845939,1,96442
32875572889962,0,96446
32875572897647,1,96446
32875572917412,0,96443
32875572924695,1,96443
32875572947402,0,96443
32875572953078,1,96443
32875572965004,0,96445
32875572974664,1,96445
32875573052726,0,96445
32875573060931,1,96445
32875573122159,0,96445
32875573127900,1,96445
32875573141375,0,96443
32875573149830,1,96443
32875573215562,0,96443
32875573221238,1,96443
32875573277343,0,96443
32875573283008,1,96443
32875573339286,0,96443
32875573343802,1,96443
32875573355121,0,96442
32875573364379,1,96442
32875573427430,0,96442
32875573432162,1,96442
32875573446707,0,96445
32875573454609,1,96445
32875573518918,0,96445
32875573523814,1,96445
32875573533462,0,96446
32875573541494,1,96446
32875573603688,0,96446
32875573609505,1,96446
32875573621065,0,96444
32875573630161,1,96444
32875573693646,0,96444
32875573698280,1,96444
32875573754981,0,96444
32875573759247,1,96444
32875573770513,0,96442
32875573778773,1,96442
32875573842204,0,96442
32875573847045,1,96442
32875573903920,0,96442
32875573917943,1,96442
32875573975599,0,96442
32875573981558,1,96442
32875574039486,0,96442
32875574044761,1,96442
32875574054313,0,96444
32875574062616,1,96444
32875574130909,0,96444
32875574137682,1,96444
32875574193406,0,96444
32875574199061,1,96444
32875574212531,0,96446
32875574221789,1,96446
32875574284113,0,96446
32875574297822,1,96446
32875574355152,0,96446
32875574360623,1,96446
32875574403344,0,96446
32875574409314,1,96446
32875574420493,0,96446
32875574424520,1,96446
32875574434647,0,96446
32875574438739,1,96446
32875574448790,0,96446
32875574452860,1,96446
32875574462856,0,96446
32875574466536,1,96446
32875574476978,0,96445
32875574486790,1,96445
32875574548212,0,96445
32875574553249,1,96445
32875574609049,0,96445
32875574614737,1,96445
32875574628998,0,96443
32875574637725,1,96443
32875574700081,0,96443
32875574705248,1,96443
32875574762383,0,96443
32875574768374,1,96443
32875574779652,0,96446
32875574787922,1,96446
32875574850170,0,96446
32875574855781,1,96446
32875574912439,0,96446
32875574917530,1,96446
32875574973699,0,96446
32875574978974,1,96446
32875574990838,0,96442
32875574999021,1,96442
32875575061486,0,96442
32875575068042,1,96442
32875575077584,0,96443
32875575086528,1,96443
32875575150219,0,96443
32875575155993,1,96443
32875575214746,0,96443
32875575219500,1,96443
32875575232111,0,96445
32875575241456,1,96445
32875575304018,0,96445
32875575309131,1,96445
32875575365636,0,96445
32875575371574,1,96445
32875575381993,0,96445
32875575386704,1,96445
32875575441983,0,96445
32875575446499,1,96445
32875575458818,0,96444
32875575466351,1,96444
32875575528500,0,96444
32875575533862,1,96444
32875575544336,0,96443
32875575554138,1,96443
32875575616874,0,96443
32875575621465,1,96443
32875575633089,0,96446
32875575641111,1,96446
32875575703228,0,96446
32875575709100,1,96446
32875575719997,0,96442
32875575728789,1,96442
32875575792426,0,96442
32875575798254,1,96442
32875575854001,0,96442
32875575859536,1,96442
32875575867535,0,96444
32875575875426,1,96444
32875575937782,0,96444
32875575943644,1,96444
32875575954508,0,96443
32875575964375,1,96443
32875576026991,0,96443
32875576032852,1,96443
32875576044522,0,96446
32875576053151,1,96446
32875576116701,0,96446
32875576122693,1,96446
32875576178862,0,96446
32875576184322,1,96446
32875576194251,0,96442
32875576201350,1,96442
32875576262534,0,96442
32875576268807,1,96442
32875576324684,0,96442
32875576329839,1,96442
32875576340216,0,96442
32875576343711,1,96442
32875576398534,0,96442
32875576404558,1,96442
32875576415000,0,96442
32875576419916,1,96442
32875576476411,0,96442
32875576481361,1,96442
32875576536803,0,96442
32875576542013,1,96442
32875576598833,0,96442
32875576604629,1,96442
32875576661732,0,96442
32875576666150,1,96442
32875576676407,0,96442
32875576679826,1,96442
32875576734823,0,96442
32875576740793,1,96442
32875576749304,0,96446
32875576757064,1,96446
32875576797027,0,96442
32875576802725,1,96442
32875576813840,0,96444
32875576821785,1,96444
32875576883631,0,96444
32875576889547,1,96444
32875576900628,0,96444
32875576904254,1,96444
32875576914370,0,96444
32875576918125,1,96444
32875576928198,0,96444
32875576932778,1,96444
32875576942916,0,96444
32875576946801,1,96444
32875576961042,0,96445
32875576970138,1,96445
32875577031474,0,96445
32875577037704,1,96445
32875577048058,0,96442
32875577055699,1,96442
32875577117686,0,96442
32875577123721,1,96442
32875577180140,0,96442
32875577184666,1,96442
32875577194511,0,96443
32875577203075,1,96443
32875577265170,0,96443
32875577271455,1,96443
32875577329914,0,96443
32875577335971,1,96443
32875577344404,0,96445
32875577351297,1,96445
32875577414630,0,96445
32875577420621,1,96445
32875577486277,0,96445
32875577493560,1,96445
32875577550304,0,96445
32875577556502,1,96445
32875577611912,0,96445
32875577617360,1,96445
32875577625685,0,96443
32875577634086,1,96443
32875577697691,0,96443
32875577703443,1,96443
32875577713657,0,96446
32875577722948,1,96446
32875577785782,0,96446
32875577791947,1,96446
32875577848442,0,96446
32875577853641,1,96446
32875577863811,0,96444
32875577872342,1,96444
32875577911069,0,96446
32875577916214,1,96446
32875577926482,0,96446
32875577930400,1,96446
32875577949981,0,96443
32875577958762,1,96443
32875577982575,0,96445
32875577990890,1,96445
32875578022051,0,96443
32875578027901,1,96443
32875578054407,0,96445
32875578059715,1,96445
32875578087077,0,96443
32875578092331,1,96443
32875578119401,0,96445
32875578124404,1,96445
32875578142943,0,96445
32875578146438,1,96445
32875578162675,0,96442
32875578170881,1,96442
32875578231674,0,96442
32875578236092,1,96442
32875578291870,0,96442
32875578296896,1,96442
32875578307153,0,96442
32875578311809,1,96442
32875578368597,0,96442
32875578373015,1,96442
32875578382859,0,96445
32875578391325,1,96445
32875578453160,0,96445
32875578467184,1,96445
32875578524417,0,96445
32875578531863,1,96445
32875578601187,0,96445
32875578608546,1,96445
32875578735928,0,96445
32875578742311,1,96445
32875578753740,0,96442
32875578763194,1,96442
32875578826679,0,96442
32875578831433,1,96442
32875578845413,0,96444
32875578855170,1,96444
32875578918102,0,96444
32875578924299,1,96444
32875578935339,0,96443
32875578944620,1,96443
32875579007746,0,96443
32875579012967,1,96443
32875579023570,0,96446
32875579033208,1,96446
32875579095260,0,96446
32875579101870,1,96446
32875579111715,0,96445
32875579120344,1,96445
32875579182233,0,96445
32875579188605,1,96445
32875579245002,0,96445
32875579250776,1,96445
32875579258786,0,96444
32875579266590,1,96444
32875579327557,0,96444
32875579332713,1,96444
32875579388687,0,96444
32875579393951,1,96444
32875579405869,0,96446
32875579414291,1,96446
32875579476745,0,96446
32875579483051,1,96446
32875579499083,0,96445
32875579507364,1,96445
32875579570448,0,96445
32875579576005,1,96445
32875579591863,0,96444
32875579600220,1,96444
32875579663976,0,96444
32875579669555,1,96444
32875579679812,0,96442
32875579688995,1,96442
32875579751557,0,96442
32875579757451,1,96442
32875579766927,0,96446
32875579776142,1,96446
32875579837608,0,96446
32875579843545,1,96446
32875579853422,0,96443
32875579863115,1,96443
32875579928434,0,96443
32875579934034,1,96443
32875579992472,0,96443
32875579997270,1,96443
32875580010685,0,96444
32875580018826,1,96444
32875580082267,0,96444
32875580087976,1,96444
32875580097940,0,96442
32875580107069,1,96442
32875580131870,0,96444
32875580137981,1,96444
32875580148444,0,96444
32875580152569,1,96444
32875580162554,0,96444
32875580165919,1,96444
32875580173169,0,96442
32875580179400,1,96442
32875580190265,0,96446
32875580198601,1,96446
32875580235591,0,96442
32875580240290,1,96442
32875580250819,0,96445
32875580260034,1,96445
32875580271886,0,96444
32875580279897,1,96444
32875580322987,0,96445
32875580328696,1,96445
32875580342405,0,96444
32875580348049,1,96444
32875580404511,0,96443
32875580412511,1,96443
32875580476050,0,96443
32875580481726,1,96443
32875580495641,0,96446
32875580505019,1,96446
32875580567288,0,96446
32875580573215,1,96446
32875580582592,0,96444
32875580592079,1,96444
32875580654131,0,96444
32875580659656,1,96444
32875580721154,0,96444
32875580728307,1,96444
32875580808779,0,96444
32875580814520,1,96444
32875580825982,0,96443
32875580835219,1,96443
32875580898248,0,96443
32875580904413,1,96443
32875580914008,0,96446
32875580920976,1,96446
32875580984081,0,96446
32875580992765,1,96446
32875581008090,0,96446
32875581013843,1,96446
32875581029375,0,96446
32875581035920,1,96446
32875581046676,0,96446
32875581050388,1,96446
32875581108859,0,96446
32875581114818,1,96446
32875581124924,0,96445
32875581133152,1,96445
32875581196615,0,96445
32875581203051,1,96445
32875581258949,0,96445
32875581264268,1,96445
32875581274718,0,96443
32875581281665,1,96443
32875581343652,0,96443
32875581348417,1,96443
32875581358479,0,96442
32875581368128,1,96442
32875581404879,0,96443
32875581409796,1,96443
32875581433187,0,96442
32875581439580,1,96442
32875581449619,0,96444
32875581458259,1,96444
32875581479079,0,96445
32875581486405,1,96445
32875581521571,0,96444
32875581526987,1,96444
32875581537407,0,96444
32875581541781,1,96444
32875581548805,0,96445
32875581555404,1,96445
32875581565041,0,96442
32875581573485,1,96442
32875581590016,0,96442
32875581594846,1,96442
32875581605027,0,96442
32875581609683,1,96442
32875581625128,0,96446
32875581634040,1,96446
32875581655617,0,96446
32875581660447,1,96446
32875581668794,0,96444
32875581675230,1,96444
32875581684957,0,96443
32875581692197,1,96443
32875581732594,0,96444
32875581738835,1,96444
32875581753120,0,96443
32875581758536,1,96443
32875581814500,0,96443
32875581819992,1,96443
32875581831322,0,96442
32875581839202,1,96442
32875581900657,0,96442
32875581906116,1,96442
32875581916460,0,96442
32875581921149,1,96442
32875581931374,0,96442
32875581935357,1,96442
32875581946146,0,96442
32875581949760,1,96442
32875581959713,0,96442
32875581963252,1,96442
32875581973313,0,96442
32875581976787,1,96442
32875582033140,0,96442
32875582039349,1,96442
32875582050485,0,96446
32875582059006,1,96446
32875582120374,0,96446
32875582126083,1,96446
32875582134258,0,96443
32875582141107,1,96443
32875582183501,0,96446
32875582188396,1,96446
32875582202419,0,96442
32875582209387,1,96442
32875582270159,0,96442
32875582276498,1,96442
32875582332776,0,96442
32875582338246,1,96442
32875582346366,0,96443
32875582354127,1,96443
32875582394480,0,96442
32875582399365,1,96442
32875582409828,0,96442
32875582413920,1,96442
32875582426782,0,96444
32875582434532,1,96444
32875582469807,0,96442
32875582475820,1,96442
32875582484907,0,96445
32875582490920,1,96445
32875582501848,0,96444
32875582507156,1,96444
32875582552408,0,96445
32875582557889,1,96445
32875582565192,0,96444
32875582643644,1,96444
32875582705946,0,96444
32875582711341,1,96444
32875582766490,0,96444
32875582771841,1,96444
32875582827869,0,96444
32875582832699,1,96444
32875582844345,0,96446
32875582853962,1,96446
32875582917393,0,96446
32875582922179,1,96446
32875582978403,0,96446
32875582985078,1,96446
32875583041617,0,96446
32875583046805,1,96446
32875583057159,0,96446
32875583061924,1,96446
32875583118115,0,96446
32875583123597,1,96446
32875583136405,0,96444
32875583144784,1,96444
32875583207412,0,96444
32875583213707,1,96444
32875583229141,0,96443
32875583236880,1,96443
32875583297521,0,96443
32875583302568,1,96443
32875583358824,0,96443
32875583365608,1,96443
32875583375387,0,96446
32875583384668,1,96446
32875583422505,0,96443
32875583427009,1,96443
32875583436767,0,96445
32875583445472,1,96445
32875583457292,0,96444
32875583464097,1,96444
32875583481333,0,96444
32875583485415,1,96444
32875583501370,0,96442
32875583510595,1,96442
32875583543614,0,96444
32875583549996,1,96444
32875583573299,0,96442
32875583578151,1,96442
32875583591957,0,96445
32875583599761,1,96445
32875583623813,0,96446
32875583633235,1,96446
32875583661835,0,96445
32875583667577,1,96445
32875583677834,0,96445
32875583681220,1,96445
32875583694994,0,96446
32875583700432,1,96446
32875583756482,0,96446
32875583761366,1,96446
32875583816179,0,96446
32875583821432,1,96446
32875583831841,0,96446
32875583835640,1,96446
32875583891527,0,96446
32875583896704,1,96446
32875583906625,0,96442
32875583914678,1,96442
32875583984980,0,96442
32875583991677,1,96442
32875584003095,0,96442
32875584008316,1,96442
32875584019300,0,96442
32875584022936,1,96442
32875584032987,0,96442
32875584037448,1,96442
32875584047618,0,96442
32875584051297,1,96442
32875584109920,0,96442
32875584116085,1,96442
32875584174414,0,96442
32875584180091,1,96442
32875584235392,0,96442
32875584240569,1,96442
32875584248655,0,96446
32875584255960,1,96446
32875584296066,0,96442
32875584302025,1,96442
32875584312444,0,96442
32875584315733,1,96442
32875584331775,0,96443
32875584339579,1,96443
32875584360669,0,96443
32875584365195,1,96443
32875584375072,0,96442
32875584381161,1,96442
32875584394739,0,96446
32875584415340,1,96446
32875584433423,0,96444
32875584443051,1,96444
32875584478054,0,96446
32875584482754,1,96446
32875584493478,0,96442
32875584502150,1,96442
32875584524770,0,96445
32875584533290,1,96445
32875584568522,0,96442
32875584575556,1,96442
32875584590417,0,96443
32875584598264,1,96443
32875584621405,0,96443
32875584625746,1,96443
32875584635873,0,96443
32875584640160,1,96443
32875584650179,0,96443
32875584655182,1,96443
32875584665331,0,96443
32875584669423,1,96443
32875584679506,0,96443
32875584683392,1,96443
32875584740907,0,96443
32875584745672,1,96443
32875584802232,0,96443
32875584807865,1,96443
32875584863611,0,96443
32875584868908,1,96443
32875584879198,0,96443
32875584882334,1,96443
32875584937635,0,96443
32875584942368,1,96443
32875584952625,0,96443
32875584956174,1,96443
32875584967006,0,96443
32875584970957,1,96443
32875584981127,0,96443
32875584984286,1,96443
32875584994293,0,96443
32875584997321,1,96443
32875585007329,0,96443
32875585010715,1,96443
32875585065712,0,96443
32875585070141,1,96443
32875585080678,0,96442
32875585089872,1,96442
32875585153074,0,96442
32875585158545,1,96442
32875585168444,0,96445
32875585177149,1,96445
32875585241491,0,96445
32875585247873,1,96445
32875585304542,0,96445
32875585310121,1,96445
32875585320313,0,96445
32875585323960,1,96445
32875585334151,0,96445
32875585339014,1,96445
32875585349141,0,96445
32875585352896,1,96445
32875585362958,0,96445
32875585366051,1,96445
32875585375972,0,96445
32875585380292,1,96445
32875585436201,0,96445
32875585441335,1,96445
32875585451624,0,96445
32875585455597,1,96445
32875585510930,0,96445
32875585515402,1,96445
32875585571018,0,96445
32875585575805,1,96445
32875585631149,0,96445
32875585637813,1,96445
32875585693928,0,96445
32875585699269,1,96445
32875585708887,0,96443
32875585716365,1,96443
32875585779590,0,96443
32875585785158,1,96443
32875585840535,0,96443
32875585845886,1,96443
32875585902088,0,96443
32875585907200,1,96443
32875585962924,0,96443
32875585967353,1,96443
32875585977675,0,96443
32875585981213,1,96443
32875585990775,0,96445
32875586000783,1,96445
32875586036590,0,96443
32875586041616,1,96443
32875586053836,0,96442
32875586062280,1,96442
32875586131973,0,96442
32875586139137,1,96442
32875586202003,0,96442
32875586206660,1,96442
32875586263209,0,96442
32875586268994,1,96442
32875586280772,0,96445
32875586287990,1,96445
32875586350672,0,96445
32875586356685,1,96445
32875586366680,0,96446
32875586374755,1,96446
32875586448954,0,96444
32875586458299,1,96444
32875586500868,0,96446
32875586506468,1,96446
32875586516834,0,96446
32875586521773,1,96446
32875586534309,0,96443
32875586544327,1,96443
32875586579896,0,96446
32875586585551,1,96446
32875586593941,0,96442
32875586601267,1,96442
32875586620772,0,96445
32875586628934,1,96445
32875586645465,0,96446
32875586650381,1,96446
32875586660172,0,96444
32875586669647,1,96444
32875586693059,0,96445
32875586699702,1,96445
32875586732372,0,96444
32875586737647,1,96444
32875586747514,0,96443
32875586755437,1,96443
32875586819845,0,96443
32875586825738,1,96443
32875586835160,0,96442
32875586842779,1,96442
32875586885403,0,96443
32875586890515,1,96443
32875586905580,0,96442
32875586910302,1,96442
32875586921720,0,96445
32875586929947,1,96445
32875586946565,0,96443
32875586952697,1,96443
32875586963052,0,96443
32875586967155,1,96443
32875586993780,0,96445
32875587001052,1,96445
32875587022673,0,96443
32875587028035,1,96443
32875587058079,0,96445
32875587063962,1,96445
32875587074403,0,96445
32875587078137,1,96445
32875587085767,0,96443
32875587092171,1,96443
32875587135674,0,96445
32875587141285,1,96445
32875587148427,0,96443
32875587154462,1,96443
32875587163775,0,96444
32875587172273,1,96444
32875587189065,0,96444
32875587194383,1,96444
32875587213052,0,96446
32875587222875,1,96446
32875587261439,0,96445
32875587269069,1,96445
32875587288097,0,96446
32875587294077,1,96446
32875587304149,0,96443
32875587312496,1,96443
32875587329070,0,96443
32875587332402,1,96443
32875587361589,0,96444
32875587369154,1,96444
32875587390189,0,96443
32875587395486,1,96443
32875587413515,0,96445
32875587421352,1,96445
32875587452165,0,96443
32875587456604,1,96443
32875587474991,0,96444
32875587481959,1,96444
32875587494789,0,96446
32875587502962,1,96446
32875587542774,0,96444
32875587548896,1,96444
32875587559294,0,96444
32875587563375,1,96444
32875587578310,0,96445
32875587586928,1,96445
32875587619284,0,96444
32875587624787,1,96444
32875587650815,0,96445
32875587655514,1,96445
32875587680815,0,96444
32875587687024,1,96444
32875587711999,0,96445
32875587717122,1,96445
32875587732622,0,96446
32875587739905,1,96446
32875587754850,0,96443
32875587764130,1,96443
32875587800459,0,96446
32875587806667,1,96446
32875587817098,0,96446
32875587820571,1,96446
32875587829417,0,96443
32875587836114,1,96443
32875587846534,0,96443
32875587849877,1,96443
32875587878651,0,96446
32875587883709,1,96446
32875587897732,0,96444
32875587904950,1,96444
32875587926779,0,96442
32875587935885,1,96442
32875587967187,0,96444
32875587972321,1,96444
32875587985238,0,96445
32875587995094,1,96445
32875588058666,0,96445
32875588063593,1,96445
32875588074185,0,96443
32875588081501,1,96443
32875588144725,0,96443
32875588150630,1,96443
32875588206408,0,96443
32875588212541,1,96443
32875588221269,0,96442
32875588228563,1,96442
32875588290908,0,96442
32875588295988,1,96442
32875588306440,0,96442
32875588310163,1,96442
32875588320257,0,96442
32875588324241,1,96442
32875588334161,0,96442
32875588338394,1,96442
32875588348380,0,96442
32875588353101,1,96442
32875588368623,0,96442
32875588374429,1,96442
32875588453729,0,96445
32875588461055,1,96445
32875588523954,0,96445
32875588529815,1,96445
32875588540006,0,96444
32875588549416,1,96444
32875588586310,0,96445
32875588592530,1,96445
32875588606291,0,96443
32875588614996,1,96443
32875588678546,0,96443
32875588684960,1,96443
32875588693016,0,96442
32875588699484,1,96442
32875588741423,0,96443
32875588746861,1,96443
32875588761244,0,96442
32875588766888,1,96442
32875588776796,0,96444
32875588784893,1,96444
32875588805700,0,96443
32875588811996,1,96443
32875588822329,0,96443
32875588826616,1,96443
32875588836601,0,96443
32875588840563,1,96443
32875588849919,0,96444
32875588855900,1,96444
32875588866007,0,96446
32875588873518,1,96446
32875588912959,0,96444
32875588918191,1,96444
32875588926962,0,96442
32875588933876,1,96442
32875588945098,0,96443
32875588951274,1,96443
32875588995950,0,96442
32875589001431,1,96442
32875589013456,0,96443
32875589019003,1,96443
32875589058621,0,96442
32875589063712,1,96442
32875589078797,0,96443
32875589085255,1,96443
32875589095675,0,96443
32875589099409,1,96443
32875589109438,0,96443
32875589113606,1,96443
32875589119827,0,96442
32875589125536,1,96442
32875589160452,0,96445
32875589168473,1,96445
32875589184831,0,96442
32875589189867,1,96442
32875589198408,0,96446
32875589205973,1,96446
32875589231665,0,96445
32875589237363,1,96445
32875589268503,0,96446
32875589273691,1,96446
32875589293391,0,96445
32875589298482,1,96445
32875589330154,0,96446
32875589336080,1,96446
32875589353674,0,96445
32875589359742,1,96445
32875589392629,0,96446
32875589398860,1,96446
32875589436251,0,96443
32875589445684,1,96443
32875589456831,0,96446
32875589462724,1,96446
32875589492095,0,96445
32875589497848,1,96445
32875589508181,0,96445
32875589512186,1,96445
32875589518731,0,96446
32875589524342,1,96446
32875589549590,0,96442
32875589556743,1,96442
32875589580490,0,96446
32875589594861,1,96446
32875589618589,0,96442
32875589632634,1,96442
32875589652832,0,96446
32875589658313,1,96446
32875589666367,0,96445
32875589673161,1,96445
32875589689867,0,96442
32875589696173,1,96442
32875589714949,0,96446
32875589721527,1,96446
32875589752950,0,96442
32875589758996,1,96442
32875589769372,0,96442
32875589773508,1,96442
32875589780138,0,96446
32875589785685,1,96446
32875589825844,0,96445
32875589832932,1,96445
32875589843113,0,96446
32875589848399,1,96446
32875589859568,0,96446
32875589863334,1,96446
32875589883893,0,96444
32875589892761,1,96444
32875589908704,0,96442
32875589918038,1,96442
32875589957244,0,96444
32875589962367,1,96444
32875589972731,0,96445
32875589982760,1,96445
32875589995091,0,96446
32875590002525,1,96446
32875590045431,0,96445
32875590051727,1,96445
32875590062776,0,96446
32875590067606,1,96446
32875590126827,0,96442
32875590134131,1,96442
32875590173628,0,96445
32875590179185,1,96445
32875590189594,0,96445
32875590193328,1,96445
32875590200200,0,96442
32875590206408,1,96442
32875590214515,0,96446
32875590222340,1,96446
32875590262371,0,96442
32875590268742,1,96442
32875590283633,0,96446
32875590288495,1,96446
32875590325151,0,96442
32875590330209,1,96442
32875590340661,0,96442
32875590344731,1,96442
32875590359090,0,96443
32875590367643,1,96443
32875590400510,0,96442
32875590405872,1,96442
32875590415302,0,96443
32875590421044,1,96443
32875590432235,0,96443
32875590436359,1,96443
32875590446540,0,96443
32875590450383,1,96443
32875590461336,0,96442
32875590466654,1,96442
32875590482966,0,96446
32875590493603,1,96446
32875590525103,0,96442
32875590531072,1,96442
32875590560008,0,96446
32875590566032,1,96446
32875590589999,0,96442
32875590594405,1,96442
32875590604053,0,96445
32875590613442,1,96445
32875590624665,0,96446
32875590630960,1,96446
32875590650119,0,96442
32875590656425,1,96442
32875590688063,0,96446
32875590693338,1,96446
32875590701099,0,96445
32875590708664,1,96445
32875590822240,0,96445
32875590828752,1,96445
32875590841072,0,96445
32875590844795,1,96445
32875590854911,0,96443
32875590863648,1,96443
32875590902180,0,96445
32875590908453,1,96445
32875590924702,0,96443
32875590931605,1,96443
32875590964992,0,96445
32875590969615,1,96445
32875590979916,0,96445
32875590983205,1,96445
32875590989435,0,96443
32875590995199,1,96443
32875591005900,0,96446
32875591014106,1,96446
32875591038560,0,96445
32875591043998,1,96445
32875591076668,0,96446
32875591082443,1,96446
32875591092017,0,96444
32875591099811,1,96444
32875591139220,0,96446
32875591144451,1,96446
32875591156174,0,96442
32875591164054,1,96442
32875591191471,0,96443
32875591198526,1,96443
32875591228309,0,96442
32875591233400,1,96442
32875591261186,0,96443
32875591267916,1,96443
32875591289786,0,96442
32875591294508,1,96442
32875591304721,0,96442
32875591309627,1,96442
32875591323868,0,96443
32875591337294,1,96443
32875591366144,0,96442
32875591371191,1,96442
32875591410917,0,96445
32875591420598,1,96445
32875591438953,0,96446
32875591447723,1,96446
32875591461594,0,96443
32875591468063,1,96443
32875591485733,0,96445
32875591490520,1,96445
32875591499681,0,96442
32875591506747,1,96442
32875591527076,0,96443
32875591532330,1,96443
32875591540090,0,96446
32875591547319,1,96446
32875591567409,0,96442
32875591573976,1,96442
32875591586708,0,96445
32875591593806,1,96445
32875591609577,0,96446
32875591615655,1,96446
32875591630059,0,96443
32875591639448,1,96443
32875591655316,0,96445
32875591660634,1,96445
32875591670978,0,96445
32875591674603,1,96445
32875591720429,0,96444
32875591728993,1,96444
32875591741811,0,96446
32875591748845,1,96446
32875591770737,0,96443
32875591777022,1,96443
32875591792836,0,96444
32875591798219,1,96444
32875591808932,0,96445
32875591816650,1,96445
32875591834385,0,96443
32875591839139,1,96443
32875591877671,0,96445
32875591882902,1,96445
32875591893995,0,96444
32875591904220,1,96444
32875591965349,0,96444
32875591970473,1,96444
32875592026240,0,96444
32875592031103,1,96444
32875592041295,0,96444
32875592045213,1,96444
32875592055231,0,96444
32875592059519,1,96444
32875592069526,0,96444
32875592073379,1,96444
32875592083430,0,96444
32875592086860,1,96444
32875592096759,0,96443
32875592104422,1,96443
32875592165052,0,96443
32875592171564,1,96443
32875592181224,0,96442
32875592190895,1,96442
32875592228179,0,96443
32875592233866,1,96443
32875592244459,0,96446
32875592254326,1,96446
32875592269293,0,96445
32875592278172,1,96445
32875592318017,0,96446
32875592323661,1,96446
32875592333247,0,96444
32875592342017,1,96444
32875592380471,0,96446
32875592385605,1,96446
32875592395438,0,96442
32875592404925,1,96442
32875592421803,0,96443
32875592430540,1,96443
32875592467183,0,96442
32875592471829,1,96442
32875592491855,0,96443
32875592496391,1,96443
32875592528486,0,96442
32875592534250,1,96442
32875592544507,0,96442
32875592550021,1,96442
32875592565498,0,96446
32875592575321,1,96446
32875592607015,0,96442
32875592612279,1,96442
32875592638785,0,96446
32875592644765,1,96446
32875592654110,0,96442
32875592659082,1,96442
32875592714969,0,96442
32875592719614,1,96442
32875592729274,0,96443
32875592739347,1,96443
32875592777683,0,96442
32875592783707,1,96442
32875592793454,0,96445
32875592801269,1,96445
32875592863896,0,96445
32875592870463,1,96445
32875592926893,0,96445
32875592931951,1,96445
32875592943619,0,96442
32875592953040,1,96442
32875592998833,0,96442
32875593004716,1,96442
32875593015190,0,96442
32875593020216,1,96442
32875593030451,0,96442
32875593034293,1,96442
32875593044268,0,96442
32875593048881,1,96442
32875593105886,0,96442
32875593111530,1,96442
32875593121148,0,96446
32875593129137,1,96446
32875593191341,0,96446
32875593197853,1,96446
32875593210020,0,96444
32875593219463,1,96444
32875593282449,0,96444
32875593287854,1,96444
32875593297687,0,96445
32875593306098,1,96445
32875593344317,0,96444
32875593349277,1,96444
32875593359545,0,96444
32875593363680,1,96444
32875593370408,0,96445
32875593375922,1,96445
32875593406248,0,96443
32875593414910,1,96443
32875593435261,0,96446
32875593444096,1,96446
32875593476887,0,96444
32875593482727,1,96444
32875593493168,0,96444
32875593496967,1,96444
32875593507603,0,96446
32875593513268,1,96446
32875593569991,0,96446
32875593575114,1,96446
32875593630752,0,96446
32875593635984,1,96446
32875593647283,0,96442
32875593656845,1,96442
32875593717964,0,96442
32875593723641,1,96442
32875593734038,0,96444
32875593742103,1,96444
32875593805089,0,96444
32875593811351,1,96444
32875593869626,0,96444
32875593874739,1,96444
32875593930517,0,96444
32875593935195,1,96444
32875593946322,0,96446
32875593956471,1,96446
32875594018621,0,96446
32875594025220,1,96446
32875594042945,0,96446
32875594046939,1,96446
32875594056946,0,96446
32875594059899,1,96446
32875594069797,0,96446
32875594073509,1,96446
32875594083495,0,96446
32875594087142,1,96446
32875594097822,0,96446
32875594101871,1,96446
32875594112148,0,96443
32875594120299,1,96443
32875594156987,0,96446
32875594162523,1,96446
32875594175233,0,96445
32875594184632,1,96445
32875594198296,0,96444
32875594206534,1,96444
32875594249669,0,96445
32875594254781,1,96445
32875594265862,0,96442
32875594275403,1,96442
32875594338410,0,96442
32875594345096,1,96442
32875594355614,0,96442
32875594360042,1,96442
32875594370071,0,96442
32875594374315,1,96442
32875594384431,0,96442
32875594388338,1,96442
32875594398487,0,96442
32875594402340,1,96442
32875594412716,0,96442
32875594416211,1,96442
32875594475876,0,96442
32875594480945,1,96442
32875594537125,0,96442
32875594542639,1,96442
32875594552798,0,96442
32875594556640,1,96442
32875594611529,0,96442
32875594616717,1,96442
32875594671378,0,96442
32875594676533,1,96442
32875594687572,0,96442
32875594691664,1,96442
32875594701769,0,96442
32875594705709,1,96442
32875594715803,0,96442
32875594720090,1,96442
32875594730174,0,96442
32875594733441,1,96442
32875594743448,0,96442
32875594746618,1,96442
32875594804111,0,96442
32875594809256,1,96442
32875594864687,0,96442
32875594870689,1,96442
32875594925947,0,96442
32875594930875,1,96442
32875594971718,0,96442
32875594976874,1,96442
32875594987261,0,96442
32875594991190,1,96442
32875595001187,0,96442
32875595004476,1,96442
32875595014472,0,96442
32875595019302,1,96442
32875595030004,0,96442
32875595033467,1,96442
32875595043669,0,96442
32875595047403,1,96442
32875595057661,0,96443
32875595067592,1,96443
32875595105429,0,96442
32875595110866,1,96442
32875595120277,0,96445
32875595129894,1,96445
32875595199457,0,96445
32875595207054,1,96445
32875595293420,0,96442
32875595302689,1,96442
32875595335294,0,96445
32875595340917,1,96445
32875595351195,0,96445
32875595354875,1,96445
32875595364969,0,96445
32875595368985,1,96445
32875595425198,0,96445
32875595429833,1,96445
32875595437919,0,96443
32875595444486,1,96443
32875595504704,0,96443
32875595509870,1,96443
32875595522884,0,96446
32875595532804,1,96446
32875595595812,0,96446
32875595600577,1,96446
32875595656865,0,96446
32875595663106,1,96446
32875595673407,0,96444
32875595681949,1,96444
32875595744522,0,96444
32875595750004,1,96444
32875595767576,0,96444
32875595771972,1,96444
32875595781925,0,96444
32875595786951,1,96444
32875595797045,0,96444
32875595801061,1,96444
32875595811795,0,96444
32875595816115,1,96444
32875595826123,0,96444
32875595830822,1,96444
32875595885299,0,96444
32875595890845,1,96444
32875595901340,0,96442
32875595908917,1,96442
32875595948284,0,96444
32875595954352,1,96444
32875595964771,0,96444
32875595968299,1,96444
32875595975180,0,96442
32875595980770,1,96442
32875595990614,0,96445
32875596001295,1,96445
32875596018553,0,96445
32875596023231,1,96445
32875596031111,0,96444
32875596039208,1,96444
32875596069101,0,96446
32875596082093,1,96446
32875596110161,0,96444
32875596119549,1,96444
32875596157930,0,96446
32875596165821,1,96446
32875596184869,0,96444
32875596195093,1,96444
32875596213253,0,96446
32875596222739,1,96446
32875596240713,0,96446
32875596247443,1,96446
32875596256679,0,96444
32875596263256,1,96444
32875596288383,0,96445
32875596298206,1,96445
32875596333167,0,96444
32875596338919,1,96444
32875596359520,0,96445
32875596364979,1,96445
32875596375844,0,96446
32875596384039,1,96446
32875596394872,0,96444
32875596399528,1,96444
32875596410490,0,96442
32875596418837,1,96442
32875596435530,0,96442
32875596439872,1,96442
32875596447969,0,96446
32875596454286,1,96446
32875596465509,0,96443
32875596477079,1,96443
32875596511085,0,96446
32875596517011,1,96446
32875596545546,0,96443
32875596551364,1,96443
32875596573170,0,96446
32875596578293,1,96446
32875596588647,0,96446
32875596592989,1,96446
32875596603094,0,96446
32875596606166,1,96446
32875596619795,0,96442
32875596627415,1,96442
32875596649448,0,96442
32875596654550,1,96442
32875596665168,0,96446
32875596671148,1,96446
32875596681829,0,96443
32875596688830,1,96443
32875596727437,0,96446
32875596732864,1,96446
32875596746605,0,96442
32875596755180,1,96442
32875596821151,0,96442
32875596826111,1,96442
32875596839267,0,96446
32875596847126,1,96446
32875596910231,0,96446
32875596916927,1,96446
32875596926445,0,96443
32875596935921,1,96443
32875596999514,0,96443
32875597005690,1,96443
32875597064855,0,96443
32875597071541,1,96443
32875597129610,0,96443
32875597135699,1,96443
32875597145164,0,96442
32875597154260,1,96442
32875597216616,0,96442
32875597221261,1,96442
32875597232983,0,96446
32875597241905,1,96446
32875597304012,0,96446
32875597309819,1,96446
32875597365923,0,96446
32875597371404,1,96446
32875597380077,0,96445
32875597388141,1,96445
32875597440229,0,96446
32875597449130,1,96446
32875597464575,0,96445
32875597473573,1,96445
32875597534932,0,96444
32875597543767,1,96444
32875597563238,0,96443
32875597572659,1,96443
32875597610171,0,96444
32875597616890,1,96444
32875597628026,0,96446
32875597637513,1,96446
32875597657939,0,96445
32875597675088,1,96445
32875597739756,0,96445
32875597746312,1,96445
32875597756819,0,96444
32875597765404,1,96444
32875597827565,0,96444
32875597833426,1,96444
32875597843672,0,96444
32875597848524,1,96444
32875597858564,0,96444
32875597862352,1,96444
32875597872370,0,96444
32875597877081,1,96444
32875597887891,0,96444
32875597891788,1,96444
32875597947686,0,96444
32875597953113,1,96444
32875597964889,0,96442
32875597974484,1,96442
32875598037502,0,96442
32875598043982,1,96442
32875598100814,0,96442
32875598106523,1,96442
32875598117040,0,96442
32875598122359,1,96442
32875598133159,0,96442
32875598137294,1,96442
32875598147399,0,96442
32875598151176,1,96442
32875598161151,0,96442
32875598165493,1,96442
32875598175467,0,96442
32875598178995,1,96442
32875598196318,0,96442
32875598200573,1,96442
32875598210699,0,96442
32875598214802,1,96442
32875598225114,0,96442
32875598228739,1,96442
32875598238746,0,96442
32875598242512,1,96442
32875598296131,0,96442
32875598302600,1,96442
32875598358259,0,96442
32875598363480,1,96442
32875598373791,0,96442
32875598378719,1,96442
32875598434237,0,96442
32875598447121,1,96442
32875598458398,0,96442
32875598462740,1,96442
32875598472780,0,96442
32875598476372,1,96442
32875598486293,0,96442
32875598489386,1,96442
32875598499448,0,96442
32875598503887,1,96442
32875598561392,0,96442
32875598567361,1,96442
32875598575915,0,96443
32875598583556,1,96443
32875598626494,0,96442
32875598631172,1,96442
32875598640821,0,96444
32875598648810,1,96444
32875598668260,0,96446
32875598677073,1,96446
32875598711774,0,96444
32875598719143,1,96444
32875598739245,0,96446
32875598745812,1,96446
32875598775769,0,96444
32875598780436,1,96444
32875598788924,0,96443
32875598796272,1,96443
32875598856881,0,96443
32875598863068,1,96443
32875598875853,0,96442
32875598883440,1,96442
32875598906852,0,96442
32875598911129,1,96442
32875598921972,0,96442
32875598925999,1,96442
32875598936115,0,96442
32875598939154,1,96442
32875598949172,0,96442
32875598954588,1,96442
32875598966538,0,96444
32875598975373,1,96444
32875599038424,0,96444
32875599044058,1,96444
32875599056432,0,96446
32875599065007,1,96446
32875599127689,0,96446
32875599134038,1,96446
32875599143806,0,96443
32875599153270,1,96443
32875599190989,0,96446
32875599197067,1,96446
32875599207487,0,96446
32875599212339,1,96446
32875599229194,0,96444
32875599234740,1,96444
32875599268941,0,96445
32875599276800,1,96445
32875599293699,0,96444
32875599298833,1,96444
32875599312575,0,96443
32875599321019,1,96443
32875599340089,0,96445
32875599346699,1,96445
32875599356294,0,96442
32875599366475,1,96442
32875599385166,0,96443
32875599390680,1,96443
32875599431349,0,96442
32875599436766,1,96442
32875599447989,0,96444
32875599456390,1,96444
32875599522241,0,96444
32875599529252,1,96444
32875599591750,0,96444
32875599597502,1,96444
32875599654008,0,96444
32875599658686,1,96444
32875599668856,0,96444
32875599672623,1,96444
32875599727544,0,96444
32875599733383,1,96444
32875599743738,0,96444
32875599747656,1,96444
32875599802643,0,96444
32875599808048,1,96444
32875599819662,0,96446
32875599829007,1,96446
32875599890636,0,96446
32875599897854,1,96446
32875599907687,0,96443
32875599915198,1,96443
32875599937970,0,96443
32875599942409,1,96443
32875599952558,0,96443
32875599956997,1,96443
32875599971031,0,96442
32875599979031,1,96442
32875600014284,0,96443
32875600019483,1,96443
32875600027440,0,96444
32875600034223,1,96444
32875600043948,0,96442
32875600051286,1,96442
32875600057429,0,96444
32875600061608,1,96444
32875600109289,0,96442
32875600115357,1,96442
32875600129098,0,96446
32875600137640,1,96446
32875600174055,0,96442
32875600179004,1,96442
32875600192463,0,96445
32875600200734,1,96445
32875600263817,0,96446
32875600270395,1,96446
32875600280598,0,96443
32875600289791,1,96443
32875600327617,0,96446
32875600333869,1,96446
32875600343247,0,96442
32875600351865,1,96442
32875600364966,0,96444
32875600374148,1,96444
32875600415187,0,96442
32875600421700,1,96442
32875600432109,0,96445
32875600440477,1,96445
32875600454750,0,96446
32875600463390,1,96446
32875600479464,0,96442
32875600485326,1,96442
32875600496559,0,96443
32875600504939,1,96443
32875600526430,0,96443
32875600530153,1,96443
32875600541690,0,96442
32875600547899,1,96442
32875600571409,0,96444
32875600578702,1,96444
32875600604122,0,96442
32875600609170,1,96442
32875600641710,0,96444
32875600647690,1,96444
32875600664557,0,96442
32875600669952,1,96442
32875600680904,0,96442
32875600685202,1,96442
32875600703947,0,96444
32875600710253,1,96444
32875600740579,0,96442
32875600746223,1,96442
32875600758380,0,96443
32875600836344,1,96443
32875600900339,0,96443
32875600906254,1,96443
32875600916294,0,96445
32875600924619,1,96445
32875600987160,0,96445
32875600992782,1,96445
32875601005135,0,96442
32875601014524,1,96442
32875601077423,0,96442
32875601082784,1,96442
32875601093876,0,96444
32875601102494,1,96444
32875601164633,0,96444
32875601178624,1,96444
32875601235911,0,96444
32875601240698,1,96444
32875601249284,0,96443
32875601256653,1,96443
32875601318044,0,96443
32875601323861,1,96443
32875601379651,0,96443
32875601384980,1,96443
32875601395161,0,96443
32875601400393,1,96443
32875601456052,0,96443
32875601461077,1,96443
32875601471280,0,96443
32875601474743,1,96443
32875601529045,0,96443
32875601533604,1,96443
32875601543872,0,96443
32875601548528,1,96443
32875601604263,0,96443
32875601609158,1,96443
32875601665599,0,96443
32875601670831,1,96443
32875601684105,0,96442
32875601693873,1,96442
32875601758672,0,96442
32875601764272,1,96442
32875601774714,0,96446
32875601784157,1,96446
32875601847175,0,96446
32875601852439,1,96446
32875601908533,0,96446
32875601914633,1,96446
32875601991609,0,96443
32875601999402,1,96443
32875602038998,0,96446
32875602046574,1,96446
32875602061964,0,96443
32875602067977,1,96443
32875602124147,0,96443
32875602130117,1,96443
32875602140580,0,96443
32875602145399,1,96443
32875602201405,0,96443
32875602205617,1,96443
32875602219260,0,96445
32875602226663,1,96445
32875602289171,0,96445
32875602294815,1,96445
32875602305159,0,96445
32875602310510,1,96445
32875602320745,0,96445
32875602325141,1,96445
32875602335127,0,96445
32875602338860,1,96445
32875602348846,0,96445
32875602352471,1,96445
32875602408749,0,96445
32875602414632,1,96445
32875602424922,0,96445
32875602429144,1,96445
32875602485302,0,96445
32875602491305,1,96445
32875602501670,0,96445
32875602505143,1,96445
32875602560509,0,96445
32875602566088,1,96445
32875602579168,0,96443
32875602587395,1,96443
32875602650055,0,96443
32875602656003,1,96443
32875602666282,0,96443
32875602670037,1,96443
32875602680023,0,96443
32875602683648,1,96443
32875602693601,0,96443
32875602698431,1,96443
32875602708504,0,96443
32875602713030,1,96443
32875602726391,0,96446
32875602734195,1,96446
32875602795932,0,96446
32875602803660,1,96446
32875602860503,0,96446
32875602866635,1,96446
32875602876957,0,96446
32875602880355,1,96446
32875602936079,0,96446
32875602942201,1,96446
32875603012025,0,96443
32875603019991,1,96443
32875603063635,0,96446
32875603068281,1,96446
32875603078841,0,96446
32875603082608,1,96446
32875603094656,0,96442
32875603103502,1,96442
32875603153387,0,96444
32875603161310,1,96444
32875603185645,0,96445
32875603193558,1,96445
32875603224100,0,96444
32875603229419,1,96444
32875603239991,0,96443
32875603250128,1,96443
32875603269557,0,96446
32875603278642,1,96446
32875603313103,0,96443
32875603318183,1,96443
32875603328418,0,96443
32875603331457,1,96443
32875603354609,0,96446
32875603418669,1,96446
32875603479267,0,96446
32875603485236,1,96446
32875603541167,0,96446
32875603546431,1,96446
32875603559369,0,96444
32875603569376,1,96444
32875603632026,0,96444
32875603638495,1,96444
32875603648600,0,96443
32875603658900,1,96443
32875603695912,0,96444
32875603700666,1,96444
32875603711498,0,96445
32875603719422,1,96445
32875603737266,0,96442
32875603746155,1,96442
32875603767885,0,96442
32875603771597,1,96442
32875603781821,0,96442
32875603785924,1,96442
32875603795736,0,96446
32875603802292,1,96446
32875603843103,0,96442
32875603848313,1,96442
32875603856963,0,96443
32875603864789,1,96443
32875603879583,0,96445
32875603888570,1,96445
32875603925756,0,96443
32875603932116,1,96443
32875603945229,0,96442
32875603954824,1,96442
32875604018928,0,96442
32875604024453,1,96442
32875604080459,0,96442
32875604085593,1,96442
32875604099224,0,96443
32875604107973,1,96443
32875604131667,0,96443
32875604136681,1,96443
32875604146852,0,96443
32875604151280,1,96443
32875604161407,0,96443
32875604165390,1,96443
32875604176136,0,96443
32875604180575,1,96443
32875604190485,0,96445
32875604198419,1,96445
32875604258159,0,96445
32875604263044,1,96445
32875604280497,0,96445
32875604286564,1,96445
32875604296756,0,96445
32875604300805,1,96445
32875604354271,0,96445
32875604359025,1,96445
32875604368198,0,96442
32875604376274,1,96442
32875604437392,0,96442
32875604442754,1,96442
32875604498717,0,96442
32875604504079,1,96442
32875604514834,0,96446
32875604524017,1,96446
32875604591789,0,96446
32875604598225,1,96446
32875604609981,0,96444
32875604620248,1,96444
32875604683147,0,96444
32875604688932,1,96444
32875604698646,0,96445
32875604709066,1,96445
32875604771889,0,96445
32875604849007,1,96445
32875604919319,0,96445
32875604927687,1,96445
32875604995546,0,96445
32875605002373,1,96445
32875605066770,0,96445
32875605072534,1,96445
32875605132317,0,96445
32875605138732,1,96445
32875605210446,0,96442
32875605218933,1,96442
32875605268839,0,96445
32875605273777,1,96445
32875605282907,0,96442
32875605289104,1,96442
32875605352199,0,96442
32875605359384,1,96442
32875605431389,0,96442
32875605437164,1,96442
32875605494223,0,96442
32875605500909,1,96442
32875605509341,0,96445
32875605517124,1,96445
32875605558446,0,96442
32875605563786,1,96442
32875605574454,0,96446
32875605582855,1,96446
32875605644039,0,96445
32875605648804,1,96445
32875605661970,0,96443
32875605670610,1,96443
32875605705733,0,96445
32875605710965,1,96445
32875605725162,0,96442
32875605734442,1,96442
32875605797873,0,96442
32875605803636,1,96442
32875605814360,0,96446
32875605823271,1,96446
32875605891434,0,96446
32875605898348,1,96446
32875605912838,0,96446
32875605917625,1,96446
32875605927762,0,96446
32875605931615,1,96446
32875605941699,0,96446
32875605945259,1,96446
32875605955429,0,96446
32875605958620,1,96446
32875606014844,0,96446
32875606030050,1,96446
32875606088586,0,96446
32875606094252,1,96446
32875606150627,0,96446
32875606157248,1,96446
32875606167614,0,96446
32875606171944,1,96446
32875606227126,0,96446
32875606232412,1,96446
32875606242604,0,96446
32875606246490,1,96446
32875606256443,0,96446
32875606261381,1,96446
32875606271519,0,96446
32875606276056,1,96446
32875606286617,0,96446
32875606290546,1,96446
32875606304602,0,96445
32875606314827,1,96445
32875606375858,0,96445
32875606381633,1,96445
32875606391900,0,96443
32875606400627,1,96443
32875606462961,0,96443
32875606468540,1,96443
32875606480751,0,96444
32875606489792,1,96444
32875606553668,0,96444
32875606558042,1,96444
32875606568713,0,96442
32875606577266,1,96442
32875606641771,0,96442
32875606647622,1,96442
32875606704638,0,96442
32875606709381,1,96442
32875606723555,0,96445
32875606731988,1,96445
32875606794822,0,96445
32875606801443,1,96445
32875606812319,0,96443
32875606820123,1,96443
32875606882110,0,96443
32875606888807,1,96443
32875606944879,0,96443
32875606950316,1,96443
32875606959173,0,96446
32875606967661,1,96446
32875607029279,0,96446
32875607034879,1,96446
32875607042989,0,96442
32875607051639,1,96442
32875607114039,0,96442
32875607119108,1,96442
32875607130058,0,96445
32875607137905,1,96445
32875607200110,0,96445
32875607206470,1,96445
32875607262943,0,96445
32875607268045,1,96445
32875607337749,0,96446
32875607346519,1,96446
32875607388502,0,96445
32875607395319,1,96445
32875607405803,0,96445
32875607410785,1,96445
32875607423387,0,96442
32875607431148,1,96442
32875607467628,0,96445
32875607472469,1,96445
32875607481966,0,96444
32875607489010,1,96444
32875607506724,0,96443
32875607515125,1,96443
32875607551800,0,96444
32875607557184,1,96444
32875607580585,0,96443
32875607585470,1,96443
32875607596486,0,96445
32875607606602,1,96445
32875607634649,0,96442
32875607643853,1,96442
32875607654446,0,96445
32875607659602,1,96445
32875607670011,0,96445
32875607674635,1,96445
32875607684718,0,96445
32875607688832,1,96445
32875607698915,0,96445
32875607702714,1,96445
32875607721090,0,96445
32875607725117,1,96445
32875607739271,0,96446
32875607748160,1,96446
32875607779832,0,96445
32875607785259,1,96445
32875607809887,0,96446
32875607816974,1,96446
32875607843555,0,96445
32875607849558,1,96445
32875607858534,0,96444
32875607866816,1,96444
32875607887938,0,96446
32875607894873,1,96446
32875607905749,0,96445
32875607912836,1,96445
32875607922344,0,96443
32875607932439,1,96443
32875607951390,0,96446
32875607956535,1,96446
32875607968778,0,96442
32875607977157,1,96442
32875607995196,0,96443
32875608000851,1,96443
32875608010501,0,96444
32875608019965,1,96444
32875608039068,0,96442
32875608045146,1,96442
32875608054905,0,96445
32875608062719,1,96445
32875608125694,0,96445
32875608131914,1,96445
32875608142756,0,96443
32875608155271,1,96443
32875608204125,0,96444
32875608211093,1,96444
32875608234212,0,96446
32875608243275,1,96446
32875608273569,0,96444
32875608279158,1,96444
32875608293616,0,96445
32875608302364,1,96445
32875608319513,0,96443
32875608327882,1,96443
32875608351587,0,96443
32875608355635,1,96443
32875608364373,0,96445
32875608370147,1,96445
32875608389002,0,96444
32875608397512,1,96444
32875608414650,0,96444
32875608419252,1,96444
32875608427000,0,96445
32875608432221,1,96445
32875608440600,0,96443
32875608449457,1,96443
32875608465348,0,96443
32875608469776,1,96443
32875608486925,0,96443
32875608490974,1,96443
32875608547362,0,96444
32875608554341,1,96444
32875608620908,0,96444
32875608626379,1,96444
32875608640553,0,96446
32875608648465,1,96446
32875608710365,0,96446
32875608716107,1,96446
32875608728166,0,96443
32875608738174,1,96443
32875608800975,0,96443
32875608806250,1,96443
32875608842936,0,96446
32875608851163,1,96446
32875608865936,0,96443
32875608872166,1,96443
32875608888110,0,96445
32875608897086,1,96445
32875608958943,0,96445
32875608965141,1,96445
32875608975387,0,96445
32875608979023,1,96445
32875608989193,0,96445
32875608994913,1,96445
32875609005127,0,96445
32875609009838,1,96445
32875609019997,0,96445
32875609023676,1,96445
32875609035746,0,96446
32875609046231,1,96446
32875609126518,0,96444
32875609136297,1,96444
32875609137111,3,96442
32875609157701,0,96444
32875609163183,1,96444
32875609173483,0,96444
32875609176826,1,96444
32875609235210,0,96444
32875609240257,1,96444
32875609248593,0,96445
32875609256560,1,96445
32875609298619,0,96444
32875609304697,1,96444
32875609317820,0,96445
32875609323963,1,96445
32875609360790,0,96444
32875609365566,1,96444
32875609374683,0,96446
32875609382607,1,96446
32875609445289,0,96446
32875609452127,1,96446
32875609461646,0,96444
32875609471284,1,96444
32875609493665,0,96446
32875609499678,1,96446
32875609510033,0,96446
32875609515156,1,96446
32875609525282,0,96446
32875609529461,1,96446
32875609544223,0,96443
32875609554013,1,96443
32875609569035,0,96445
32875609577490,1,96445
32875609617205,0,96443
32875609622675,1,96443
32875609638685,0,96445
32875609643678,1,96445
32875609679170,0,96443
32875609685444,1,96443
32875609700422,0,96445
32875609706620,1,96445
32875609719417,0,96446
32875609727785,1,96446
32875609741993,0,96443
32875609747648,1,96443
32875609766838,0,96444
32875609774740,1,96444
32875609788611,0,96446
32875609794635,1,96446
32875609835327,0,96444
32875609842078,1,96444
32875609853453,0,96446
32875609860866,1,96446
32875609871883,0,96446
32875609875823,1,96446
32875609885808,0,96446
32875609889488,1,96446
32875609899181,0,96444
32875609904998,1,96444
32875609924579,0,96445
32875609931949,1,96445
32875609961819,0,96444
32875609967246,1,96444
32875609975462,0,96446
32875609981877,1,96446
32875609993122,0,96445
32875609998310,1,96445
32875610042095,0,96446
32875610047576,1,96446
32875610054295,0,96445
32875610059581,1,96445
32875610065941,0,96446
32875610069165,1,96446
32875610116065,0,96445
32875610123033,1,96445
32875610132856,0,96443
32875610139748,1,96443
32875610193074,0,96446
32875610199499,1,96446
32875610241743,0,96445
32875610248212,1,96445
32875610258708,0,96445
32875610263494,1,96445
32875610280025,0,96443
32875610289012,1,96443
32875610319978,0,96445
32875610325764,1,96445
32875610346690,0,96444
32875610354896,1,96444
32875610368659,0,96446
32875610377776,1,96446
32875610416557,0,96444
32875610422266,1,96444
32875610431818,0,96445
32875610440230,1,96445
32875610455338,0,96443
32875610463132,1,96443
32875610503596,0,96445
32875610509522,1,96445
32875610524847,0,96443
32875610530405,1,96443
32875610547456,0,96443
32875610551407,1,96443
32875610590850,0,96444
32875610599034,1,96444
32875610620873,0,96446
32875610628590,1,96446
32875610691586,0,96446
32875610697285,1,96446
32875610708465,0,96444
32875610718385,1,96444
32875610797315,0,96444
32875610803839,1,96444
32875610814269,0,96444
32875610818611,1,96444
32875610828629,0,96444
32875610832808,1,96444
32875610843716,0,96443
32875610855503,1,96443
32875610931590,0,96443
32875610938352,1,96443
32875610948847,0,96443
32875610953525,1,96443
32875610963587,0,96443
32875610967158,1,96443
32875610977057,0,96443
32875610980443,1,96443
32875610990570,0,96443
32875610994445,1,96443
32875611008208,0,96445
32875611018118,1,96445
32875611079920,0,96445
32875611085239,1,96445
32875611095854,0,96446
32875611105807,1,96446
32875611167935,0,96446
32875611173178,1,96446
32875611229401,0,96446
32875611234937,1,96446
32875611245129,0,96446
32875611249633,1,96446
32875611305629,0,96446
32875611310448,1,96446
32875611320781,0,96446
32875611324699,1,96446
32875611334620,0,96446
32875611338690,1,96446
32875611348610,0,96446
32875611351986,1,96446
32875611362048,0,96446
32875611365651,1,96446
32875611375865,0,96446
32875611378926,1,96446
32875611462132,0,96446
32875611469589,1,96446
32875611528439,0,96446
32875611534735,1,96446
32875611544959,0,96443
32875611553675,1,96443
32875611590752,0,96446
32875611596103,1,96446
32875611607109,0,96445
32875611615542,1,96445
32875611688915,0,96446
32875611696546,1,96446
32875611744130,0,96445
32875611751206,1,96445
32875611758251,0,96446
32875611764231,1,96446
32875611774217,0,96443
32875611782824,1,96443
32875611820509,0,96446
32875611825513,1,96446
32875611839786,0,96444
32875611849782,1,96444
32875611868625,0,96445
32875611877949,1,96445
32875611913126,0,96444
32875611919074,1,96444
32875611941846,0,96445
32875611948662,1,96445
32875611976622,0,96444
32875611981517,1,96444
32875611998080,0,96444
32875612001857,1,96444
32875612016510,0,96443
32875612023435,1,96443
32875612039662,0,96443
32875612043428,1,96443
32875612054998,0,96444
32875612059894,1,96444
32875612074362,0,96445
32875612079637,1,96445
32875612090068,0,96445
32875612093889,1,96445
32875612103929,0,96445
32875612107771,1,96445
32875612115933,0,96444
32875612121425,1,96444
32875612136219,0,96443
32875612145358,1,96443
32875612177279,0,96444
32875612183303,1,96444
32875612196198,0,96446
32875612205163,1,96446
32875612218297,0,96445
32875612224853,1,96445
32875612267791,0,96446
32875612274759,1,96446
32875612285537,0,96444
32875612294741,1,96444
32875612357000,0,96444
32875612364228,1,96444
32875612373813,0,96446
32875612382821,1,96446
32875612447598,0,96446
32875612456618,1,96446
32875612520830,0,96446
32875612527082,1,96446
32875612536948,0,96443
32875612545458,1,96443
32875612608085,0,96443
32875612614315,1,96443
32875612624062,0,96444
32875612633765,1,96444
32875612696643,0,96444
32875612701863,1,96444
32875612712858,0,96444
32875612716842,1,96444
32875612726817,0,96444
32875612731473,1,96444
32875612741502,0,96444
32875612744867,1,96444
32875612754809,0,96444
32875612759303,1,96444
32875612769397,0,96444
32875612773510,1,96444
32875612829441,0,96444
32875612835042,1,96444
32875612844767,0,96446
32875612855306,1,96446
32875612891298,0,96444
32875612896269,1,96444
32875612906569,0,96444
32875612910727,1,96444
32875612919062,0,96446
32875612924001,1,96446
32875612935691,0,96445
32875612943690,1,96445
32875612966559,0,96444
32875612972985,1,96444
32875613006752,0,96445
32875613013275,1,96445
32875613029176,0,96444
32875613035091,1,96444
32875613055812,0,96446
32875613065276,1,96446
32875613127448,0,96446
32875613133624,1,96446
32875613142937,0,96443
32875613152043,1,96443
32875613175228,0,96445
32875613184464,1,96445
32875613215300,0,96443
32875613220836,1,96443
32875613230181,0,96444
32875613239298,1,96444
32875613249838,0,96445
32875613256915,1,96445
32875613301568,0,96444
32875613307885,1,96444
32875613314452,0,96445
32875613319455,1,96445
32875613329983,0,96446
32875613338363,1,96446
32875613364673,0,96444
32875613370805,1,96444
32875613383591,0,96443
32875613390809,1,96443
32875613401435,0,96446
32875613406526,1,96446
32875613451744,0,96443
32875613457583,1,96443
32875613464334,0,96446
32875613468882,1,96446
32875613525865,0,96446
32875613531075,1,96446
32875613546803,0,96444
32875613554965,1,96444
32875613587201,0,96446
32875613592802,1,96446
32875613603656,0,96446
32875613608616,1,96446
32875613617549,0,96444
32875613623519,1,96444
32875613640418,0,96444
32875613644315,1,96444
32875613664590,0,96446
32875613669897,1,96446
32875613697782,0,96444
32875613703632,1,96444
32875613715169,0,96445
32875613724830,1,96445
32875613739397,0,96443
32875613749926,1,96443
32875613799657,0,96444
32875613808384,1,96444
32875613823058,0,96446
32875613832599,1,96446
32875613849781,0,96446
32875613854014,1,96446
32875613870718,0,96444
32875613877480,1,96444
32875613910997,0,96446
32875613915501,1,96446
32875613924087,0,96445
32875613931902,1,96445
32875613945959,0,96443
32875613952276,1,96443
32875613994388,0,96445
32875614000488,1,96445
32875614014470,0,96443
32875614020136,1,96443
32875614077390,0,96443
32875614082416,1,96443
32875614095460,0,96446
32875614104686,1,96446
32875614167010,0,96446
32875614173208,1,96446
32875614184474,0,96446
32875614188110,1,96446
32875614198128,0,96446
32875614202437,1,96446
32875614212705,0,96446
32875614215744,1,96446
32875614225708,0,96446
32875614229637,1,96446
32875614239569,0,96446
32875614243780,1,96446
32875614300308,0,96446
32875614305897,1,96446
32875614315709,0,96444
32875614325684,1,96444
32875614361448,0,96446
32875614366474,1,96446
32875614374789,0,96443
32875614382431,1,96443
32875614405603,0,96445
32875614414307,1,96445
32875614445210,0,96443
32875614459798,1,96443
32875614487691,0,96444
32875614494301,1,96444
32875614510614,0,96444
32875614516562,1,96444
32875614529403,0,96446
32875614536469,1,96446
32875614548311,0,96445
32875614555214,1,96445
32875614598695,0,96446
32875614603872,1,96446
32875614612327,0,96445
32875614619914,1,96445
32875614660074,0,96446
32875614665490,1,96446
32875614675888,0,96445
32875614680263,1,96445
32875614735759,0,96445
32875614741490,1,96445
32875614749695,0,96446
32875614757325,1,96446
32875614828983,0,96446
32875614836353,1,96446
32875614909477,0,96446
32875614915935,1,96446
32875614986019,0,96446
32875614992651,1,96446
32875615062583,0,96446
32875615071027,1,96446
32875615136759,0,96446
32875615142978,1,96446
32875615208015,0,96446
32875615215440,1,96446
32875615280672,0,96446
32875615287467,1,96446
32875615352721,0,96446
32875615358614,1,96446
32875615422740,0,96446
32875615431694,1,96446
32875615505306,0,96446
32875615512405,1,96446
32875615569681,0,96446
32875615574739,1,96446
32875615630463,0,96446
32875615636086,1,96446
32875615646712,0,96445
32875615656144,1,96445
32875615720204,0,96445
32875615726239,1,96445
32875615736572,0,96445
32875615740903,1,96445
32875615750834,0,96445
32875615755849,1,96445
32875615765965,0,96445
32875615770589,1,96445
32875615780563,0,96445
32875615784047,1,96445
32875615839956,0,96445
32875615845123,1,96445
32875615857563,0,96443
32875615866040,1,96443
32875615929970,0,96443
32875615936015,1,96443
32875615992988,0,96443
32875615998632,1,96443
32875616013068,0,96444
32875616021740,1,96444
32875616086896,0,96444
32875616091965,1,96444
32875616148742,0,96444
32875616154072,1,96444
32875616210480,0,96444
32875616215429,1,96444
32875616270947,0,96444
32875616276418,1,96444
32875616287064,0,96445
32875616295856,1,96445
32875616358624,0,96445
32875616364789,1,96445
32875616420948,0,96445
32875616426451,1,96445
32875616439813,0,96443
32875616449918,1,96443
32875616514021,0,96443
32875616519633,1,96443
32875616575911,0,96443
32875616581034,1,96443
32875616594514,0,96446
32875616602644,1,96446
32875616670611,0,96446
32875616677287,1,96446
32875616686958,0,96445
32875616694946,1,96445
32875616735757,0,96446
32875616741803,1,96446
32875616753026,0,96446
32875616757530,1,96446
32875616770425,0,96443
32875616779227,1,96443
32875616794846,0,96444
32875616806851,1,96444
32875616829058,0,96445
32875616836059,1,96445
32875616871714,0,96444
32875616877532,1,96444
32875616887334,0,96443
32875616897472,1,96443
32875616961728,0,96443
32875616967697,1,96443
32875616980505,0,96444
32875616988450,1,96444
32875617051815,0,96444
32875617056602,1,96444
32875617067162,0,96445
32875617075888,1,96445
32875617140480,0,96445
32875617145744,1,96445
32875617201599,0,96445
32875617215199,1,96445
32875617271672,0,96445
32875617277262,1,96445
32875617332574,0,96445
32875617337968,1,96445
32875617393324,0,96445
32875617398881,1,96445
32875617453889,0,96445
32875617457720,1,96445
32875617467912,0,96445
32875617471896,1,96445
32875617526936,0,96445
32875617533004,1,96445
32875617588457,0,96445
32875617593938,1,96445
32875617648837,0,96445
32875617654731,1,96445
32875617710455,0,96445
32875617716447,1,96445
32875617772030,0,96445
32875617777251,1,96445
32875617832237,0,96445
32875617837458,1,96445
32875617847747,0,96445
32875617851351,1,96445
32875617917159,0,96445
32875617922521,1,96445
32875617977181,0,96445
32875617981610,1,96445
32875618036715,0,96445
32875618041307,1,96445
32875618049828,0,96444
32875618058197,1,96444
32875618081696,0,96444
32875618086070,1,96444
32875618096316,0,96444
32875618100093,1,96444
32875618114115,0,96446
32875618123384,1,96446
32875618140414,0,96446
32875618144376,1,96446
32875618154611,0,96446
32875618158204,1,96446
32875618165771,0,96443
32875618173173,1,96443
32875618215057,0,96446
32875618221580,1,96446
32875618230428,0,96443
32875618236994,1,96443
32875618247534,0,96443
32875618250486,1,96443
32875618278336,0,96446
32875618284327,1,96446
32875618306568,0,96443
32875618311442,1,96443
32875618326028,0,96445
32875618335623,1,96445
32875618348029,0,96446
32875618355063,1,96446
32875618397751,0,96445
32875618402994,1,96445
32875618415586,0,96443
32875618422554,1,96443
32875618437813,0,96444
32875618446898,1,96444
32875618484411,0,96443
32875618489860,1,96443
32875618511458,0,96444
32875618517080,1,96444
32875618527478,0,96446
32875618536085,1,96446
32875618546431,0,96443
32875618551521,1,96443
32875618559682,0,96445
32875618566835,1,96445
32875618599418,0,96446
32875618606267,1,96446
32875618627650,0,96445
32875618634346,1,96445
32875618662827,0,96446
32875618669589,1,96446
32875618690863,0,96445
32875618696410,1,96445
32875618704410,0,96443
32875618711259,1,96443
32875618726497,0,96446
32875618731674,1,96446
32875618740270,0,96444
32875618748064,1,96444
32875618772562,0,96443
32875618777707,1,96443
32875618810420,0,96444
32875618816270,1,96444
32875618834094,0,96443
32875618839369,1,96443
32875618858166,0,96445
32875618865374,1,96445
32875618890795,0,96446
32875618899598,1,96446
32875618925722,0,96445
32875618930497,1,96445
32875618949070,0,96443
32875618956928,1,96443
32875618973664,0,96444
32875618980632,1,96444
32875619017309,0,96443
32875619023821,1,96443
32875619042261,0,96444
32875619047167,1,96444
32875619061581,0,96446
32875619070405,1,96446
32875619080826,0,96443
32875619086384,1,96443
32875619104671,0,96445
32875619111618,1,96445
32875619133727,0,96446
32875619138590,1,96446
32875619172216,0,96445
32875619177480,1,96445
32875619194857,0,96446
32875619201293,1,96446
32875619209553,0,96444
32875619217618,1,96444
32875619233931,0,96445
32875619240585,1,96445
32875619248672,0,96443
32875619254837,1,96443
32875619279529,0,96444
32875619284934,1,96444
32875619295757,0,96446
32875619305135,1,96446
32875619316206,0,96443
32875619323359,1,96443
32875619368664,0,96446
32875619374492,1,96446
32875619380939,0,96443
32875619386833,1,96443
32875619407921,0,96445
32875619416376,1,96445
32875619432756,0,96446
32875619439117,1,96446
32875619448981,0,96444
32875619456492,1,96444
32875619479145,0,96445
32875619484723,1,96445
32875619519793,0,96444
32875619526012,1,96444
32875619541805,0,96445
32875619548339,1,96445
32875619566792,0,96443
32875619574140,1,96443
32875619585210,0,96444
32875619590691,1,96444
32875619635096,0,96443
32875619640697,1,96443
32875619646860,0,96444
32875619651614,1,96444
32875619707675,0,96444
32875619714220,1,96444
32875619724738,0,96444
32875619728721,1,96444
32875619784945,0,96444
32875619789764,1,96444
32875619845054,0,96444
32875619850090,1,96444
32875619858362,0,96443
32875619866579,1,96443
32875619927654,0,96443
32875619932387,1,96443
32875619942924,0,96445
32875619952530,1,96445
32875620014984,0,96445
32875620022104,1,96445
32875620078621,0,96445
32875620083668,1,96445
32875620139837,0,96445
32875620145916,1,96445
32875620201282,0,96445
32875620206524,1,96445
32875620216781,0,96445
32875620221210,1,96445
32875620276815,0,96445
32875620282871,1,96445
32875620293606,0,96444
32875620302332,1,96444
32875620365285,0,96444
32875620371212,1,96444
32875620381143,0,96443
32875620390933,1,96443
32875620453420,0,96443
32875620458271,1,96443
32875620514050,0,96443
32875620519303,1,96443
32875620574550,0,96443
32875620579510,1,96443
32875620593642,0,96444
32875620601674,1,96444
32875620663499,0,96444
32875620668915,1,96444
32875620724465,0,96444
32875620729328,1,96444
32875620741572,0,96445
32875620751948,1,96445
32875620833016,0,96445
32875620837770,1,96445
32875620847582,0,96443
32875620855809,1,96443
32875620917113,0,96443
32875620922692,1,96443
32875620936988,0,96446
32875620946713,1,96446
32875621010741,0,96446
32875621016342,1,96446
32875621026933,0,96444
32875621037125,1,96444
32875621101240,0,96444
32875621107394,1,96444
32875621178661,0,96444
32875621184218,1,96444
32875621238792,0,96444
32875621243980,1,96444
32875621254335,0,96444
32875621259968,1,96444
32875621270171,0,96444
32875621274176,1,96444
32875621290968,0,96446
32875621299987,1,96446
32875621320664,0,96444
32875621326156,1,96444
32875621338247,0,96444
32875621343023,1,96444
32875621353182,0,96444
32875621357014,1,96444
32875621363885,0,96446
32875621369930,1,96446
32875621380991,0,96446
32875621385202,1,96446
32875621395155,0,96446
32875621398921,1,96446
32875621415256,0,96445
32875621423288,1,96445
32875621485438,0,96445
32875621492732,1,96445
32875621549205,0,96445
32875621554914,1,96445
32875621611062,0,96445
32875621617119,1,96445
32875621627484,0,96445
32875621631392,1,96445
32875621686530,0,96445
32875621691903,1,96445
32875621702225,0,96444
32875621710528,1,96444
32875621747974,0,96445
32875621753390,1,96445
32875621763953,0,96446
32875621772593,1,96446
32875621789610,0,96443
32875621799097,1,96443
32875621835882,0,96446
32875621842026,1,96446
32875621861952,0,96443
32875621867770,1,96443
32875621884778,0,96445
32875621893179,1,96445
32875621925133,0,96443
32875621929572,1,96443
32875621937042,0,96446
32875621944303,1,96446
32875621955937,0,96445
32875621962547,1,96445
32875622006670,0,96446
32875622011880,1,96446
32875622019845,0,96445
32875622025652,1,96445
32875622035681,0,96444
32875622044766,1,96444
32875622082190,0,96445
32875622087292,1,96445
32875622097702,0,96443
32875622105386,1,96443
32875622123381,0,96446
32875622132683,1,96446
32875622168828,0,96443
32875622175861,1,96443
32875622194366,0,96446
32875622200716,1,96446
32875622213675,0,96444
32875622226592,1,96444
32875622244544,0,96445
32875622251273,1,96445
32875622292714,0,96444
32875622298022,1,96444
32875622309268,0,96446
32875622318602,1,96446
32875622381642,0,96446
32875622386852,1,96446
32875622398171,0,96444
32875622405487,1,96444
32875622467376,0,96444
32875622472934,1,96444
32875622484015,0,96445
32875622492471,1,96445
32875622554230,0,96445
32875622559972,1,96445
32875622567972,0,96443
32875622576612,1,96443
32875622639902,0,96443
32875622644601,1,96443
32875622700890,0,96443
32875622706480,1,96443
32875622717029,0,96444
32875622725788,1,96444
32875622787764,0,96444
32875622793245,1,96444
32875622805326,0,96445
32875622813054,1,96445
32875622875660,0,96445
32875622881456,1,96445
32875622938396,0,96445
32875622943715,1,96445
32875623000014,0,96445
32875623005322,1,96445
32875623019497,0,96444
32875623029613,1,96444
32875623092978,0,96444
32875623098449,1,96444
32875623154672,0,96444
32875623160447,1,96444
32875623173885,0,96443
32875623181884,1,96443
32875623244154,0,96443
32875623250047,1,96443
32875623259489,0,96445
32875623268248,1,96445
32875623330452,0,96445
32875623335380,1,96445
32875623391484,0,96445
32875623397204,1,96445
32875623406973,0,96444
32875623414679,1,96444
32875623452994,0,96445
32875623458041,1,96445
32875623465846,0,96443
32875623472793,1,96443
32875623491243,0,96446
32875623500154,1,96446
32875623533260,0,96443
32875623539849,1,96443
32875623563238,0,96446
32875623568404,1,96446
32875623596257,0,96443
32875623601315,1,96443
32875623609487,0,96445
32875623615695,1,96445
32875623626093,0,96446
32875623630619,1,96446
32875623638933,0,96444
32875623646054,1,96444
32875623677064,0,96445
32875623682957,1,96445
32875623706358,0,96444
32875623712057,1,96444
32875623739289,0,96445
32875623745303,1,96445
32875623753618,0,96443
32875623761064,1,96443
32875623788460,0,96446
32875623797241,1,96446
32875623822552,0,96443
32875623827729,1,96443
32875623859825,0,96446
32875623866749,1,96446
32875623883605,0,96443
32875623890465,1,96443
32875623923765,0,96446
32875623929355,1,96446
32875623941922,0,96444
32875623950486,1,96444
32875624011431,0,96444
32875624017162,1,96444
32875624073060,0,96444
32875624079269,1,96444
32875624135069,0,96444
32875624140420,1,96444
32875624150764,0,96444
32875624154899,1,96444
32875624214227,0,96444
32875624219643,1,96444
32875624230975,0,96446
32875624247408,1,96446
32875624310926,0,96446
32875624317351,1,96446
32875624372858,0,96446
32875624378275,1,96446
32875624391711,0,96445
32875624400547,1,96445
32875624464509,0,96445
32875624471532,1,96445
32875624527896,0,96445
32875624533345,1,96445
32875624547598,0,96443
32875624555196,1,96443
32875624618127,0,96443
32875624623901,1,96443
32875624634267,0,96446
32875624643515,1,96446
32875624706403,0,96446
32875624711873,1,96446
32875624721607,0,96444
32875624731040,1,96444
32875624793732,0,96444
32875624799561,1,96444
32875624856740,0,96444
32875624862861,1,96444
32875624872641,0,96443
32875624880043,1,96443
32875624918651,0,96444
32875624924067,1,96444
32875624942562,0,96443
32875624948239,1,96443
32875624959049,0,96445
32875624968612,1,96445
32875624980095,0,96444
32875624986141,1,96444
32875625034376,0,96445
32875625040313,1,96445
32875625051581,0,96446
32875625058083,1,96446
32875625119787,0,96446
32875625126539,1,96446
32875625139379,0,96443
32875625148930,1,96443
32875625213620,0,96443
32875625218819,1,96443
32875625275053,0,96443
32875625280437,1,96443
32875625293471,0,96445
32875625301753,1,96445
32875625363794,0,96445
32875625368635,1,96445
32875625381074,0,96446
32875625389367,1,96446
32875625452037,0,96446
32875625458604,1,96446
32875625514611,0,96446
32875625520222,1,96446
32875625532834,0,96443
32875625541561,1,96443
32875625603428,0,96443
32875625608877,1,96443
32875625618689,0,96445
32875625626483,1,96445
32875625688784,0,96445
32875625694298,1,96445
32875625704251,0,96444
32875625712424,1,96444
32875625750196,0,96445
32875625755330,1,96445
32875625767781,0,96446
32875625776627,1,96446
32875625840297,0,96446
32875625846614,1,96446
32875625903271,0,96446
32875625909274,1,96446
32875625965107,0,96446
32875625970534,1,96446
32875625985381,0,96443
32875625993891,1,96443
32875626057289,0,96443
32875626063834,1,96443
32875626120405,0,96443
32875626125799,1,96443
32875626182316,0,96443
32875626187667,1,96443
32875626244716,0,96443
32875626250968,1,96443
32875626261191,0,96445
32875626269917,1,96445
32875626307419,0,96443
32875626313085,1,96443
32875626323612,0,96444
32875626332968,1,96444
32875626397419,0,96444
32875626411377,1,96444
32875626468806,0,96444
32875626473972,1,96444
32875626486867,0,96445
32875626496918,1,96445
32875626560707,0,96445
32875626566296,1,96445
32875626575848,0,96446
32875626585139,1,96446
32875626648504,0,96446
32875626655364,1,96446
32875626712000,0,96446
32875626717460,1,96446
32875626773368,0,96446
32875626779208,1,96446
32875626834628,0,96446
32875626839534,1,96446
32875626849901,0,96443
32875626856685,1,96443
32875626919345,0,96443
32875626925651,1,96443
32875626936135,0,96444
32875626944818,1,96444
32875626983242,0,96443
32875626988778,1,96443
32875626998751,0,96445
32875627009486,1,96445
32875627025269,0,96446
32875627035125,1,96446
32875627072244,0,96445
32875627077085,1,96445
32875627089731,0,96443
32875627096232,1,96443
32875627108268,0,96444
32875627115616,1,96444
32875627157210,0,96443
32875627163842,1,96443
32875627177289,0,96444
32875627182954,1,96444
32875627221335,0,96443
32875627227023,1,96443
32875627235585,0,96445
32875627242467,1,96445
32875627303629,0,96445
32875627309436,1,96445
32875627365768,0,96445
32875627371976,1,96445
32875627429188,0,96445
32875627435309,1,96445
32875627490979,0,96445
32875627496341,1,96445
32875627552326,0,96445
32875627557297,1,96445
32875627612349,0,96445
32875627617418,1,96445
32875627630692,0,96446
32875627639517,1,96446
32875627702893,0,96446
32875627708591,1,96446
32875627718533,0,96443
32875627727336,1,96443
32875627789497,0,96443
32875627794565,1,96443
32875627850691,0,96443
32875627857225,1,96443
32875627867201,0,96445
32875627906210,1,96445
32875627968327,0,96445
32875627974894,1,96445
32875627984338,0,96446
32875627993412,1,96446
32875628057168,0,96446
32875628064006,1,96446
32875628073621,0,96444
32875628083249,1,96444
32875628120990,0,96446
32875628127166,1,96446
32875628136835,0,96443
32875628145214,1,96443
32875628163601,0,96445
32875628172436,1,96445
32875628208634,0,96443
32875628214441,1,96443
32875628236464,0,96445
32875628242998,1,96445
32875628270762,0,96443
32875628275766,1,96443
32875628299883,0,96445
32875628305115,1,96445
32875628313288,0,96444
32875628320832,1,96444
32875628331935,0,96443
32875628336722,1,96443
32875628382428,0,96444
32875628388550,1,96444
32875628402575,0,96446
32875628410737,1,96446
32875628445555,0,96444
32875628451926,1,96444
32875628462335,0,96444
32875628466459,1,96444
32875628472713,0,96446
32875628479464,1,96446
32875628492576,0,96443
32875628500857,1,96443
32875628522531,0,96444
32875628528555,1,96444
32875628565959,0,96443
32875628571571,1,96443
32875628584301,0,96444
32875628589630,1,96444
32875628610014,0,96445
32875628619001,1,96445
32875628629281,0,96443
32875628634524,1,96443
32875628680804,0,96445
32875628686014,1,96445
32875628692983,0,96443
32875628698486,1,96443
32875628745374,0,96445
32875628750747,1,96445
32875628762296,0,96444
32875628771174,1,96444
32875628834453,0,96444
32875628839619,1,96444
32875628896429,0,96444
32875628902431,1,96444
32875628915218,0,96445
32875628923651,1,96445
32875628986756,0,96445
32875628992042,1,96445
32875629048092,0,96445
32875629053009,1,96445
32875629063364,0,96445
32875629067260,1,96445
32875629123582,0,96445
32875629129041,1,96445
32875629139005,0,96444
32875629147688,1,96444
32875629184494,0,96445
32875629190030,1,96445
32875629202142,0,96443
32875629210609,1,96443
32875629272672,0,96443
32875629278772,1,96443
32875629334984,0,96443
32875629340140,1,96443
32875629350126,0,96444
32875629358679,1,96444
32875629396570,0,96443
32875629402941,1,96443
32875629420980,0,96444
32875629426538,1,96444
32875629458850,0,96443
32875629465525,1,96443
32875629482761,0,96444
32875629489371,1,96444
32875629521988,0,96443
32875629527643,1,96443
32875629536078,0,96446
32875629545043,1,96446
32875629557274,0,96445
32875629563928,1,96445
32875629608843,0,96446
32875629614509,1,96446
32875629625871,0,96443
32875629634457,1,96443
32875629696422,0,96443
32875629702478,1,96443
32875629759386,0,96443
32875629765128,1,96443
32875629821579,0,96443
32875629827419,1,96443
32875629883143,0,96443
32875629888440,1,96443
32875629901638,0,96445
32875629909670,1,96445
32875629973372,0,96445
32875629978745,1,96445
32875630045736,0,96445
32875630051803,1,96445
32875630107886,0,96445
32875630112965,1,96445
32875630123385,0,96445
32875630127173,1,96445
32875630183104,0,96445
32875630187565,1,96445
32875630197995,0,96445
32875630201458,1,96445
32875630257215,0,96445
32875630262077,1,96445
32875630317661,0,96445
32875630323207,1,96445
32875630378953,0,96445
32875630384098,1,96445
32875630395810,0,96446
32875630403288,1,96446
32875630466393,0,96446
32875630471136,1,96446
32875630527447,0,96446
32875630534827,1,96446
32875630545529,0,96443
32875630553626,1,96443
32875630615993,0,96443
32875630622647,1,96443
32875630632481,0,96445
32875630640860,1,96445
32875630678783,0,96443
32875630683928,1,96443
32875630693252,0,96444
32875630700046,1,96444
32875630718183,0,96446
32875630728093,1,96446
32875630762294,0,96444
32875630845077,1,96444
32875630905208,0,96444
32875630912448,1,96444
32875630969496,0,96444
32875630975043,1,96444
32875630985300,0,96444
32875630989175,1,96444
32875631044497,0,96444
32875631049740,1,96444
32875631062928,0,96445
32875631072208,1,96445
32875631145668,0,96445
32875631152842,1,96445
32875631228505,0,96445
32875631234377,1,96445
32875631252557,0,96446
32875631263824,1,96446
32875631335373,0,96446
32875631343167,1,96446
32875631404644,0,96446
32875631410461,1,96446
32875631420534,0,96443
32875631429662,1,96443
32875631512272,0,96443
32875631520032,1,96443
32875631597627,0,96443
32875631604530,1,96443
32875631626781,0,96444
32875631637776,1,96444
32875631709022,0,96444
32875631715588,1,96444
32875631730578,0,96446
32875631743711,1,96446
32875631817096,0,96445
32875631827353,1,96445
32875631907749,0,96445
32875631914934,1,96445
32875631987525,0,96445
32875631995286,1,96445
32875632066141,0,96445
32875632072187,1,96445
32875632082259,0,96446
32875632090356,1,96446
32875632153744,0,96446
32875632159822,1,96446
32875632171175,0,96443
32875632179934,1,96443
32875632243278,0,96443
32875632250214,1,96443
32875632261989,0,96444
32875632272018,1,96444
32875632335796,0,96444
32875632341983,1,96444
32875632354281,0,96445
32875632362312,1,96445
32875632426264,0,96445
32875632433124,1,96445
32875632489999,0,96445
32875632496750,1,96445
32875632506681,0,96443
32875632515896,1,96443
32875632579826,0,96443
32875632585090,1,96443
32875632596063,0,96444
32875632604844,1,96444
32875632669133,0,96444
32875632675450,1,96444
32875632732020,0,96444
32875632738815,1,96444
32875632795386,0,96444
32875632800932,1,96444
32875632811081,0,96444
32875632815075,1,96444
32875632870333,0,96444
32875632877127,1,96444
32875632887482,0,96444
32875632891726,1,96444
32875632947179,0,96444
32875632953355,1,96444
32875633008916,0,96444
32875633013345,1,96444
32875633027001,0,96443
32875633035705,1,96443
32875633103554,0,96443
32875633111510,1,96443
32875633184643,0,96445
32875633192468,1,96445
32875633265570,0,96445
32875633271811,1,96445
32875633283609,0,96444
32875633292607,1,96444
32875633358208,0,96444
32875633363831,1,96444
32875633374207,0,96444
32875633378288,1,96444
32875633447450,0,96444
32875633454852,1,96444
32875633532990,0,96444
32875633542281,1,96444
32875633600513,0,96444
32875633605658,1,96444
32875633618607,0,96446
32875633632543,1,96446
32875633715902,0,96446
32875633723196,1,96446
32875633735895,0,96443
32875633745023,1,96443
32875633816279,0,96443
32875633824246,1,96443
32875633896273,0,96443
32875633905130,1,96443
32875633965956,0,96443
32875633973282,1,96443
32875633987175,0,96446
32875633999180,1,96446
32875634081344,0,96446
32875634088942,1,96446
32875634154837,0,96446
32875634161729,1,96446
32875634171997,0,96444
32875634182210,1,96444
32875634246162,0,96444
32875634252164,1,96444
32875634263725,0,96443
32875634271399,1,96443
32875634335079,0,96443
32875634341874,1,96443
32875634353627,0,96445
32875634365447,1,96445
32875634428010,0,96445
32875634433567,1,96445
32875634445724,0,96446
32875634454157,1,96446
32875634517458,0,96446
32875634523297,1,96446
32875634534281,0,96444
32875634542725,1,96444
32875634606243,0,96444
32875634613092,1,96444
32875634670444,0,96444
32875634676783,1,96444
32875634691013,0,96445
32875634699653,1,96445
32875634762454,0,96445
32875634768326,1,96445
32875634778552,0,96446
32875634786768,1,96446
32875634824984,0,96445
32875634830367,1,96445
32875634841503,0,96443
32875634849046,1,96443
32875634866359,0,96444
32875634874901,1,96444
32875634911088,0,96443
32875634917437,1,96443
32875634938364,0,96444
32875634944030,1,96444
32875634954276,0,96444
32875634960126,1,96444
32875634974041,0,96443
32875634979945,1,96443
32875634998506,0,96445
32875635005485,1,96445
32875635016730,0,96444
32875635023503,1,96444
32875635066311,0,96445
32875635071098,1,96445
32875635080215,0,96444
32875635084893,1,96444
32875635095269,0,96444
32875635100631,1,96444
32875635127495,0,96445
32875635134702,1,96445
32875635154217,0,96443
32875635161793,1,96443
32875635222022,0,96443
32875635227026,1,96443
32875635283857,0,96443
32875635289110,1,96443
32875635345367,0,96443
32875635350794,1,96443
32875635360682,0,96446
32875635370548,1,96446
32875635432991,0,96446
32875635438158,1,96446
32875635448903,0,96445
32875635458335,1,96445
32875635520875,0,96445
32875635526270,1,96445
32875635581994,0,96445
32875635588669,1,96445
32875635601500,0,96443
32875635608903,1,96443
32875635672138,0,96443
32875635678574,1,96443
32875635690178,0,96446
32875635700738,1,96446
32875635764223,0,96446
32875635769867,1,96446
32875635826840,0,96446
32875635832994,1,96446
32875635844531,0,96445
32875635853279,1,96445
32875635915461,0,96445
32875635921475,1,96445
32875635931178,0,96443
32875635938917,1,96443
32875636001164,0,96443
32875636006016,1,96443
32875636064649,0,96443
32875636071357,1,96443
32875636127450,0,96443
32875636133116,1,96443
32875636188385,0,96443
32875636194072,1,96443
32875636250111,0,96443
32875636254843,1,96443
32875636265187,0,96443
32875636269116,1,96443
32875636324591,0,96443
32875636330181,1,96443
32875636385753,0,96443
32875636390811,1,96443
32875636446145,0,96443
32875636451767,1,96443
32875636506840,0,96443
32875636511356,1,96443
32875636521927,0,96443
32875636526030,1,96443
32875636581983,0,96443
32875636586661,1,96443
32875636597059,0,96443
32875636600814,1,96443
32875636655703,0,96443
32875636660272,1,96443
32875636672700,0,96446
32875636680656,1,96446
32875636743957,0,96446
32875636752749,1,96446
32875636809287,0,96446
32875636813998,1,96446
32875636824341,0,96446
32875636829356,1,96446
32875636885384,0,96446
32875636891842,1,96446
32875636947643,0,96446
32875636953178,1,96446
32875636967038,0,96445
32875636976872,1,96445
32875637039869,0,96445
32875637045838,1,96445
32875637057148,0,96444
32875637065842,1,96444
32875637130369,0,96444
32875637136339,1,96444
32875637192041,0,96444
32875637197306,1,96444
32875637208322,0,96444
32875637212545,1,96444
32875637267900,0,96444
32875637273034,1,96444
32875637285484,0,96445
32875637293765,1,96445
32875637356089,0,96445
32875637362970,1,96445
32875637421397,0,96445
32875637427823,1,96445
32875637441858,0,96446
32875637449760,1,96446
32875637514396,0,96446
32875637519161,1,96446
32875637576394,0,96446
32875637582591,1,96446
32875637596050,0,96443
32875637605514,1,96443
32875637680092,0,96443
32875637688092,1,96443
32875637765687,0,96443
32875637774891,1,96443
32875637849566,0,96443
32875637856632,1,96443
32875637934542,0,96443
32875637942693,1,96443
32875638023642,0,96443
32875638031598,1,96443
32875638112656,0,96443
32875638120134,1,96443
32875638196156,0,96443
32875638204198,1,96443
32875638218906,0,96443
32875638225700,1,96443
32875638243772,0,96443
32875638249492,1,96443
32875638263537,0,96443
32875638269887,1,96443
32875638348144,0,96443
32875638355373,1,96443
32875638431980,0,96443
32875638440316,1,96443
32875638516131,0,96443
32875638524054,1,96443
32875638538316,0,96445
32875638546890,1,96445
32875638627785,0,96445
32875638634851,1,96445
32875638652347,0,96444
32875638664797,1,96444
32875638749458,0,96444
32875638758065,1,96444
32875638832447,0,96444
32875638840555,1,96444
32875638916294,0,96444
32875638925694,1,96444
32875638985749,0,96444
32875638994421,1,96444
32875639050623,0,96444
32875639056452,1,96444
32875639112230,0,96444
32875639119307,1,96444
32875639129770,0,96444
32875639134590,1,96444
32875639189608,0,96444
32875639194547,1,96444
32875639207660,0,96446
32875639217592,1,96446
32875639282933,0,96446
32875639289119,1,96446
32875639346059,0,96446
32875639351530,1,96446
32875639362578,0,96445
32875639371153,1,96445
32875639435419,0,96445
32875639443245,1,96445
32875639499457,0,96445
32875639505297,1,96445
32875639515586,0,96445
32875639520080,1,96445
32875639575566,0,96445
32875639581611,1,96445
32875639592997,0,96446
32875639603069,1,96446
32875639670809,0,96446
32875639678461,1,96446
32875639736389,0,96446
32875639744464,1,96446
32875639800937,0,96446
32875639806809,1,96446
32875639818803,0,96445
32875639829939,1,96445
32875639893641,0,96445
32875639901076,1,96445
32875639911073,0,96444
32875639920820,1,96444
32875639957777,0,96445
32875639964919,1,96445
32875639977576,0,96443
32875639986401,1,96443
32875640050255,0,96443
32875640056800,1,96443
32875640067479,0,96445
32875640076292,1,96445
32875640138648,0,96445
32875640145247,1,96445
32875640156568,0,96444
32875640164731,1,96444
32875640227521,0,96444
32875640232742,1,96444
32875640299819,0,96444
32875640310109,1,96444
32875640389419,0,96444
32875640395964,1,96444
32875640464767,0,96444
32875640472560,1,96444
32875640483796,0,96446
32875640496875,1,96446
32875640538911,0,96444
32875640548495,1,96444
32875640574112,0,96446
32875640579604,1,96446
32875640592421,0,96445
32875640605966,1,96445
32875640624744,0,96444
32875640634545,1,96444
32875640680121,0,96445
32875640688402,1,96445
32875640711500,0,96444
32875640718273,1,96444
32875640753331,0,96445
32875640759442,1,96445
32875640806157,0,96446
32875640818151,1,96446
32875640861427,0,96443
32875640871326,1,96443
32875640902020,0,96446
32875640909900,1,96446
32875640922585,0,96445
32875640932451,1,96445
32875640946066,0,96443
32875640953230,1,96443
32875640973450,0,96444
32875640987202,1,96444
32875641012380,0,96445
32875641022094,1,96445
32875641060293,0,96444
32875641067695,1,96444
32875641082977,0,96443
32875641091498,1,96443
32875641156220,0,96443
32875641163525,1,96443
32875641235823,0,96443
32875641243584,1,96443
32875641303682,0,96443
32875641311128,1,96443
32875641366744,0,96443
32875641373376,1,96443
32875641387985,0,96444
32875641397330,1,96444
32875641479929,0,96444
32875641487701,1,96444
32875641562191,0,96444
32875641569616,1,96444
32875641636563,0,96444
32875641643455,1,96444
32875641699516,0,96444
32875641705106,1,96444
32875641718706,0,96445
32875641728800,1,96445
32875641792654,0,96445
32875641797528,1,96445
32875641807177,0,96446
32875641816837,1,96446
32875641865745,0,96445
32875641874276,1,96445
32875641896244,0,96444
32875641904407,1,96444
32875641985855,0,96444
32875641992964,1,96444
32875642067618,0,96446
32875642076204,1,96446
32875642137854,0,96446
32875642144388,1,96446
32875642154157,0,96445
32875642162439,1,96445
32875642238417,0,96445
32875642246297,1,96445
32875642318074,0,96445
32875642323935,1,96445
32875642379811,0,96445
32875642385412,1,96445
32875642395128,0,96446
32875642405352,1,96446
32875642440822,0,96445
32875642447095,1,96445
32875642458123,0,96443
32875642468770,1,96443
32875642483977,0,96444
32875642493463,1,96444
32875642533612,0,96443
32875642539484,1,96443
32875642556742,0,96444
32875642564513,1,96444
32875642595979,0,96443
32875642603251,1,96443
32875642620835,0,96444
32875642626045,1,96444
32875642638789,0,96446
32875642647450,1,96446
32875642659497,0,96443
32875642665097,1,96443
32875642684103,0,96445
32875642703597,1,96445
32875642721158,0,96444
32875642730427,1,96444
32875642783710,0,96445
32875642793120,1,96445
32875642807556,0,96444
32875642815675,1,96444
32875642839772,0,96446
32875642851982,1,96446
32875642864995,0,96445
32875642872018,1,96445
32875642888157,0,96443
32875642898414,1,96443
32875642929198,0,96446
32875642937913,1,96446
32875642980981,0,96443
32875642990500,1,96443
32875643010668,0,96446
32875643019340,1,96446
32875643065750,0,96443
32875643074488,1,96443
32875643085658,0,96446
32875643089804,1,96446
32875643100267,0,96446
32875643105597,1,96446
32875643123669,0,96446
32875643128108,1,96446
32875643151638,0,96443
32875643161428,1,96443
32875643182345,0,96446
32875643188868,1,96446
32875643213603,0,96445
32875643226150,1,96445
32875643245971,0,96446
32875643250921,1,96446
32875643260883,0,96443
32875643268242,1,96443
32875643300175,0,96445
32875643306155,1,96445
32875643317096,0,96445
32875643321839,1,96445
32875643349984,0,96443
32875643358775,1,96443
32875643395342,0,96445
32875643402170,1,96445
32875643430086,0,96443
32875643437043,1,96443
32875643454736,0,96446
32875643465731,1,96446
32875643482453,0,96444
32875643492330,1,96444
32875643546951,0,96446
32875643554766,1,96446
32875643575852,0,96444
32875643585783,1,96444
32875643623797,0,96446
32875643633175,1,96446
32875643655914,0,96445
32875643669210,1,96445
32875643703216,0,96446
32875643711780,1,96446
32875643742974,0,96445
32875643749497,1,96445
32875643766201,0,96445
32875643769750,1,96445
32875643784903,0,96446
32875643791632,1,96446
32875643823782,0,96445
32875643830869,1,96445
32875643848605,0,96445
32875643852545,1,96445
32875643861380,0,96446
32875643871963,1,96446
32875643906348,0,96445
32875643913370,1,96445
32875643923758,0,96444
32875643932897,1,96444
32875643947148,0,96446
32875643954703,1,96446
32875643996165,0,96444
32875644001299,1,96444
32875644013867,0,96445
32875644023506,1,96445
32875644042252,0,96443
32875644049871,1,96443
32875644103847,0,96445
32875644111304,1,96445
32875644128287,0,96446
32875644169022,1,96446
32875644203411,0,96444
32875644217271,1,96444
32875644233440,0,96446
32875644240311,1,96446
32875644251089,0,96446
32875644256353,1,96446
32875644301531,0,96444
32875644312472,1,96444
32875644325298,0,96446
32875644332895,1,96446
32875644393214,0,96444
32875644402354,1,96444
32875644416541,0,96443
32875644423607,1,96443
32875644473642,0,96444
32875644481392,1,96444
32875644496654,0,96443
32875644503112,1,96443
32875644521194,0,96446
32875644531646,1,96446
32875644553484,0,96444
32875644563068,1,96444
32875644576865,0,96445
32875644588489,1,96445
32875644604954,0,96446
32875644611032,1,96446
32875644621463,0,96446
32875644625566,1,96446
32875644671967,0,96445
32875644681844,1,96445
32875644700774,0,96443
32875644709034,1,96443
32875644749736,0,96445
32875644759439,1,96445
32875644783156,0,96443
32875644789549,1,96443
32875644799956,0,96446
32875644810278,1,96446
32875644830978,0,96445
32875644838608,1,96445
32875644873807,0,96446
32875644879212,1,96446
32875644889306,0,96443
32875644899466,1,96443
32875644914141,0,96444
32875644923942,1,96444
32875644965024,0,96443
32875644971634,1,96443
32875644983953,0,96446
32875644992962,1,96446
32875645057445,0,96446
32875645062807,1,96446
32875645075345,0,96443
32875645083941,1,96443
32875645146862,0,96443
32875645153982,1,96443
32875645210868,0,96443
32875645216284,1,96443
32875645226454,0,96443
32875645230492,1,96443
32875645286021,0,96443
32875645293032,1,96443
32875645306622,0,96446
32875645315500,1,96446
32875645379170,0,96446
32875645385520,1,96446
32875645396091,0,96446
32875645401041,1,96446
32875645457568,0,96446
32875645463234,1,96446
32875645475986,0,96445
32875645484734,1,96445
32875645547590,0,96445
32875645554493,1,96445
32875645564077,0,96443
32875645573053,1,96443
32875645639729,0,96443
32875645645482,1,96443
32875645654946,0,96444
32875645663922,1,96444
32875645728656,0,96444
32875645734213,1,96444
32875645743830,0,96446
32875645752546,1,96446
32875645814717,0,96446
32875645821468,1,96446
32875645830900,0,96445
32875645840766,1,96445
32875645903123,0,96445
32875645908376,1,96445
32875645921890,0,96443
32875645930975,1,96443
32875645995437,0,96443
32875646001016,1,96443
32875646057196,0,96443
32875646073336,1,96443
32875646129690,0,96443
32875646135757,1,96443
32875646146523,0,96445
32875646156997,1,96445
32875646220005,0,96445
32875646225996,1,96445
32875646283131,0,96445
32875646288851,1,96445
32875646301258,0,96446
32875646310929,1,96446
32875646373263,0,96446
32875646378527,1,96446
32875646389533,0,96443
32875646399323,1,96443
32875646461669,0,96443
32875646468420,1,96443
32875646524394,0,96443
32875646530591,1,96443
32875646540903,0,96445
32875646550747,1,96445
32875646613842,0,96445
32875646619095,1,96445
32875646630612,0,96446
32875646639079,1,96446
32875646702672,0,96446
32875646708186,1,96446
32875646764800,0,96446
32875646771682,1,96446
32875646782872,0,96443
32875646792564,1,96443
32875646855615,0,96443
32875646861183,1,96443
32875646871439,0,96445
32875646880404,1,96445
32875646918112,0,96443
32875646924636,1,96443
32875646939634,0,96444
32875646949371,1,96444
32875647013116,0,96444
32875647018022,1,96444
32875647074821,0,96444
32875647080877,1,96444
32875647091547,0,96444
32875647097006,1,96444
32875647152926,0,96444
32875647160057,1,96444
32875647170087,0,96446
32875647178672,1,96446
32875647216389,0,96444
32875647221350,1,96444
32875647232540,0,96443
32875647240833,1,96443
32875647255540,0,96445
32875647264690,1,96445
32875647304035,0,96443
32875647310624,1,96443
32875647334589,0,96445
32875647341785,1,96445
32875647367097,0,96443
32875647371862,1,96443
32875647380241,0,96444
32875647387383,1,96444
32875647399963,0,96445
32875647405954,1,96445
32875647449468,0,96444
32875647455437,1,96444
32875647462634,0,96445
32875647467996,1,96445
32875647477482,0,96443
32875647486469,1,96443
32875647548869,0,96443
32875647554968,1,96443
32875647611930,0,96443
32875647619365,1,96443
32875647629742,0,96444
32875647638913,1,96444
32875647701052,0,96444
32875647706458,1,96444
32875647716444,0,96445
32875647726332,1,96445
32875647788753,0,96445
32875647795092,1,96445
32875647852303,0,96445
32875647857089,1,96445
32875647912792,0,96445
32875647919315,1,96445
32875647932492,0,96444
32875647940980,1,96444
32875648004095,0,96444
32875648010228,1,96444
32875648019715,0,96446
32875648027812,1,96446
32875648067580,0,96444
32875648072432,1,96444
32875648082114,0,96443
32875648090059,1,96443
32875648152361,0,96443
32875648158233,1,96443
32875648214185,0,96443
32875648219178,1,96443
32875648275304,0,96443
32875648280264,1,96443
32875648290651,0,96443
32875648295720,1,96443
32875648351097,0,96443
32875648355786,1,96443
32875648414799,0,96443
32875648421442,1,96443
32875648480466,0,96443
32875648487282,1,96443
32875648496769,0,96445
32875648505322,1,96445
32875648568633,0,96445
32875648574364,1,96445
32875648631760,0,96445
32875648638348,1,96445
32875648695722,0,96445
32875648701768,1,96445
32875648715228,0,96443
32875648723879,1,96443
32875648787776,0,96443
32875648794951,1,96443
32875648804468,0,96444
32875648813260,1,96444
32875648852390,0,96443
32875648857719,1,96443
32875648874858,0,96443
32875648881023,1,96443
32875648890638,0,96445
32875648899495,1,96445
32875648935032,0,96443
32875648941696,1,96443
32875648953104,0,96446
32875648963133,1,96446
32875649027346,0,96446
32875649033044,1,96446
32875649090060,0,96446
32875649095693,1,96446
32875649106102,0,96446
32875649111203,1,96446
32875649167937,0,96446
32875649172887,1,96446
32875649181655,0,96444
32875649189274,1,96444
32875649228123,0,96446
32875649241799,1,96446
32875649252032,0,96444
32875649258241,1,96444
32875649272524,0,96445
32875649280676,1,96445
32875649299184,0,96446
32875649304578,1,96446
32875649343064,0,96445
32875649349110,1,96445
32875649361257,0,96446
32875649366283,1,96446
32875649375995,0,96443
32875649385938,1,96443
32875649406528,0,96445
32875649412172,1,96445
32875649425403,0,96444
32875649432827,1,96444
32875649449086,0,96443
32875649454600,1,96443
32875649495596,0,96444
32875649501283,1,96444
32875649510770,0,96445
32875649519268,1,96445
32875649583719,0,96445
32875649590622,1,96445
32875649646987,0,96445
32875649653326,1,96445
32875649664060,0,96444
32875649670714,1,96444
32875649748537,0,96444
32875649754061,1,96444
32875649809265,0,96444
32875649814627,1,96444
32875649828738,0,96443
32875649836965,1,96443
32875649899864,0,96443
32875649905725,1,96443
32875649915601,0,96445
32875649923557,1,96445
32875649986022,0,96445
32875649993413,1,96445
32875650003660,0,96446
32875650012289,1,96446
32875650049963,0,96445
32875650055748,1,96445
32875650065386,0,96444
32875650074048,1,96444
32875650089048,0,96443
32875650097167,1,96443
32875650136176,0,96444
32875650142232,1,96444
32875650154595,0,96445
32875650163387,1,96445
32875650176867,0,96446
32875650185420,1,96446
32875650225993,0,96445
32875650232484,1,96445
32875650251087,0,96446
32875650258316,1,96446
32875650268193,0,96443
32875650278113,1,96443
32875650288892,0,96445
32875650294785,1,96445
32875650313367,0,96444
32875650320455,1,96444
32875650339731,0,96443
32875650346255,1,96443
32875650357349,0,96446
32875650366662,1,96446
32875650380716,0,96444
32875650386111,1,96444
32875650430993,0,96446
32875650437712,1,96446
32875650494663,0,96446
32875650501805,1,96446
32875650557703,0,96446
32875650563325,1,96446
32875650574091,0,96444
32875650584923,1,96444
32875650648137,0,96444
32875650654215,1,96444
32875650666058,0,96443
32875650673373,1,96443
32875650736207,0,96443
32875650743382,1,96443
32875650833589,0,96443
32875650838484,1,96443
32875650856035,0,96443
32875650860073,1,96443
32875650873043,0,96444
32875650883930,1,96444
32875650948457,0,96444
32875650953276,1,96444
32875650965247,0,96445
32875650972421,1,96445
32875651034452,0,96445
32875651041800,1,96445
32875651052545,0,96446
32875651061662,1,96446
32875651124485,0,96446
32875651131671,1,96446
32875651188350,0,96446
32875651193549,1,96446
32875651248785,0,96446
32875651253702,1,96446
32875651309535,0,96446
32875651314864,1,96446
32875651324699,0,96443
32875651331385,1,96443
32875651393134,0,96443
32875651398289,1,96443
32875651409131,0,96444
32875651416946,1,96444
32875651478553,0,96444
32875651484707,1,96444
32875651540736,0,96444
32875651546282,1,96444
32875651559167,0,96446
32875651567438,1,96446
32875651630576,0,96446
32875651637837,1,96446
32875651695179,0,96446
32875651700877,1,96446
32875651712175,0,96445
32875651722312,1,96445
32875651784039,0,96445
32875651789672,1,96445
32875651845418,0,96445
32875651850758,1,96445
32875651860429,0,96443
32875651869123,1,96443
32875651931305,0,96443
32875651937362,1,96443
32875651947174,0,96446
32875651955912,1,96446
32875652017475,0,96446
32875652025062,1,96446
32875652080428,0,96446
32875652086485,1,96446
32875652099802,0,96445
32875652109951,1,96445
32875652172285,0,96445
32875652177343,1,96445
32875652190521,0,96443
32875652199161,1,96443
32875652262559,0,96443
32875652268627,1,96443
32875652324253,0,96443
32875652329366,1,96443
32875652343040,0,96446
32875652351506,1,96446
32875652413461,0,96446
32875652420994,1,96446
32875652430665,0,96445
32875652440488,1,96445
32875652503278,0,96445
32875652509139,1,96445
32875652565113,0,96445
32875652571191,1,96445
32875652583239,0,96443
32875652591716,1,96443
32875652654105,0,96443
32875652659781,1,96443
32875652669105,0,96446
32875652677864,1,96446
32875652739797,0,96446
32875652745181,1,96446
32875652800688,0,96446
32875652806147,1,96446
32875652819964,0,96445
32875652828962,1,96445
32875652890743,0,96445
32875652896680,1,96445
32875652909044,0,96443
32875652916957,1,96443
32875652979432,0,96443
32875652985044,1,96443
32875653040888,0,96443
32875653046130,1,96443
32875653056474,0,96443
32875653060609,1,96443
32875653116334,0,96443
32875653121641,1,96443
32875653129324,0,96445
32875653136987,1,96445
32875653199300,0,96445
32875653204315,1,96445
32875653217958,0,96444
32875653227141,1,96444
32875653290940,0,96444
32875653295966,1,96444
32875653307623,0,96446
32875653316502,1,96446
32875653379596,0,96446
32875653384752,1,96446
32875653440997,0,96446
32875653446087,1,96446
32875653455943,0,96445
32875653464430,1,96445
32875653501834,0,96446
32875653506794,1,96446
32875653516595,0,96444
32875653527069,1,96444
32875653590999,0,96444
32875653595655,1,96444
32875653651889,0,96444
32875653657718,1,96444
32875653670939,0,96445
32875653679448,1,96445
32875653741869,0,96445
32875653748078,1,96445
32875653757510,0,96443
32875653766345,1,96443
32875653828733,0,96443
32875653833922,1,96443
32875653889939,0,96443
32875653896777,1,96443
32875653952382,0,96443
32875653957386,1,96443
32875654012774,0,96443
32875654019080,1,96443
32875654032280,0,96446
32875654040963,1,96446
32875654104535,0,96446
32875654110060,1,96446
32875654120228,0,96444
32875654128857,1,96444
32875654167108,0,96446
32875654173034,1,96446
32875654182595,0,96445
32875654190757,1,96445
32875654204878,0,96443
32875654213106,1,96443
32875654253211,0,96445
32875654259767,1,96445
32875654276406,0,96443
32875654281703,1,96443
32875654316598,0,96445
32875654322329,1,96445
32875654338730,0,96443
32875654344211,1,96443
32875654401042,0,96443
32875654406382,1,96443
32875654463854,0,96443
32875654471376,1,96443
32875654538910,0,96443
32875654544380,1,96443
32875654601146,0,96443
32875654606584,1,96443
32875654662808,0,96443
32875654668560,1,96443
32875654729191,0,96443
32875654735475,1,96443
32875654747097,0,96444
32875654756844,1,96444
32875654829392,0,96444
32875654852370,1,96444
32875654872124,0,96444
32875654878875,1,96444
32875654954408,0,96444
32875654962071,1,96444
32875655034488,0,96444
32875655041674,1,96444
32875655055017,0,96443
32875655069485,1,96443
32875655147353,0,96446
32875655156676,1,96446
32875655240816,0,96446
32875655249510,1,96446
32875655262427,0,96445
32875655273899,1,96445
32875655321830,0,96446
32875655333379,1,96446
32875655352200,0,96445
32875655360623,1,96445
32875655413253,0,96446
32875655420667,1,96446
32875655439791,0,96445
32875655449517,1,96445
32875655497991,0,96446
32875655505849,1,96446
32875655524701,0,96444
32875655537834,1,96444
32875655622126,0,96444
32875655632003,1,96444
32875655706288,0,96444
32875655713538,1,96444
32875655729561,0,96446
32875655744029,1,96446
32875655811736,0,96446
32875655817630,1,96446
32875655874342,0,96446
32875655880952,1,96446
32875655890643,0,96445
32875655900108,1,96445
32875655937925,0,96446
32875655943503,1,96446
32875655957978,0,96444
32875655968267,1,96444
32875655989524,0,96443
32875656000248,1,96443
32875656033576,0,96444
32875656039231,1,96444
32875656047875,0,96446
32875656057145,1,96446
32875656080882,0,96443
32875656090206,1,96443
32875656136748,0,96446
32875656145876,1,96446
32875656168148,0,96443
32875656175974,1,96443
32875656219499,0,96446
32875656225957,1,96446
32875656245418,0,96443
32875656251083,1,96443
32875656300111,0,96446
32875656308903,1,96446
32875656318617,0,96443
32875656325531,1,96443
32875656349191,0,96445
32875656361218,1,96445
32875656381147,0,96446
32875656386444,1,96446
32875656434265,0,96445
32875656440072,1,96445
32875656457830,0,96446
32875656466481,1,96446
32875656540060,0,96446
32875656546117,1,96446
32875656556374,0,96446
32875656561974,1,96446
32875656572188,0,96446
32875656576367,1,96446
32875656586363,0,96446
32875656589815,1,96446
32875656646918,0,96446
32875656653658,1,96446
32875656667300,0,96444
32875656676656,1,96444
32875656748596,0,96444
32875656753990,1,96444
32875656809986,0,96444
32875656815348,1,96444
32875656825724,0,96444
32875656830978,1,96444
32875656882903,0,96444
32875656888482,1,96444
32875656944109,0,96444
32875656949416,1,96444
32875656959295,0,96443
32875656967272,1,96443
32875657004446,0,96444
32875657010025,1,96444
32875657030899,0,96443
32875657036445,1,96443
32875657065652,0,96444
32875657071893,1,96444
32875657093504,0,96443
32875657098986,1,96443
32875657115712,0,96443
32875657119109,1,96443
32875657127693,0,96444
32875657133739,1,96444
32875657155110,0,96445
32875657166094,1,96445
32875657187260,0,96446
32875657195259,1,96446
32875657229818,0,96445
32875657234757,1,96445
32875657245502,0,96444
32875657255271,1,96444
32875657269350,0,96443
32875657276318,1,96443
32875657319765,0,96444
32875657325974,1,96444
32875657337231,0,96443
32875657342137,1,96443
32875657354630,0,96446
32875657364051,1,96446
32875657382729,0,96444
32875657387288,1,96444
32875657406564,0,96445
32875657414282,1,96445
32875657427948,0,96446
32875657434027,1,96446
32875657455060,0,96443
32875657464427,1,96443
32875657475574,0,96445
32875657481294,1,96445
32875657491996,0,96444
32875657500506,1,96444
32875657525633,0,96443
32875657531288,1,96443
32875657562905,0,96444
32875657568506,1,96444
32875657579751,0,96445
32875657587913,1,96445
32875657601525,0,96446
32875657608255,1,96446
32875657651995,0,96445
32875657658735,1,96445
32875657668113,0,96444
32875657677577,1,96444
32875657740259,0,96444
32875657746066,1,96444
32875657756139,0,96446
32875657763628,1,96446
32875657825452,0,96446
32875657831292,1,96446
32875657841190,0,96445
32875657850080,1,96445
32875657912154,0,96445
32875657917689,1,96445
32875657931432,0,96443
32875657940788,1,96443
32875658004468,0,96443
32875658009678,1,96443
32875658066173,0,96443
32875658071361,1,96443
32875658085253,0,96446
32875658093947,1,96446
32875658156379,0,96446
32875658162913,1,96446
32875658173344,0,96445
32875658181908,1,96445
32875658244156,0,96445
32875658249800,1,96445
32875658305524,0,96445
32875658309801,1,96445
32875658320068,0,96445
32875658324519,1,96445
32875658380688,0,96445
32875658386506,1,96445
32875658441655,0,96445
32875658447071,1,96445
32875658459021,0,96444
32875658467118,1,96444
32875658528855,0,96444
32875658534554,1,96444
32875658547276,0,96443
32875658555199,1,96443
32875658617957,0,96443
32875658623449,1,96443
32875658636246,0,96446
32875658644930,1,96446
32875658708339,0,96446
32875658713885,1,96446
32875658770293,0,96446
32875658775687,1,96446
32875658785955,0,96446
32875658789765,1,96446
32875658845544,0,96446
32875658852371,1,96446
32875658908258,0,96446
32875658913262,1,96446
32875658924277,0,96445
32875658933014,1,96445
32875658996293,0,96445
32875659003457,1,96445
32875659060331,0,96445
32875659065585,1,96445
32875659073727,0,96443
32875659082128,1,96443
32875659145363,0,96443
32875659150074,1,96443
32875659206916,0,96443
32875659212202,1,96443
32875659268360,0,96443
32875659273331,1,96443
32875659283849,0,96443
32875659288418,1,96443
32875659344186,0,96443
32875659348864,1,96443
32875659405631,0,96443
32875659410732,1,96443
32875659421563,0,96444
32875659430789,1,96444
32875659495424,0,96444
32875659500471,1,96444
32875659512454,0,96445
32875659521615,1,96445
32875659584807,0,96445
32875659590690,1,96445
32875659648010,0,96445
32875659653437,1,96445
32875659709530,0,96445
32875659716249,1,96445
32875659727678,0,96444
32875659738456,1,96444
32875659802082,0,96444
32875659806619,1,96444
32875659817679,0,96446
32875659825255,1,96446
32875659887091,0,96446
32875659893668,1,96446
32875659949382,0,96446
32875659954570,1,96446
32875659964881,0,96446
32875659968973,1,96446
32875660031676,0,96446
32875660038721,1,96446
32875660094076,0,96446
32875660099297,1,96446
32875660111051,0,96443
32875660119420,1,96443
32875660183274,0,96443
32875660189374,1,96443
32875660199284,0,96445
32875660207663,1,96445
32875660246053,0,96443
32875660251524,1,96443
32875660261596,0,96444
32875660269671,1,96444
32875660287170,0,96446
32875660296059,1,96446
32875660333319,0,96444
32875660340602,1,96444
32875660352489,0,96443
32875660361139,1,96443
32875660375020,0,96445
32875660384214,1,96445
32875660424863,0,96443
32875660430637,1,96443
32875660446928,0,96445
32875660452843,1,96445
32875660487024,0,96443
32875660492147,1,96443
32875660500232,0,96444
32875660508806,1,96444
32875660521681,0,96446
32875660529007,1,96446
32875660570229,0,96444
32875660576524,1,96444
32875660589453,0,96443
32875660596996,1,96443
32875660659190,0,96443
32875660664899,1,96443
32875660674069,0,96446
32875660683393,1,96446
32875660746389,0,96446
32875660752044,1,96446
32875660762160,0,96444
32875660864296,1,96444
32875660925502,0,96444
32875660933772,1,96444
32875660990202,0,96444
32875660996020,1,96444
32875661006170,0,96443
32875661012747,1,96443
32875661074734,0,96443
32875661080802,1,96443
32875661092817,0,96446
32875661101620,1,96446
32875661164128,0,96446
32875661169718,1,96446
32875661226159,0,96446
32875661233290,1,96446
32875661289470,0,96446
32875661295776,1,96446
32875661309971,0,96443
32875661318828,1,96443
32875661381445,0,96443
32875661386633,1,96443
32875661442998,0,96443
32875661449890,1,96443
32875661506526,0,96443
32875661511725,1,96443
32875661521863,0,96446
32875661531057,1,96446
32875661594672,0,96446
32875661601640,1,96446
32875661657918,0,96446
32875661663160,1,96446
32875661673428,0,96446
32875661678758,1,96446
32875661734514,0,96446
32875661739377,1,96446
32875661748016,0,96443
32875661755886,1,96443
32875661818459,0,96443
32875661823788,1,96443
32875661833416,0,96445
32875661841166,1,96445
32875661903359,0,96445
32875661910164,1,96445
32875661966225,0,96445
32875661972640,1,96445
32875661985113,0,96446
32875661993937,1,96446
32875662056857,0,96446
32875662062132,1,96446
32875662118617,0,96446
32875662125476,1,96446
32875662137023,0,96444
32875662150048,1,96444
32875662181895,0,96446
32875662187138,1,96446
32875662199727,0,96445
32875662207325,1,96445
32875662227166,0,96443
32875662235349,1,96443
32875662269203,0,96445
32875662275759,1,96445
32875662299627,0,96443
32875662305195,1,96443
32875662315159,0,96444
32875662324374,1,96444
32875662344781,0,96446
32875662351804,1,96446
32875662388553,0,96444
32875662394501,1,96444
32875662404986,0,96444
32875662409317,1,96444
32875662427096,0,96445
32875662434781,1,96445
32875662465899,0,96444
32875662472259,1,96444
32875662493057,0,96443
32875662503390,1,96443
32875662590493,0,96444
32875662603225,1,96444
32875662671453,0,96444
32875662677445,1,96444
32875662687951,0,96444
32875662691522,1,96444
32875662747909,0,96444
32875662754573,1,96444
32875662768215,0,96446
32875662776573,1,96446
32875662839765,0,96446
32875662846093,1,96446
32875662856632,0,96446
32875662861397,1,96446
32875662927932,0,96446
32875662935508,1,96446
32875663005060,0,96446
32875663012538,1,96446
32875663028494,0,96446
32875663037600,1,96446
32875663110984,0,96446
32875663118213,1,96446
32875663283334,0,96446
32875663292028,1,96446
32875663360930,0,96446
32875663366856,1,96446
32875663424197,0,96446
32875663430807,1,96446
32875663443137,0,96443
32875663451723,1,96443
32875663534821,0,96445
32875663547911,1,96445
32875663632398,0,96445
32875663642319,1,96445
32875663711535,0,96445
32875663716908,1,96445
32875663729281,0,96446
32875663742490,1,96446
32875663823200,0,96446
32875663831536,1,96446
32875663899634,0,96446
32875663906331,1,96446
32875663916491,0,96444
32875663925402,1,96444
32875664004896,0,96444
32875664012103,1,96444
32875664071040,0,96444
32875664078931,1,96444
32875664151078,0,96444
32875664160987,1,96444
32875664238138,0,96444
32875664245214,1,96444
32875664318077,0,96444
32875664327368,1,96444
32875664403824,0,96444
32875664411834,1,96444
32875664481701,0,96444
32875664489310,1,96444
32875664546532,0,96444
32875664552198,1,96444
32875664562650,0,96444
32875664567046,1,96444
32875664623052,0,96444
32875664627882,1,96444
32875664642264,0,96446
32875664650502,1,96446
32875664713683,0,96446
32875664719870,1,96446
32875664730083,0,96446
32875664733720,1,96446
32875664789921,0,96446
32875664796195,1,96446
32875664852158,0,96446
32875664857509,1,96446
32875664867766,0,96446
32875664870773,1,96446
32875664880693,0,96444
32875664889984,1,96444
32875664925770,0,96446
32875664931588,1,96446
32875664954674,0,96444
32875664960470,1,96444
32875664970781,0,96443
32875664980202,1,96443
32875665003180,0,96445
32875665013068,1,96445
32875665044132,0,96443
32875665051372,1,96443
32875665077367,0,96445
32875665084162,1,96445
32875665095745,0,96446
32875665106555,1,96446
32875665120056,0,96444
32875665126340,1,96444
32875665171581,0,96446
32875665177312,1,96446
32875665186808,0,96445
32875665196816,1,96445
32875665259345,0,96445
32875665264859,1,96445
32875665321669,0,96445
32875665328116,1,96445
32875665339882,0,96446
32875665349140,1,96446
32875665411453,0,96446
32875665417021,1,96446
32875665430383,0,96443
32875665437884,1,96443
32875665501401,0,96443
32875665506654,1,96443
32875665563008,0,96443
32875665570215,1,96443
32875665582208,0,96445
32875665591010,1,96445
32875665655179,0,96445
32875665660877,1,96445
32875665670496,0,96446
32875665679722,1,96446
32875665743087,0,96446
32875665749914,1,96446
32875665806518,0,96446
32875665811945,1,96446
32875665824121,0,96443
32875665832674,1,96443
32875665894564,0,96443
32875665900262,1,96443
32875665910574,0,96445
32875665919485,1,96445
32875665956811,0,96443
32875665961706,1,96443
32875665971583,0,96444
32875665979930,1,96444
32875665992446,0,96446
32875665999849,1,96446
32875666043079,0,96444
32875666048853,1,96444
32875666059208,0,96444
32875666063484,1,96444
32875666076650,0,96445
32875666085680,1,96445
32875666119577,0,96444
32875666124842,1,96444
32875666135089,0,96443
32875666143599,1,96443
32875666158284,0,96446
32875666164634,1,96446
32875666206943,0,96443
32875666213574,1,96443
32875666224438,0,96444
32875666233436,1,96444
32875666295781,0,96444
32875666302760,1,96444
32875666312616,0,96443
32875666320680,1,96443
32875666385435,0,96443
32875666394921,1,96443
32875666458461,0,96443
32875666464734,1,96443
32875666474774,0,96445
32875666482893,1,96445
32875666546031,0,96445
32875666552228,1,96445
32875666561856,0,96444
32875666570560,1,96444
32875666608897,0,96445
32875666615670,1,96445
32875666632580,0,96444
32875666638105,1,96444
32875666671774,0,96445
32875666677570,1,96445
32875666690607,0,96446
32875666697326,1,96446
32875666758987,0,96446
32875666766042,1,96446
32875666824133,0,96446
32875666830472,1,96446
32875666840271,0,96444
32875666849671,1,96444
32875666911712,0,96444
32875666917693,1,96444
32875666929840,0,96443
32875666938284,1,96443
32875667001280,0,96443
32875667007489,1,96443
32875667016800,0,96445
32875667026015,1,96445
32875667088382,0,96445
32875667094374,1,96445
32875667151097,0,96445
32875667156415,1,96445
32875667166162,0,96444
32875667174606,1,96444
32875667212508,0,96445
32875667217599,1,96445
32875667237049,0,96444
32875667243866,1,96444
32875667257639,0,96446
32875667266833,1,96446
32875667287988,0,96443
32875667294653,1,96443
32875667330741,0,96446
32875667335419,1,96446
32875667346056,0,96446
32875667351374,1,96446
32875667368469,0,96445
32875667377999,1,96445
32875667407869,0,96446
32875667414078,1,96446
32875667442266,0,96445
32875667448268,1,96445
32875667470269,0,96446
32875667475620,1,96446
32875667485573,0,96444
32875667494962,1,96444
32875667505544,0,96445
32875667511329,1,96445
32875667556753,0,96444
32875667563081,1,96444
32875667576193,0,96446
32875667585354,1,96446
32875667647862,0,96446
32875667654667,1,96446
32875667711260,0,96446
32875667717816,1,96446
32875667731373,0,96445
32875667741076,1,96445
32875667804745,0,96445
32875667811052,1,96445
32875667867156,0,96445
32875667872974,1,96445
32875667885542,0,96443
32875667895029,1,96443
32875667956907,0,96443
32875667962291,1,96443
32875667974297,0,96446
32875667983024,1,96446
32875668045781,0,96446
32875668051263,1,96446
32875668108083,0,96446
32875668113825,1,96446
32875668121855,0,96445
32875668129214,1,96445
32875668169397,0,96446
32875668173956,1,96446
32875668183462,0,96443
32875668192775,1,96443
32875668254968,0,96443
32875668262110,1,96443
32875668319528,0,96443
32875668325747,1,96443
32875668335831,0,96445
32875668344915,1,96445
32875668406685,0,96445
32875668411950,1,96445
32875668468683,0,96445
32875668474175,1,96445
32875668530106,0,96445
32875668535283,1,96445
32875668545529,0,96445
32875668550750,1,96445
32875668606496,0,96445
32875668612488,1,96445
32875668668321,0,96445
32875668673845,1,96445
32875668685915,0,96446
32875668694099,1,96446
32875668756586,0,96446
32875668762805,1,96446
32875668818562,0,96446
32875668824966,1,96446
32875668835375,0,96446
32875668840096,1,96446
32875668896255,0,96446
32875668901638,1,96446
32875668956961,0,96446
32875668962062,1,96446
32875668972374,0,96446
32875668976541,1,96446
32875669031365,0,96446
32875669037541,1,96446
32875669048069,0,96446
32875669052736,1,96446
32875669107571,0,96446
32875669112368,1,96446
32875669123558,0,96445
32875669131775,1,96445
32875669195444,0,96445
32875669211117,1,96445
32875669269023,0,96445
32875669274592,1,96445
32875669331184,0,96445
32875669336883,1,96445
32875669350604,0,96446
32875669360492,1,96446
32875669423879,0,96446
32875669439378,1,96446
32875669498294,0,96446
32875669505045,1,96446
32875669561616,0,96446
32875669565860,1,96446
32875669577993,0,96445
32875669586524,1,96445
32875669649868,0,96445
32875669655382,1,96445
32875669712203,0,96445
32875669717532,1,96445
32875669772887,0,96445
32875669778195,1,96445
32875669788421,0,96446
32875669797473,1,96446
32875669860122,0,96446
32875669865050,1,96446
32875669878270,0,96443
32875669885759,1,96443
32875669949570,0,96443
32875669956657,1,96443
32875670013022,0,96443
32875670018872,1,96443
32875670029183,0,96443
32875670032809,1,96443
32875670088663,0,96443
32875670094644,1,96443
32875670151182,0,96443
32875670157564,1,96443
32875670167288,0,96444
32875670177567,1,96444
32875670213365,0,96443
32875670218032,1,96443
32875670229254,0,96445
32875670237470,1,96445
32875670252644,0,96446
32875670262228,1,96446
32875670300803,0,96445
32875670306404,1,96445
32875670325615,0,96446
32875670331693,1,96446
32875670362432,0,96445
32875670367110,1,96445
32875670376522,0,96443
32875670383045,1,96443
32875670405045,0,96444
32875670414976,1,96444
32875670444283,0,96443
32875670450763,1,96443
32875670460129,0,96445
32875670467336,1,96445
32875670479025,0,96444
32875670485321,1,96444
32875670496133,0,96446
32875670504219,1,96446
32875670528520,0,96445
32875670535922,1,96445
32875670568724,0,96446
32875670575888,1,96446
32875670592157,0,96445
32875670597475,1,96445
32875670605595,0,96443
32875670612151,1,96443
32875670633555,0,96446
32875670638961,1,96446
32875670672803,0,96443
32875670679728,1,96443
32875670695108,0,96446
32875670700329,1,96446
32875670721275,0,96444
32875670729600,1,96444
32875670759536,0,96445
32875670826863,1,96445
32875670840986,0,96446
32875670848063,1,96446
32875670867055,0,96445
32875670875630,1,96445
32875670944499,0,96445
32875670950479,1,96445
32875671006768,0,96445
32875671012629,1,96445
32875671026285,0,96443
32875671036183,1,96443
32875671100884,0,96443
32875671106832,1,96443
32875671116361,0,96444
32875671125380,1,96444
32875671187552,0,96444
32875671194498,1,96444
32875671206167,0,96446
32875671215165,1,96446
32875671278519,0,96446
32875671283002,1,96446
32875671339106,0,96446
32875671344859,1,96446
32875671355116,0,96446
32875671359251,1,96446
32875671414835,0,96446
32875671420272,1,96446
32875671432722,0,96444
32875671440699,1,96444
32875671503707,0,96444
32875671510056,1,96444
32875671519402,0,96445
32875671527803,1,96445
32875671589356,0,96445
32875671594848,1,96445
32875671650583,0,96445
32875671657226,1,96445
32875671669232,0,96446
32875671678316,1,96446
32875671742724,0,96446
32875671749443,1,96446
32875671806795,0,96446
32875671811495,1,96446
32875671825735,0,96443
32875671834831,1,96443
32875671908247,0,96443
32875671914824,1,96443
32875671932050,0,96445
32875671944499,1,96445
32875672017069,0,96445
32875672022930,1,96445
32875672086882,0,96445
32875672092211,1,96445
32875672102098,0,96446
32875672112528,1,96446
32875672155479,0,96445
32875672161449,1,96445
32875672172226,0,96443
32875672183166,1,96443
32875672256919,0,96443
32875672263247,1,96443
32875672272744,0,96445
32875672282806,1,96445
32875672347528,0,96445
32875672354247,1,96445
32875672364026,0,96446
32875672372710,1,96446
32875672411404,0,96445
32875672416744,1,96445
32875672428814,0,96444
32875672438202,1,96444
32875672501090,0,96444
32875672508829,1,96444
32875672564998,0,96444
32875672571717,1,96444
32875672584472,0,96446
32875672594816,1,96446
32875672658692,0,96446
32875672663663,1,96446
32875672720820,0,96446
32875672727691,1,96446
32875672741365,0,96445
32875672750612,1,96445
32875672814434,0,96445
32875672821446,1,96445
32875672874945,0,96445
32875672880155,1,96445
32875672890401,0,96445
32875672893928,1,96445
32875672904088,0,96445
32875672909200,1,96445
32875672919316,0,96445
32875672923484,1,96445
32875672933513,0,96445
32875672937648,1,96445
32875672949563,0,96443
32875672958865,1,96443
32875673021720,0,96443
32875673027386,1,96443
32875673083479,0,96443
32875673090404,1,96443
32875673156190,0,96443
32875673162865,1,96443
32875673223029,0,96443
32875673237660,1,96443
32875673295110,0,96443
32875673300223,1,96443
32875673355849,0,96443
32875673361407,1,96443
32875673416816,0,96443
32875673421451,1,96443
32875673431664,0,96443
32875673435973,1,96443
32875673502194,0,96443
32875673509629,1,96443
32875673566113,0,96443
32875673572679,1,96443
32875673628740,0,96443
32875673633994,1,96443
32875673647218,0,96446
32875673655880,1,96446
32875673719723,0,96446
32875673727201,1,96446
32875673783436,0,96446
32875673789818,1,96446
32875673801571,0,96445
32875673810645,1,96445
32875673874575,0,96445
32875673880697,1,96445
32875673893604,0,96443
32875673902156,1,96443
32875673965891,0,96443
32875673973521,1,96443
32875673984734,0,96443
32875673989477,1,96443
32875674045972,0,96443
32875674050129,1,96443
32875674061774,0,96446
32875674072899,1,96446
32875674135744,0,96446
32875674140541,1,96446
32875674150245,0,96444
32875674158874,1,96444
32875674175784,0,96444
32875674179865,1,96444
32875674189905,0,96444
32875674194095,1,96444
32875674208130,0,96443
32875674215348,1,96443
32875674276652,0,96443
32875674283674,1,96443
32875674293615,0,96444
32875674303633,1,96444
32875674320826,0,96444
32875674325298,1,96444
32875674335609,0,96444
32875674340179,1,96444
32875674356438,0,96446
32875674365523,1,96446
32875674382596,0,96446
32875674389380,1,96446
32875674397802,0,96444
32875674403001,1,96444
32875674411675,0,96443
32875674418481,1,96443
32875674434577,0,96443
32875674437953,1,96443
32875674448090,0,96443
32875674452041,1,96443
32875674459789,0,96444
32875674466117,1,96444
32875674478601,0,96446
32875674488847,1,96446
32875674506507,0,96446
32875674511543,1,96446
32875674522265,0,96444
32875674527225,1,96444
32875674535313,0,96443
32875674542097,1,96443
32875674558095,0,96443
32875674562621,1,96443
32875674572672,0,96443
32875674576536,1,96443
32875674582982,0,96444
32875674589625,1,96444
32875674645892,0,96444
32875674650244,1,96444
32875674658538,0,96443
32875674665778,1,96443
32875674681483,0,96443
32875674685868,1,96443
32875674696744,0,96443
32875674700521,1,96443
32875674707640,0,96444
32875674714391,1,96444
32875674721870,0,96445
32875674728263,1,96445
32875674738726,0,96445
32875674743458,1,96445
32875674753531,0,96445
32875674757558,1,96445
32875674767641,0,96445
32875674773622,1,96445
32875674782306,0,96443
32875674789003,1,96443
32875674832895,0,96445
32875674838528,1,96445
32875674849785,0,96443
32875674855093,1,96443
32875674894828,0,96445
32875674900548,1,96445
32875674910861,0,96443
32875674916006,1,96443
32875674924828,0,96444
32875674932122,1,96444
32875674971893,0,96443
32875674976603,1,96443
32875674995674,0,96446
32875675001991,1,96446
32875675064239,0,96446
32875675069698,1,96446
32875675126910,0,96446
32875675132499,1,96446
32875675188777,0,96446
32875675194291,1,96446
32875675207770,0,96445
32875675215748,1,96445
32875675279331,0,96445
32875675285561,1,96445
32875675341937,0,96445
32875675348861,1,96445
32875675359184,0,96445
32875675363471,1,96445
32875675419098,0,96445
32875675425404,1,96445
32875675480944,0,96445
32875675486197,1,96445
32875675541444,0,96445
32875675548021,1,96445
32875675558148,0,96444
32875675566614,1,96444
32875675630164,0,96444
32875675636144,1,96444
32875675646130,0,96446
32875675655400,1,96446
32875675692021,0,96444
32875675699130,1,96444
32875675717788,0,96446
32875675723606,1,96446
32875675755364,0,96444
32875675761627,1,96444
32875675772677,0,96443
32875675781273,1,96443
32875675795014,0,96445
32875675805228,1,96445
32875675844877,0,96443
32875675851563,1,96443
32875675868300,0,96445
32875675873499,1,96445
32875675908482,0,96443
32875675914668,1,96443
32875675929918,0,96445
32875675934748,1,96445
32875675945060,0,96445
32875675948728,1,96445
32875675970751,0,96443
32875675976547,1,96443
32875675984438,0,96444
32875675990777,1,96444
32875676004691,0,96445
32875676010335,1,96445
32875676031025,0,96446
32875676042020,1,96446
32875676053610,0,96444
32875676060850,1,96444
32875676070956,0,96443
32875676078771,1,96443
32875676105657,0,96446
32875676111974,1,96446
32875676143190,0,96443
32875676148030,1,96443
32875676157700,0,96444
32875676168641,1,96444
32875676249449,0,96444
32875676256005,1,96444
32875676312695,0,96444
32875676317655,1,96444
32875676373694,0,96444
32875676387620,1,96444
32875676443800,0,96444
32875676449661,1,96444
32875676459777,0,96443
32875676469709,1,96443
32875676533823,0,96443
32875676539413,1,96443
32875676596635,0,96443
32875676602073,1,96443
32875676612558,0,96445
32875676621404,1,96445
32875676685866,0,96445
32875676691977,1,96445
32875676701778,0,96444
32875676711850,1,96444
32875676747853,0,96445
32875676752889,1,96445
32875676760836,0,96446
32875676769714,1,96446
32875676787481,0,96443
32875676796728,1,96443
32875676832852,0,96446
32875676837758,1,96446
32875676859432,0,96443
32875676864370,1,96443
32875676894275,0,96446
32875676898985,1,96446
32875676906973,0,96445
32875676913876,1,96445
32875676935551,0,96444
32875676943008,1,96444
32875676975016,0,96445
32875676981192,1,96445
32875677004799,0,96444
32875677009760,1,96444
32875677021178,0,96443
32875677029373,1,96443
32875677049096,0,96446
32875677056412,1,96446
32875677093748,0,96443
32875677098914,1,96443
32875677117357,0,96446
32875677124542,1,96446
32875677155246,0,96443
32875677160033,1,96443
32875677168456,0,96444
32875677177454,1,96444
32875677192595,0,96445
32875677200378,1,96445
32875677239007,0,96444
32875677245269,1,96444
32875677261366,0,96445
32875677267499,1,96445
32875677303034,0,96444
32875677307756,1,96444
32875677316656,0,96443
32875677325339,1,96443
32875677338040,0,96446
32875677344433,1,96446
32875677387055,0,96443
32875677392905,1,96443
32875677405270,0,96446
32875677411131,1,96446
32875677468375,0,96446
32875677473986,1,96446
32875677484884,0,96446
32875677488769,1,96446
32875677545384,0,96446
32875677551158,1,96446
32875677606568,0,96446
32875677612429,1,96446
32875677667719,0,96446
32875677672321,1,96446
32875677685866,0,96443
32875677695157,1,96443
32875677759218,0,96443
32875677764493,1,96443
32875677821161,0,96443
32875677828021,1,96443
32875677885037,0,96443
32875677889411,1,96443
32875677944821,0,96443
32875677951236,1,96443
32875677960970,0,96444
32875677971531,1,96444
32875678035114,0,96444
32875678041116,1,96444
32875678051449,0,96445
32875678059937,1,96445
32875678122717,0,96445
32875678129522,1,96445
32875678138413,0,96446
32875678147335,1,96446
32875678186875,0,96445
32875678191965,1,96445
32875678201690,0,96443
32875678210102,1,96443
32875678225905,0,96444
32875678236054,1,96444
32875678272697,0,96443
32875678279567,1,96443
32875678299756,0,96444
32875678304531,1,96444
32875678317015,0,96446
32875678325145,1,96446
32875678344973,0,96443
32875678350748,1,96443
32875678408469,0,96444
32875678416664,1,96444
32875678480388,0,96444
32875678485923,1,96444
32875678543373,0,96444
32875678549310,1,96444
32875678561848,0,96443
32875678571573,1,96443
32875678634787,0,96443
32875678640040,1,96443
32875678649656,0,96445
32875678659316,1,96445
32875678722497,0,96445
32875678727815,1,96445
32875678738431,0,96446
32875678747613,1,96446
32875678809839,0,96446
32875678817762,1,96446
32875678892427,0,96443
32875678901663,1,96443
32875678963531,0,96443
32875678968372,1,96443
32875678979096,0,96445
32875678988398,1,96445
32875679050971,0,96445
32875679056105,1,96445
32875679112079,0,96445
32875679116410,1,96445
32875679127177,0,96443
32875679136468,1,96443
32875679197923,0,96443
32875679204001,1,96443
32875679230084,0,96446
32875679238018,1,96446
32875679248546,0,96446
32875679251640,1,96446
32875679260529,0,96443
32875679265663,1,96443
32875679279143,0,96445
32875679288130,1,96445
32875679321832,0,96443
32875679327129,1,96443
32875679336778,0,96444
32875679345732,1,96444
32875679375214,0,96446
32875679384038,1,96446
32875679408143,0,96444
32875679415524,1,96444
32875679427888,0,96443
32875679437124,1,96443
32875679447848,0,96446
32875679455077,1,96446
32875679472302,0,96446
32875679476308,1,96446
32875679501499,0,96443
32875679505982,1,96443
32875679516422,0,96444
32875679525724,1,96444
32875679541723,0,96445
32875679552479,1,96445
32875679589448,0,96444
32875679595439,1,96444
32875679616529,0,96445
32875679622346,1,96445
32875679652108,0,96444
32875679659120,1,96444
32875679678646,0,96445
32875679684322,1,96445
32875679696958,0,96446
32875679704122,1,96446
32875679716103,0,96444
32875679722290,1,96444
32875679735316,0,96443
32875679743500,1,96443
32875679765208,0,96446
32875679770082,1,96446
32875679807473,0,96443
32875679813009,1,96443
32875679822982,0,96444
32875679832002,1,96444
32875679894760,0,96444
32875679899796,1,96444
32875679955770,0,96444
32875679961218,1,96444
32875679971530,0,96444
32875679976099,1,96444
32875680031390,0,96444
32875680036480,1,96444
32875680049201,0,96445
32875680058221,1,96445
32875680122238,0,96445
32875680128598,1,96445
32875680184540,0,96445
32875680189923,1,96445
32875680200256,0,96445
32875680205260,1,96445
32875680260800,0,96445
32875680266759,1,96445
32875680276993,0,96444
32875680286871,1,96444
32875680349954,0,96444
32875680355728,1,96444
32875680367691,0,96443
32875680376092,1,96443
32875680438969,0,96443
32875680444526,1,96443
32875680456661,0,96446
32875680467504,1,96446
32875680531608,0,96446
32875680536091,1,96446
32875680592325,0,96446
32875680599662,1,96446
32875680608301,0,96444
32875680615518,1,96444
32875680677343,0,96444
32875680683008,1,96444
32875680739113,0,96444
32875680745484,1,96444
32875680753885,0,96445
32875680762840,1,96445
32875680825218,0,96445
32875680831068,1,96445
32875680841683,0,96445
32875680846719,1,96445
32875680857563,0,96445
32875680861589,1,96445
32875680871553,0,96445
32875680875928,1,96445
32875680885924,0,96445
32875680889571,1,96445
32875680947542,0,96445
32875680954196,1,96445
32875681010593,0,96445
32875681017160,1,96445
32875681073166,0,96445
32875681078126,1,96445
32875681089154,0,96445
32875681092996,1,96445
32875681149491,0,96445
32875681155125,1,96445
32875681164839,0,96443
32875681174314,1,96443
32875681236616,0,96443
32875681242748,1,96443
32875681299091,0,96443
32875681304616,1,96443
32875681316894,0,96446
32875681325305,1,96446
32875681388530,0,96446
32875681396117,1,96446
32875681452829,0,96446
32875681458538,1,96446
32875681468795,0,96446
32875681474396,1,96446
32875681529946,0,96446
32875681535276,1,96446
32875681545587,0,96446
32875681550471,1,96446
32875681606641,0,96446
32875681611558,1,96446
32875681625753,0,96445
32875681633807,1,96445
32875681696651,0,96445
32875681703511,1,96445
32875681759735,0,96445
32875681765987,1,96445
32875681779814,0,96443
32875681789094,1,96443
32875681852319,0,96443
32875681857442,1,96443
32875681867189,0,96446
32875681876491,1,96446
32875681938598,0,96446
32875681944893,1,96446
32875682000802,0,96446
32875682006576,1,96446
32875682019416,0,96445
32875682028164,1,96445
32875682090781,0,96445
32875682095741,1,96445
32875682109343,0,96443
32875682119513,1,96443
32875682183171,0,96443
32875682188794,1,96443
32875682245169,0,96443
32875682249923,1,96443
32875682263719,0,96446
32875682272402,1,96446
32875682336083,0,96446
32875682342367,1,96446
32875682353111,0,96445
32875682361534,1,96445
32875682424747,0,96445
32875682431043,1,96445
32875682503330,0,96443
32875682512990,1,96443
32875682576323,0,96443
32875682582369,1,96443
32875682639070,0,96443
32875682643987,1,96443
32875682699006,0,96443
32875682704910,1,96443
32875682718402,0,96445
32875682726965,1,96445
32875682790364,0,96445
32875682796246,1,96445
32875682852264,0,96445
32875682858516,1,96445
32875682869001,0,96444
32875682879431,1,96444
32875682942873,0,96444
32875682949092,1,96444
32875683005793,0,96444
32875683010841,1,96444
32875683022455,0,96445
32875683030552,1,96445
32875683093483,0,96445
32875683098975,1,96445
32875683109123,0,96446
32875683117958,1,96446
32875683179739,0,96446
32875683187142,1,96446
32875683243539,0,96446
32875683250529,1,96446
32875683306036,0,96446
32875683312017,1,96446
32875683366927,0,96446
32875683372408,1,96446
32875683427731,0,96446
32875683434309,1,96446
32875683469575,0,96443
32875683475457,1,96443
32875683486040,0,96443
32875683490175,1,96443
32875683507866,0,96445
32875683518785,1,96445
32875683549558,0,96443
32875683554713,1,96443
32875683568236,0,96444
32875683578048,1,96444
32875683599996,0,96446
32875683608658,1,96446
32875683639330,0,96444
32875683645202,1,96444
32875683672208,0,96446
32875683678731,1,96446
32875683702185,0,96444
32875683707992,1,96444
32875683723949,0,96443
32875683732697,1,96443
32875683749823,0,96445
32875683757649,1,96445
32875683794326,0,96443
32875683799492,1,96443
32875683812288,0,96444
32875683820862,1,96444
32875683881590,0,96444
32875683886182,1,96444
32875683894367,0,96443
32875683901259,1,96443
32875683962389,0,96443
32875683969281,1,96443
32875684025820,0,96443
32875684030910,1,96443
32875684041200,0,96443
32875684044944,1,96443
32875684100810,0,96443
32875684105184,1,96443
32875684160409,0,96443
32875684166531,1,96443
32875684179511,0,96445
32875684187988,1,96445
32875684249649,0,96445
32875684257084,1,96445
32875684267744,0,96446
32875684277372,1,96446
32875684341085,0,96446
32875684346620,1,96446
32875684403473,0,96446
32875684409812,1,96446
32875684418148,0,96443
32875684425257,1,96443
32875684486658,0,96443
32875684492801,1,96443
32875684502286,0,96445
32875684510514,1,96445
32875684574465,0,96445
32875684581423,1,96445
32875684638005,0,96445
32875684643182,1,96445
32875684656001,0,96446
32875684664771,1,96446
32875684727442,0,96446
32875684734269,1,96446
32875684744341,0,96443
32875684754522,1,96443
32875684790981,0,96446
32875684795572,1,96446
32875684816574,0,96443
32875684822685,1,96443
32875684851546,0,96446
32875684857689,1,96446
32875684872765,0,96444
32875684882610,1,96444
32875684944597,0,96444
32875684951240,1,96444
32875684961605,0,96444
32875684966153,1,96444
32875685022094,0,96444
32875685028563,1,96444
32875685041861,0,96443
32875685051304,1,96443
32875685113465,0,96443
32875685119380,1,96443
32875685128626,0,96445
32875685137624,1,96445
32875685200805,0,96445
32875685206851,1,96445
32875685263606,0,96445
32875685268881,1,96445
32875685324823,0,96445
32875685331390,1,96445
32875685386864,0,96445
32875685391575,1,96445
32875685401854,0,96445
32875685406553,1,96445
32875685461474,0,96445
32875685467292,1,96445
32875685478266,0,96444
32875685487470,1,96444
32875685552235,0,96444
32875685558433,1,96444
32875685614375,0,96444
32875685619780,1,96444
32875685631405,0,96446
32875685639100,1,96446
32875685702216,0,96446
32875685708294,1,96446
32875685764030,0,96446
32875685769391,1,96446
32875685782600,0,96443
32875685790220,1,96443
32875685852663,0,96443
32875685860174,1,96443
32875685916636,0,96443
32875685922042,1,96443
32875685932625,0,96445
32875685941091,1,96445
32875686003588,0,96445
32875686009883,1,96445
32875686021064,0,96446
32875686029443,1,96446
32875686094904,0,96446
32875686099386,1,96446
32875686155860,0,96446
32875686161949,1,96446
32875686171423,0,96443
32875686179867,1,96443
32875686241116,0,96443
32875686246836,1,96443
32875686302495,0,96443
32875686309388,1,96443
32875686365622,0,96443
32875686371147,1,96443
32875686381806,0,96446
32875686391336,1,96446
32875686455211,0,96446
32875686461615,1,96446
32875686517622,0,96446
32875686523222,1,96446
32875686533392,0,96446
32875686537202,1,96446
32875686592319,0,96446
32875686598972,1,96446
32875686654545,0,96446
32875686659907,1,96446
32875686673267,0,96445
32875686681419,1,96445
32875686744394,0,96445
32875686751177,1,96445
32875686806988,0,96445
32875686811873,1,96445
32875686822162,0,96445
32875686826406,1,96445
32875686882131,0,96445
32875686887373,1,96445
32875686897175,0,96446
32875686903361,1,96446
32875686965012,0,96446
32875686969885,1,96446
32875686980305,0,96444
32875686988055,1,96444
32875687049933,0,96444
32875687056815,1,96444
32875687113006,0,96444
32875687118769,1,96444
32875687129156,0,96444
32875687133715,1,96444
32875687188832,0,96444
32875687193824,1,96444
32875687202443,0,96446
32875687210659,1,96446
32875687248648,0,96444
32875687254227,1,96444
32875687263735,0,96443
32875687271192,1,96443
32875687287863,0,96445
32875687295711,1,96445
32875687333993,0,96443
32875687340071,1,96443
32875687358490,0,96445
32875687364254,1,96445
32875687396620,0,96443
32875687401711,1,96443
32875687409808,0,96444
32875687416201,1,96444
32875687433383,0,96446
32875687448904,1,96446
32875687477265,0,96444
32875687484462,1,96444
32875687510566,0,96446
32875687516644,1,96446
32875687541032,0,96444
32875687547046,1,96444
32875687557726,0,96443
32875687568471,1,96443
32875687585686,0,96445
32875687592893,1,96445
32875687629395,0,96443
32875687634865,1,96443
32875687653773,0,96445
32875687659070,1,96445
32875687690948,0,96443
32875687697319,1,96443
32875687716118,0,96444
32875687723955,1,96444
32875687783945,0,96444
32875687789578,1,96444
32875687803288,0,96443
32875687811982,1,96443
32875687875716,0,96443
32875687881871,1,96443
32875687891833,0,96445
32875687901819,1,96445
32875687938246,0,96443
32875687942729,1,96443
32875687953029,0,96443
32875687958543,1,96443
32875687965705,0,96445
32875687972142,1,96445
32875687989139,0,96445
32875687994219,1,96445
32875688015603,0,96443
32875688020943,1,96443
32875688049422,0,96445
32875688054654,1,96445
32875688076537,0,96443
32875688081432,1,96443
32875688091809,0,96446
32875688103043,1,96446
32875688114839,0,96445
32875688120125,1,96445
32875688130480,0,96444
32875688140704,1,96444
32875688167049,0,96446
32875688172888,1,96446
32875688203332,0,96444
32875688209312,1,96444
32875688230056,0,96446
32875688235765,1,96446
32875688243818,0,96443
32875688250439,1,96443
32875688265406,0,96444
32875688272352,1,96444
32875688311157,0,96443
32875688316497,1,96443
32875688328272,0,96444
32875688334676,1,96444
32875688343348,0,96445
32875688350555,1,96445
32875688391019,0,96444
32875688397466,1,96444
32875688411446,0,96445
32875688417622,1,96445
32875688453321,0,96444
32875688458227,1,96444
32875688474334,0,96445
32875688479218,1,96445
32875688487555,0,96443
32875688494643,1,96443
32875688535724,0,96445
32875688540945,1,96445
32875688556684,0,96443
32875688563490,1,96443
32875688597440,0,96445
32875688602954,1,96445
32875688615459,0,96446
32875688623241,1,96446
32875688636351,0,96444
32875688644937,1,96444
32875688684469,0,96446
32875688690145,1,96446
32875688716161,0,96444
32875688722098,1,96444
32875688745021,0,96444
32875688751284,1,96444
32875688762051,0,96445
32875688770886,1,96445
32875688844183,0,96445
32875688850110,1,96445
32875688860443,0,96445
32875688865001,1,96445
32875688920813,0,96445
32875688926717,1,96445
32875688982127,0,96445
32875688987369,1,96445
32875689001523,0,96443
32875689009609,1,96443
32875689071596,0,96443
32875689077045,1,96443
32875689132498,0,96443
32875689139162,1,96443
32875689150363,0,96444
32875689159752,1,96444
32875689222792,0,96444
32875689230053,1,96444
32875689239616,0,96445
32875689249287,1,96445
32875689286516,0,96444
32875689292160,1,96444
32875689316842,0,96445
32875689325568,1,96445
32875689347797,0,96444
32875689353800,1,96444
32875689368606,0,96446
32875689376812,1,96446
32875689393645,0,96445
32875689400830,1,96445
32875689440449,0,96446
32875689446701,1,96446
32875689456934,0,96445
32875689463414,1,96445
32875689503673,0,96446
32875689509675,1,96446
32875689520571,0,96445
32875689525694,1,96445
32875689570783,0,96446
32875689579716,1,96446
32875689598652,0,96443
32875689606412,1,96443
32875689654587,0,96446
32875689663118,1,96446
32875689682694,0,96443
32875689690172,1,96443
32875689700769,0,96445
32875689710158,1,96445
32875689738488,0,96446
32875689746933,1,96446
32875689773805,0,96445
32875689780339,1,96445
32875689824645,0,96444
32875689834881,1,96444
32875689845908,0,96445
32875689853474,1,96445
32875689864134,0,96443
32875689872795,1,96443
32875689897693,0,96444
32875689903424,1,96444
32875689914842,0,96446
32875689924426,1,96446
32875689950933,0,96443
32875689961537,1,96443
32875689987868,0,96446
32875689994640,1,96446
32875690027529,0,96443
32875690033456,1,96443
32875690051852,0,96446
32875690057919,1,96446
32875690068404,0,96446
32875690073267,1,96446
32875690101521,0,96443
32875690109596,1,96443
32875690129490,0,96446
32875690134385,1,96446
32875690144360,0,96444
32875690153163,1,96444
32875690176023,0,96443
32875690181254,1,96443
32875690216387,0,96444
32875690222379,1,96444
32875690244457,0,96443
32875690250763,1,96443
32875690261107,0,96443
32875690265101,1,96443
32875690278179,0,96444
32875690284876,1,96444
32875690297770,0,96446
32875690305900,1,96446
32875690327175,0,96443
32875690333340,1,96443
32875690346190,0,96445
32875690355058,1,96445
32875690366986,0,96446
32875690372880,1,96446
32875690420204,0,96445
32875690426184,1,96445
32875690441000,0,96444
32875690448163,1,96444
32875690483407,0,96445
32875690489322,1,96445
32875690504398,0,96443
32875690512093,1,96443
32875690525890,0,96446
32875690534324,1,96446
32875690574753,0,96443
32875690579855,1,96443
32875690598742,0,96446
32875690606253,1,96446
32875690636339,0,96443
32875690641592,1,96443
32875690650471,0,96445
32875690656821,1,96445
32875690680232,0,96444
32875690689230,1,96444
32875690718905,0,96445
32875690724180,1,96445
32875690751641,0,96444
32875690757198,1,96444
32875690808755,0,96445
32875690814138,1,96445
32875690826481,0,96446
32875690833850,1,96446
32875690850207,0,96446
32875690854061,1,96446
32875690861776,0,96444
32875690867550,1,96444
32875690884320,0,96443
32875690891874,1,96443
32875690924631,0,96444
32875690930558,1,96444
32875690941479,0,96446
32875690947524,1,96446
32875690962784,0,96445
32875690970957,1,96445
32875691009414,0,96446
32875691015177,1,96446
32875691025673,0,96446
32875691031556,1,96446
32875691049203,0,96443
32875691058548,1,96443
32875691121349,0,96443
32875691126971,1,96443
32875691183890,0,96443
32875691190706,1,96443
32875691200735,0,96444
32875691208995,1,96444
32875691247288,0,96443
32875691253572,1,96443
32875691261465,0,96446
32875691268585,1,96446
32875691280545,0,96445
32875691286797,1,96445
32875691330398,0,96446
32875691336802,1,96446
32875691347179,0,96446
32875691350424,1,96446
32875691369406,0,96444
32875691378306,1,96444
32875691406876,0,96446
32875691412531,1,96446
32875691420952,0,96445
32875691427301,1,96445
32875691441151,0,96444
32875691446936,1,96444
32875691489571,0,96445
32875691495171,1,96445
32875691503074,0,96446
32875691510672,1,96446
32875691571867,0,96446
32875691578162,1,96446
32875691592488,0,96444
32875691601149,1,96444
32875691664244,0,96444
32875691670615,1,96444
32875691680416,0,96445
32875691689403,1,96445
32875691752693,0,96445
32875691758217,1,96445
32875691815678,0,96445
32875691820649,1,96445
32875691829465,0,96446
32875691836422,1,96446
32875691897096,0,96446
32875691902512,1,96446
32875691911486,0,96444
32875691919052,1,96444
32875691980670,0,96444
32875691987236,1,96444
32875692000729,0,96443
32875692008707,1,96443
32875692073245,0,96443
32875692080365,1,96443
32875692137120,0,96443
32875692142819,1,96443
32875692155019,0,96446
32875692162486,1,96446
32875692224886,0,96446
32875692229683,1,96446
32875692238636,0,96444
32875692246234,1,96444
32875692307353,0,96444
32875692313247,1,96444
32875692325208,0,96445
32875692333848,1,96445
32875692396909,0,96445
32875692401750,1,96445
32875692412300,0,96443
32875692422199,1,96443
32875692485109,0,96443
32875692490308,1,96443
32875692500447,0,96446
32875692508750,1,96446
32875692571964,0,96446
32875692578020,1,96446
32875692586745,0,96444
32875692594397,1,96444
32875692634743,0,96446
32875692640550,1,96446
32875692650916,0,96446
32875692654530,1,96446
32875692668942,0,96443
32875692678266,1,96443
32875692710645,0,96446
32875692716930,1,96446
32875692731744,0,96445
32875692740015,1,96445
32875692755101,0,96444
32875692760811,1,96444
32875692804183,0,96445
32875692809806,1,96445
32875692822754,0,96444
32875692828713,1,96444
32875692839372,0,96443
32875692848847,1,96443
32875692885403,0,96444
32875692890233,1,96444
32875692898830,0,96445
32875692905733,1,96445
32875692924197,0,96446
32875692932446,1,96446
32875692967373,0,96445
32875692973039,1,96445
32875692983263,0,96444
32875692992283,1,96444
32875693010376,0,96443
32875693048441,1,96443
32875693063930,0,96444
32875693070486,1,96444
32875693111362,0,96443
32875693117548,1,96443
32875693127795,0,96444
32875693133677,1,96444
32875693141689,0,96446
32875693148213,1,96446
32875693190954,0,96444
32875693197206,1,96444
32875693208941,0,96446
32875693213814,1,96446
32875693225079,0,96445
32875693233534,1,96445
32875693250922,0,96445
32875693256208,1,96445
32875693266650,0,96445
32875693271773,1,96445
32875693285852,0,96443
32875693294263,1,96443
32875693357998,0,96443
32875693364608,1,96443
32875693374940,0,96445
32875693384524,1,96445
32875693400924,0,96445
32875693405429,1,96445
32875693415577,0,96445
32875693419419,1,96445
32875693435917,0,96445
32875693440064,1,96445
32875693496124,0,96445
32875693500879,1,96445
32875693511125,0,96445
32875693515553,1,96445
32875693571636,0,96445
32875693576325,1,96445
32875693587776,0,96443
32875693595970,1,96443
32875693659108,0,96443
32875693665957,1,96443
32875693722430,0,96443
32875693727390,1,96443
32875693782952,0,96443
32875693789551,1,96443
32875693845167,0,96443
32875693851571,1,96443
32875693862892,0,96445
32875693871825,1,96445
32875693935158,0,96445
32875693940595,1,96445
32875693953034,0,96446
32875693963595,1,96446
32875693986128,0,96444
32875693994160,1,96444
32875694004710,0,96444
32875694010853,1,96444
32875694021251,0,96444
32875694025734,1,96444
32875694045251,0,96443
32875694054129,1,96443
32875694092746,0,96444
32875694098097,1,96444
32875694109136,0,96445
32875694118427,1,96445
32875694133644,0,96446
32875694142414,1,96446
32875694181467,0,96445
32875694187165,1,96445
32875694197172,0,96444
32875694203316,1,96444
32875694215669,0,96443
32875694223212,1,96443
32875694264858,0,96444
32875694270426,1,96444
32875694285395,0,96443
32875694290149,1,96443
32875694300504,0,96443
32875694305095,1,96443
32875694326432,0,96444
32875694332576,1,96444
32875694340629,0,96445
32875694348466,1,96445
32875694361948,0,96443
32875694366659,1,96443
32875694379011,0,96446
32875694388280,1,96446
32875694410312,0,96445
32875694417704,1,96445
32875694430164,0,96444
32875694437523,1,96444
32875694452264,0,96446
32875694459374,1,96446
32875694508367,0,96445
32875694514934,1,96445
32875694530250,0,96443
32875694537924,1,96443
32875694576237,0,96445
32875694582804,1,96445
32875694592768,0,96444
32875694600072,1,96444
32875694612849,0,96446
32875694619763,1,96446
32875694661354,0,96444
32875694665771,1,96444
32875694676473,0,96444
32875694682649,1,96444
32875694696097,0,96443
32875694706572,1,96443
32875694740620,0,96444
32875694746449,1,96444
32875694769980,0,96443
32875694776080,1,96443
32875694784103,0,96446
32875694790561,1,96446
32875694802488,0,96444
32875694808067,1,96444
32875694829102,0,96445
32875694839262,1,96445
32875694851224,0,96446
32875694857194,1,96446
32875694902313,0,96445
32875694906741,1,96445
32875694914199,0,96446
32875694919648,1,96446
32875694928210,0,96443
32875694937284,1,96443
32875694976002,0,96446
32875694980571,1,96446
32875694991217,0,96444
32875694999640,1,96444
32875695060672,0,96444
32875695065024,1,96444
32875695076412,0,96446
32875695083152,1,96446
32875695143978,0,96446
32875695150718,1,96446
32875695162690,0,96443
32875695169213,1,96443
32875695231982,0,96443
32875695238071,1,96443
32875695295087,0,96443
32875695300210,1,96443
32875695312321,0,96444
32875695323056,1,96444
32875695386096,0,96444
32875695391490,1,96444
32875695404072,0,96446
32875695412006,1,96446
32875695474178,0,96446
32875695481396,1,96446
32875695491402,0,96445
32875695499293,1,96445
32875695561681,0,96445
32875695568519,1,96445
32875695578201,0,96443
32875695586906,1,96443
32875695624048,0,96445
32875695631711,1,96445
32875695642999,0,96444
32875695652518,1,96444
32875695668875,0,96446
32875695677970,1,96446
32875695715254,0,96444
32875695720898,1,96444
32875695740565,0,96446
32875695747653,1,96446
32875695776948,0,96444
32875695783004,1,96444
32875695790993,0,96445
32875695800132,1,96445
32875695815718,0,96443
32875695823533,1,96443
32875695861012,0,96445
32875695867275,1,96445
32875695877250,0,96444
32875695885390,1,96444
32875695898588,0,96446
32875695904591,1,96446
32875695945988,0,96444
32875695952316,1,96444
32875695965579,0,96446
32875695972048,1,96446
32875696008409,0,96444
32875696014856,1,96444
32875696028522,0,96446
32875696035501,1,96446
32875696071416,0,96444
32875696075791,1,96444
32875696084854,0,96445
32875696093342,1,96445
32875696155535,0,96445
32875696160734,1,96445
32875696171230,0,96445
32875696175919,1,96445
32875696232034,0,96445
32875696237754,1,96445
32875696247989,0,96445
32875696253460,1,96445
32875696308359,0,96445
32875696314025,1,96445
32875696368924,0,96445
32875696375676,1,96445
32875696389883,0,96444
32875696408031,1,96444
32875696470800,0,96444
32875696475706,1,96444
32875696486060,0,96444
32875696490934,1,96444
32875696546788,0,96444
32875696552194,1,96444
32875696562635,0,96444
32875696568344,1,96444
32875696624405,0,96444
32875696629886,1,96444
32875696638874,0,96445
32875696645918,1,96445
32875696707026,0,96445
32875696712507,1,96445
32875696723524,0,96445
32875696727529,1,96445
32875696783254,0,96445
32875696788919,1,96445
32875696801846,0,96443
32875696810345,1,96443
32875696872549,0,96443
32875696878052,1,96443
32875696889774,0,96444
32875696899402,1,96444
32875696963657,0,96444
32875696968976,1,96444
32875696979907,0,96446
32875696988298,1,96446
32875697051348,0,96446
32875697057047,1,96446
32875697113726,0,96446
32875697118686,1,96446
32875697128987,0,96446
32875697132384,1,96446
32875697188119,0,96446
32875697192754,1,96446
32875697202913,0,96446
32875697207439,1,96446
32875697262806,0,96446
32875697268157,1,96446
32875697323219,0,96446
32875697329351,1,96446
32875697339966,0,96443
32875697348617,1,96443
32875697411961,0,96443
32875697417561,1,96443
32875697428968,0,96444
32875697438845,1,96444
32875697501407,0,96444
32875697506943,1,96444
32875697563340,0,96444
32875697570276,1,96444
32875697580652,0,96444
32875697584288,1,96444
32875697639654,0,96444
32875697645429,1,96444
32875697657282,0,96443
32875697664956,1,96443
32875697726922,0,96443
32875697733716,1,96443
32875697790331,0,96443
32875697795117,1,96443
32875697805396,0,96443
32875697810117,1,96443
32875697866428,0,96443
32875697872408,1,96443
32875697882763,0,96443
32875697887788,1,96443
32875697942938,0,96443
32875697947572,1,96443
32875698003275,0,96443
32875698008213,1,96443
32875698018623,0,96446
32875698028380,1,96446
32875698091703,0,96446
32875698097477,1,96446
32875698154330,0,96446
32875698161266,1,96446
32875698176351,0,96445
32875698185425,1,96445
32875698247846,0,96445
32875698253990,1,96445
32875698309291,0,96445
32875698315054,1,96445
32875698325322,0,96445
32875698329968,1,96445
32875698386224,0,96445
32875698390717,1,96445
32875698401573,0,96446
32875698409876,1,96446
32875698471397,0,96446
32875698478191,1,96446
32875698533894,0,96446
32875698540309,1,96446
32875698553451,0,96444
32875698563448,1,96444
32875698627117,0,96444
32875698632544,1,96444
32875698642237,0,96445
32875698651430,1,96445
32875698715078,0,96445
32875698729232,1,96445
32875698786921,0,96445
32875698792803,1,96445
32875698806153,0,96446
32875698814511,1,96446
32875698876628,0,96446
32875698883445,1,96446
32875698897935,0,96444
32875698906303,1,96444
32875698969636,0,96444
32875698974770,1,96444
32875698985212,0,96444
32875698990248,1,96444
32875699046634,0,96444
32875699053385,1,96444
32875699110260,0,96444
32875699115177,1,96444
32875699125586,0,96444
32875699129472,1,96444
32875699184046,0,96444
32875699188941,1,96444
32875699202890,0,96443
32875699212995,1,96443
32875699275850,0,96443
32875699282080,1,96443
32875699338130,0,96443
32875699344002,1,96443
32875699354954,0,96443
32875699359111,1,96443
32875699414998,0,96443
32875699420458,1,96443
32875699430693,0,96443
32875699435859,1,96443
32875699491367,0,96443
32875699498172,1,96443
32875699510089,0,96445
32875699518728,1,96445
32875699581920,0,96445
32875699588389,1,96445
32875699599180,0,96446
32875699607212,1,96446
32875699669231,0,96446
32875699675928,1,96446
32875699686118,0,96444
32875699695008,1,96444
32875699733053,0,96446
32875699738089,1,96446
32875699754858,0,96446
32875699760481,1,96446
32875699771778,0,96445
32875699781112,1,96445
32875699814740,0,96446
32875699821230,1,96446
32875699831563,0,96446
32875699837262,1,96446
32875699844587,0,96445
32875699850426,1,96445
32875699863125,0,96444
32875699872807,1,96444
32875699893225,0,96446
32875699898902,1,96446
32875699912968,0,96443
32875699922226,1,96443
32875699937996,0,96444
32875699944150,1,96444
32875699965739,0,96445
32875699974715,1,96445
32875699986493,0,96443
32875699991518,1,96443
32875699999659,0,96446
32875700063122,1,96446
32875700124057,0,96446
32875700130699,1,96446
32875700187270,0,96446
32875700192317,1,96446
32875700202629,0,96446
32875700206612,1,96446
32875700262098,0,96446
32875700267264,1,96446
32875700277456,0,96446
32875700281038,1,96446
32875700336426,0,96446
32875700341288,1,96446
32875700353618,0,96443
32875700364266,1,96443
32875700443619,0,96443
32875700450653,1,96443
32875700517839,0,96443
32875700523537,1,96443
32875700537223,0,96444
32875700546405,1,96444
32875700609369,0,96444
32875700615491,1,96444
32875700624479,0,96446
32875700632121,1,96446
32875700693370,0,96446
32875700700664,1,96446
32875700756714,0,96446
32875700763226,1,96446
32875700819146,0,96446
32875700823911,1,96446
32875700835653,0,96444
32875700844141,1,96444
32875700907094,0,96444
32875700913715,1,96444
32875700969754,0,96444
32875700974530,1,96444
32875700984754,0,96444
32875700988879,1,96444
32875701044071,0,96444
32875701050280,1,96444
32875701061513,0,96444
32875701065660,1,96444
32875701121286,0,96444
32875701126778,1,96444
32875701138892,0,96445
32875701148205,1,96445
32875701211266,0,96445
32875701218571,1,96445
32875701274860,0,96445
32875701280558,1,96445
32875701336109,0,96445
32875701342882,1,96445
32875701353225,0,96445
32875701358045,1,96445
32875701368084,0,96444
32875701378395,1,96444
32875701440708,0,96444
32875701446754,1,96444
32875701459281,0,96443
32875701467736,1,96443
32875701531264,0,96443
32875701551843,1,96443
32875701609218,0,96443
32875701615383,1,96443
32875701625150,0,96445
32875701634701,1,96445
32875701697296,0,96445
32875701704156,1,96445
32875701717886,0,96444
32875701726146,1,96444
32875701787862,0,96444
32875701792594,1,96444
32875701802819,0,96444
32875701805814,1,96444
32875701861083,0,96444
32875701865566,1,96444
32875701877571,0,96443
32875701883975,1,96443
32875701945452,0,96443
32875701951802,1,96443
32875702007450,0,96443
32875702012259,1,96443
32875702022472,0,96443
32875702025804,1,96443
32875702081529,0,96443
32875702085773,1,96443
32875702096030,0,96443
32875702099883,1,96443
32875702109563,0,96444
32875702117747,1,96444
32875702155195,0,96443
32875702161729,1,96443
32875702179940,0,96444
32875702185085,1,96444
32875702195494,0,96444
32875702199510,1,96444
32875702218604,0,96443
32875702223944,1,96443
32875702234558,0,96445
32875702244750,1,96445
32875702255441,0,96444
32875702260824,1,96444
32875702273959,0,96446
32875702283912,1,96446
32875702307681,0,96445
32875702312326,1,96445
32875702347538,0,96446
32875702354246,1,96446
32875702362461,0,96444
32875702370113,1,96444
32875702383541,0,96443
32875702390607,1,96443
32875702430244,0,96444
32875702437234,1,96444
32875702445886,0,96446
32875702452464,1,96446
32875702513398,0,96446
32875702518988,1,96446
32875702530491,0,96444
32875702537937,1,96444
32875702599067,0,96444
32875702605731,1,96444
32875702615467,0,96443
32875702625366,1,96443
32875702662150,0,96444
32875702668001,1,96444
32875702686051,0,96444
32875702690675,1,96444
32875702702279,0,96446
32875702708477,1,96446
32875702770388,0,96446
32875702777085,1,96446
32875702789339,0,96443
32875702797479,1,96443
32875702860345,0,96443
32875702866044,1,96443
32875702876322,0,96443
32875702880512,1,96443
32875702936508,0,96443
32875702944171,1,96443
32875702999602,0,96443
32875703007048,1,96443
32875703018282,0,96443
32875703022732,1,96443
32875703077751,0,96443
32875703083340,1,96443
32875703093511,0,96443
32875703097820,1,96443
32875703152611,0,96443
32875703158613,1,96443
32875703168946,0,96443
32875703172517,1,96443
32875703227568,0,96443
32875703232333,1,96443
32875703246876,0,96446
32875703255538,1,96446
32875703318914,0,96446
32875703324254,1,96446
32875703338397,0,96444
32875703347720,1,96444
32875703409740,0,96444
32875703416687,1,96444
32875703428681,0,96445
32875703436637,1,96445
32875703500360,0,96445
32875703507860,1,96445
32875703517672,0,96443
32875703526334,1,96443
32875703587941,0,96443
32875703594041,1,96443
32875703607999,0,96446
32875703616020,1,96446
32875703678485,0,96446
32875703685019,1,96446
32875703695330,0,96444
32875703704751,1,96444
32875703767335,0,96444
32875703773283,1,96444
32875703829605,0,96444
32875703836171,1,96444
32875703847188,0,96444
32875703851584,1,96444
32875703907113,0,96444
32875703911455,1,96444
32875703921657,0,96444
32875703925445,1,96444
32875703979835,0,96444
32875703985815,1,96444
32875704040552,0,96444
32875704045534,1,96444
32875704059710,0,96443
32875704068524,1,96443
32875704132291,0,96443
32875704139563,1,96443
32875704151317,0,96446
32875704159805,1,96446
32875704222139,0,96446
32875704228760,1,96446
32875704285515,0,96446
32875704291355,1,96446
32875704305020,0,96444
32875704313432,1,96444
32875704378404,0,96444
32875704384525,1,96444
32875704442095,0,96444
32875704448065,1,96444
32875704511213,0,96444
32875704518095,1,96444
32875704533465,0,96446
32875704543462,1,96446
32875704607870,0,96446
32875704614089,1,96446
32875704673004,0,96446
32875704677943,1,96446
32875704686939,0,96445
32875704695340,1,96445
32875704735035,0,96446
32875704741026,1,96446
32875704750218,0,96444
32875704757175,1,96444
32875704771199,0,96443
32875704779306,1,96443
32875704819423,0,96444
32875704825208,1,96444
32875704834142,0,96446
32875704841252,1,96446
32875704852777,0,96445
32875704859757,1,96445
32875704902664,0,96446
32875704906712,1,96446
32875704917782,0,96444
32875704925010,1,96444
32875704985923,0,96444
32875704993206,1,96444
32875705049440,0,96444
32875705054770,1,96444
32875705112350,0,96444
32875705117896,1,96444
32875705174120,0,96444
32875705179059,1,96444
32875705235217,0,96444
32875705240329,1,96444
32875705296151,0,96444
32875705302968,1,96444
32875705316515,0,96443
32875705325828,1,96443
32875705388347,0,96443
32875705393502,1,96443
32875705403770,0,96443
32875705407569,1,96443
32875705462946,0,96443
32875705468199,1,96443
32875705479681,0,96445
32875705488875,1,96445
32875705552023,0,96445
32875705557884,1,96445
32875705614477,0,96445
32875705620241,1,96445
32875705630487,0,96445
32875705634741,1,96445
32875705702525,0,96445
32875705710904,1,96445
32875705787750,0,96445
32875705795663,1,96445
32875705805867,0,96444
32875705814376,1,96444
32875705888259,0,96444
32875705893903,1,96444
32875705906549,0,96446
32875705914537,1,96446
32875705978532,0,96446
32875705986141,1,96446
32875706043168,0,96446
32875706049615,1,96446
32875706059469,0,96445
32875706069291,1,96445
32875706106208,0,96446
32875706112199,1,96446
32875706123865,0,96444
32875706133808,1,96444
32875706147915,0,96443
32875706157401,1,96443
32875706199767,0,96444
32875706207029,1,96444
32875706216765,0,96446
32875706226056,1,96446
32875706242794,0,96445
32875706255265,1,96445
32875706302446,0,96444
32875706308828,1,96444
32875706353895,0,96445
32875706361504,1,96445
32875706369947,0,96444
32875706375786,1,96444
32875706393001,0,96444
32875706397006,1,96444
32875706430199,0,96445
32875706438600,1,96445
32875706451395,0,96444
32875706456345,1,96444
32875706464843,0,96446
32875706471942,1,96446
32875706509726,0,96445
32875706516401,1,96445
32875706531921,0,96446
32875706538509,1,96446
32875706550383,0,96444
32875706556863,1,96444
32875706572994,0,96445
32875706578605,1,96445
32875706617211,0,96444
32875706622714,1,96444
32875706635154,0,96445
32875706642644,1,96445
32875706698715,0,96445
32875706704305,1,96445
32875706760268,0,96445
32875706766802,1,96445
32875706780108,0,96444
32875706789931,1,96444
32875706854447,0,96444
32875706860265,1,96444
32875706871509,0,96443
32875706879357,1,96443
32875706941246,0,96443
32875706947270,1,96443
32875706960935,0,96446
32875706971171,1,96446
32875707033624,0,96446
32875707041016,1,96446
32875707097826,0,96446
32875707103361,1,96446
32875707113531,0,96446
32875707117971,1,96446
32875707173652,0,96446
32875707179600,1,96446
32875707192984,0,96443
32875707201211,1,96443
32875707264968,0,96443
32875707272489,1,96443
32875707329798,0,96443
32875707335171,1,96443
32875707345678,0,96443
32875707349216,1,96443
32875707405472,0,96443
32875707412126,1,96443
32875707422437,0,96443
32875707426725,1,96443
32875707481754,0,96443
32875707488744,1,96443
32875707499142,0,96443
32875707502724,1,96443
32875707557960,0,96443
32875707564244,1,96443
32875707577127,0,96444
32875707586993,1,96444
32875707649827,0,96444
32875707656133,1,96444
32875707666423,0,96444
32875707670862,1,96444
32875707727303,0,96444
32875707734640,1,96444
32875707745907,0,96445
32875707756012,1,96445
32875707820191,0,96445
32875707825445,1,96445
32875707835202,0,96443
32875707843679,1,96443
32875707905992,0,96443
32875707912710,1,96443
32875707969487,0,96443
32875707975229,1,96443
32875707985660,0,96443
32875707989437,1,96443
32875708045867,0,96443
32875708051305,1,96443
32875708107300,0,96443
32875708112912,1,96443
32875708126827,0,96446
32875708137562,1,96446
32875708200504,0,96446
32875708207114,1,96446
32875708219357,0,96444
32875708227693,1,96444
32875708290136,0,96444
32875708297299,1,96444
32875708353284,0,96444
32875708358071,1,96444
32875708368328,0,96444
32875708372724,1,96444
32875708427775,0,96444
32875708433636,1,96444
32875708443915,0,96444
32875708449244,1,96444
32875708504947,0,96444
32875708510884,1,96444
32875708588817,0,96443
32875708600366,1,96443
32875708672111,0,96443
32875708678612,1,96443
32875708690539,0,96446
32875708698398,1,96446
32875708760547,0,96446
32875708766984,1,96446
32875708822708,0,96446
32875708828591,1,96446
32875708838935,0,96446
32875708844514,1,96446
32875708900727,0,96446
32875708905188,1,96446
32875708912819,0,96443
32875708919039,1,96443
32875708980581,0,96443
32875708986561,1,96443
32875708996502,0,96445
32875709005804,1,96445
32875709067759,0,96445
32875709075248,1,96445
32875709088967,0,96444
32875709099398,1,96444
32875709163274,0,96444
32875709170068,1,96444
32875709227421,0,96444
32875709233499,1,96444
32875709242259,0,96443
32875709249835,1,96443
32875709289549,0,96444
32875709295019,1,96444
32875709311812,0,96443
32875709318237,1,96443
32875709329220,0,96446
32875709337719,1,96446
32875709351373,0,96444
32875709356941,1,96444
32875709365614,0,96445
32875709374253,1,96445
32875709401106,0,96446
32875709406718,1,96446
32875709418234,0,96443
32875709427166,1,96443
32875709438900,0,96445
32875709444967,1,96445
32875709453205,0,96444
32875709460184,1,96444
32875709492106,0,96443
32875709497674,1,96443
32875709507964,0,96443
32875709511643,1,96443
32875709521086,0,96444
32875709526470,1,96444
32875709537801,0,96445
32875709547907,1,96445
32875709568388,0,96443
32875709575019,1,96443
32875709588393,0,96446
32875709597369,1,96446
32875709613258,0,96445
32875709619890,1,96445
32875709632752,0,96444
32875709640708,1,96444
32875709662928,0,96446
32875709668745,1,96446
32875709704616,0,96444
32875709711237,1,96444
32875709721852,0,96444
32875709726281,1,96444
32875709737818,0,96443
32875709746404,1,96443
32875709807664,0,96443
32875709812396,1,96443
32875709824618,0,96445
32875709834571,1,96445
32875709897622,0,96445
32875709903624,1,96445
32875709914109,0,96445
32875709920187,1,96445
32875709977116,0,96445
32875709981708,1,96445
32875709991976,0,96445
32875709995742,1,96445
32875710051444,0,96445
32875710057317,1,96445
32875710067530,0,96445
32875710071264,1,96445
32875710126402,0,96445
32875710131547,1,96445
32875710141760,0,96445
32875710144908,1,96445
32875710200263,0,96445
32875710205788,1,96445
32875710217640,0,96446
32875710227300,1,96446
32875710289331,0,96446
32875710296212,1,96446
32875710308576,0,96443
32875710317683,1,96443
32875710382481,0,96443
32875710387941,1,96443
32875710401941,0,96444
32875710411037,1,96444
32875710473404,0,96444
32875710481479,1,96444
32875710538289,0,96444
32875710545246,1,96444
32875710556167,0,96446
32875710565925,1,96446
32875710629117,0,96446
32875710636324,1,96446
32875710693524,0,96446
32875710699874,1,96446
32875710755924,0,96446
32875710761481,1,96446
32875710772463,0,96444
32875710781678,1,96444
32875710829968,0,96444
32875710835471,1,96444
32875710845717,0,96444
32875710851025,1,96444
32875710861151,0,96444
32875710866101,1,96444
32875710876184,0,96443
32875710885432,1,96443
32875710947451,0,96443
32875710952726,1,96443
32875710963114,0,96445
32875710973544,1,96445
32875711036986,0,96445
32875711042044,1,96445
32875711050588,0,96446
32875711057111,1,96446
32875711098463,0,96445
32875711103304,1,96445
32875711115569,0,96444
32875711125923,1,96444
32875711188909,0,96444
32875711194900,1,96444
32875711205353,0,96444
32875711208826,1,96444
32875711264659,0,96444
32875711269869,1,96444
32875711280886,0,96444
32875711284945,1,96444
32875711340583,0,96444
32875711346965,1,96444
32875711357277,0,96443
32875711367035,1,96443
32875711430998,0,96443
32875711435980,1,96443
32875711445953,0,96445
32875711456177,1,96445
32875711518827,0,96445
32875711523841,1,96445
32875711535184,0,96446
32875711545723,1,96446
32875711609262,0,96446
32875711614711,1,96446
32875711628756,0,96444
32875711637841,1,96444
32875711700620,0,96444
32875711706373,1,96444
32875711762651,0,96444
32875711768197,1,96444
32875711778573,0,96444
32875711784630,1,96444
32875711840788,0,96444
32875711846042,1,96444
32875711855561,0,96446
32875711863267,1,96446
32875711924885,0,96446
32875711930964,1,96446
32875711943478,0,96443
32875711951727,1,96443
32875712013627,0,96443
32875712021203,1,96443
32875712077525,0,96443
32875712082431,1,96443
32875712093990,0,96444
32875712102293,1,96444
32875712165789,0,96444
32875712171368,1,96444
32875712228818,0,96444
32875712234321,1,96444
32875712244817,0,96445
32875712252328,1,96445
32875712290653,0,96444
32875712296254,1,96444
32875712311548,0,96445
32875712317018,1,96445
32875712331345,0,96445
32875712335155,1,96445
32875712352551,0,96446
32875712361483,1,96446
32875712390391,0,96445
32875712395840,1,96445
32875712405543,0,96443
32875712413748,1,96443
32875712425077,0,96446
32875712429972,1,96446
32875712438810,0,96444
32875712445789,1,96444
32875712477288,0,96443
32875712483659,1,96443
32875712506789,0,96444
32875712513866,1,96444
32875712524947,0,96444
32875712528529,1,96444
32875712539655,0,96443
32875712546134,1,96443
32875712555926,0,96446
32875712564642,1,96446
32875712627660,0,96446
32875712633304,1,96446
32875712690212,0,96446
32875712694673,1,96446
32875712705006,0,96446
32875712708946,1,96446
32875712765908,0,96446
32875712771063,1,96446
32875712781320,0,96446
32875712785173,1,96446
32875712840550,0,96446
32875712846010,1,96446
32875712901734,0,96446
32875712906684,1,96446
32875712918840,0,96443
32875712926492,1,96443
32875712990085,0,96443
32875712997434,1,96443
32875713053853,0,96443
32875713059746,1,96443
32875713070045,0,96445
32875713080780,1,96445
32875713144601,0,96445
32875713149692,1,96445
32875713159960,0,96445
32875713164692,1,96445
32875713220948,0,96445
32875713226690,1,96445
32875713283087,0,96445
32875713288721,1,96445
32875713344228,0,96445
32875713350968,1,96445
32875713361399,0,96445
32875713366663,1,96445
32875713422594,0,96445
32875713427326,1,96445
32875713440709,0,96444
32875713449902,1,96444
32875713513626,0,96444
32875713519617,1,96444
32875713575895,0,96444
32875713581474,1,96444
32875713591948,0,96444
32875713598026,1,96444
32875713655021,0,96444
32875713660502,1,96444
32875713716346,0,96444
32875713721979,1,96444
32875713733214,0,96443
32875713742136,1,96443
32875713805057,0,96443
32875713811265,1,96443
32875713867901,0,96443
32875713873936,1,96443
32875713883682,0,96445
32875713891844,1,96445
32875713930203,0,96443
32875713937508,1,96443
32875713950586,0,96444
32875713959573,1,96444
32875713977505,0,96446
32875713986395,1,96446
32875714022710,0,96444
32875714028778,1,96444
32875714050726,0,96446
32875714056012,1,96446
32875714066506,0,96445
32875714076600,1,96445
32875714100068,0,96443
32875714106580,1,96443
32875714140324,0,96445
32875714146272,1,96445
32875714153958,0,96446
32875714160178,1,96446
32875714171227,0,96443
32875714177131,1,96443
32875714189872,0,96444
32875714198122,1,96444
32875714222100,0,96446
32875714227179,1,96446
32875714260847,0,96444
32875714267218,1,96444
32875714284011,0,96446
32875714289199,1,96446
32875714297370,0,96445
32875714305022,1,96445
32875714323355,0,96444
32875714328055,1,96444
32875714337065,0,96443
32875714343599,1,96443
32875714366369,0,96445
32875714371329,1,96445
32875714382098,0,96446
32875714388849,1,96446
32875714404761,0,96443
32875714411230,1,96443
32875714421138,0,96444
32875714428888,1,96444
32875714449881,0,96446
32875714455667,1,96446
32875714489128,0,96444
32875714494859,1,96444
32875714513181,0,96443
32875714519531,1,96443
32875714579510,0,96443
32875714585577,1,96443
32875714595845,0,96443
32875714599720,1,96443
32875714655108,0,96443
32875714661469,1,96443
32875714669653,0,96446
32875714676024,1,96446
32875714736752,0,96446
32875714742798,1,96446
32875714755593,0,96445
32875714765503,1,96445
32875714829053,0,96445
32875714834599,1,96445
32875714847884,0,96444
32875714858239,1,96444
32875714920942,0,96444
32875714927715,1,96444
32875714985111,0,96444
32875714991276,1,96444
32875715001642,0,96444
32875715006309,1,96444
32875715062945,0,96444
32875715070076,1,96444
32875715125844,0,96444
32875715131412,1,96444
32875715142137,0,96443
32875715149398,1,96443
32875715210886,0,96443
32875715216161,1,96443
32875715226625,0,96446
32875715233311,1,96446
32875715294582,0,96446
32875715300041,1,96446
32875715356894,0,96446
32875715373762,1,96446
32875715431418,0,96446
32875715437919,1,96446
32875715493579,0,96446
32875715498973,1,96446
32875715508067,0,96445
32875715515980,1,96445
32875715578119,0,96445
32875715584165,1,96445
32875715594682,0,96444
32875715603701,1,96444
32875715640616,0,96445
32875715645913,1,96445
32875715655507,0,96443
32875715664136,1,96443
32875715682035,0,96446
32875715691673,1,96446
32875715728110,0,96443
32875715733776,1,96443
32875715754203,0,96446
32875715761486,1,96446
32875715778668,0,96446
32875715783954,1,96446
32875715791519,0,96443
32875715797923,1,96443
32875715854526,0,96443
32875715861049,1,96443
32875715871230,0,96444
32875715879360,1,96444
32875715941770,0,96444
32875715947187,1,96444
32875715960266,0,96446
32875715968450,1,96446
32875716030621,0,96446
32875716036428,1,96446
32875716046088,0,96445
32875716057517,1,96445
32875716119993,0,96445
32875716125290,1,96445
32875716138837,0,96443
32875716147422,1,96443
32875716210223,0,96443
32875716215075,1,96443
32875716224517,0,96444
32875716233851,1,96444
32875716295741,0,96444
32875716301493,1,96444
32875716311739,0,96444
32875716315234,1,96444
32875716371784,0,96444
32875716376917,1,96444
32875716389270,0,96445
32875716399733,1,96445
32875716462849,0,96445
32875716467668,1,96445
32875716478500,0,96443
32875716486890,1,96443
32875716548812,0,96443
32875716555444,1,96443
32875716565724,0,96446
32875716574310,1,96446
32875716638424,0,96446
32875716645284,1,96446
32875716702354,0,96446
32875716707445,1,96446
32875716717832,0,96446
32875716724160,1,96446
32875716780264,0,96446
32875716785322,1,96446
32875716795688,0,96446
32875716799508,1,96446
32875716855460,0,96446
32875716860453,1,96446
32875716875300,0,96444
32875716884732,1,96444
32875716948749,0,96444
32875716954664,1,96444
32875717010692,0,96444
32875717017520,1,96444
32875717027885,0,96444
32875717032726,1,96444
32875717088895,0,96444
32875717094116,1,96444
32875717106111,0,96446
32875717113514,1,96446
32875717175957,0,96446
32875717182610,1,96446
32875717239084,0,96446
32875717245227,1,96446
32875717255462,0,96446
32875717259826,1,96446
32875717315441,0,96446
32875717321042,1,96446
32875717331332,0,96446
32875717336661,1,96446
32875717393145,0,96446
32875717399733,1,96446
32875717455176,0,96446
32875717460874,1,96446
32875717471760,0,96446
32875717477263,1,96446
32875717532966,0,96446
32875717539044,1,96446
32875717549670,0,96446
32875717553773,1,96446
32875717609161,0,96446
32875717614523,1,96446
32875717669911,0,96446
32875717675251,1,96446
32875717685660,0,96446
32875717690001,1,96446
32875717744977,0,96446
32875717751511,1,96446
32875717761877,0,96446
32875717765675,1,96446
32875717821118,0,96446
32875717827380,1,96446
32875717838092,0,96445
32875717847383,1,96445
32875717910358,0,96445
32875717916490,1,96445
32875717969555,0,96445
32875717975167,1,96445
32875718031434,0,96445
32875718038326,1,96445
32875718046598,0,96446
32875718053936,1,96446
32875718114696,0,96446
32875718121002,1,96446
32875718134407,0,96443
32875718142221,1,96443
32875718205902,0,96443
32875718211220,1,96443
32875718223006,0,96444
32875718232438,1,96444
32875718296412,0,96444
32875718302273,1,96444
32875718360439,0,96444
32875718366463,1,96444
32875718374692,0,96446
32875718382290,1,96446
32875718423317,0,96444
32875718429189,1,96444
32875718440064,0,96443
32875718450148,1,96443
32875718513774,0,96443
32875718520134,1,96443
32875718528741,0,96444
32875718535503,1,96444
32875718597404,0,96444
32875718602375,1,96444
32875718610408,0,96446
32875718616725,1,96446
32875718677453,0,96446
32875718684009,1,96446
32875718694178,0,96445
32875718702926,1,96445
32875718766183,0,96445
32875718772641,1,96445
32875718781856,0,96443
32875718790181,1,96443
32875718859245,0,96443
32875718864216,1,96443
32875718878348,0,96444
32875718888193,1,96444
32875718951417,0,96444
32875718957365,1,96444
32875719028969,0,96444
32875719035123,1,96444
32875719090012,0,96444
32875719095243,1,96444
32875719150859,0,96444
32875719157936,1,96444
32875719213888,0,96444
32875719220140,1,96444
32875719230821,0,96445
32875719239406,1,96445
32875719302468,0,96445
32875719308676,1,96445
32875719318488,0,96443
32875719328202,1,96443
32875719390265,0,96443
32875719397223,1,96443
32875719406667,0,96446
32875719415915,1,96446
32875719478011,0,96446
32875719484317,1,96446
32875719492955,0,96444
32875719501432,1,96444
32875719562768,0,96444
32875719568759,1,96444
32875719625406,0,96444
32875719631028,1,96444
32875719641199,0,96444
32875719644954,1,96444
32875719700407,0,96444
32875719706626,1,96444
32875719715431,0,96446
32875719722703,1,96446
32875719784451,0,96446
32875719789574,1,96446
32875719800286,0,96445
32875719808090,1,96445
32875719871510,0,96445
32875719878858,1,96445
32875719935244,0,96445
32875719941811,1,96445
32875719951340,0,96444
32875719959242,1,96444
32875720043167,0,96446
32875720050797,1,96446
32875720075911,0,96444
32875720081783,1,96444
32875720092008,0,96444
32875720097315,1,96444
32875720107518,0,96444
32875720111610,1,96444
32875720121835,0,96443
32875720130257,1,96443
32875720168214,0,96444
32875720172946,1,96444
32875720182802,0,96445
32875720189173,1,96445
32875720206704,0,96446
32875720214833,1,96446
32875720251703,0,96445
32875720258693,1,96445
32875720268233,0,96444
32875720284221,1,96444
32875720346197,0,96444
32875720352297,1,96444
32875720408434,0,96444
32875720414371,1,96444
32875720422980,0,96446
32875720430437,1,96446
32875720491328,0,96446
32875720497124,1,96446
32875720510984,0,96443
32875720521035,1,96443
32875720584889,0,96443
32875720591108,1,96443
32875720601157,0,96445
32875720610655,1,96445
32875720647538,0,96443
32875720653008,1,96443
32875720666444,0,96444
32875720675323,1,96444
32875720692787,0,96446
32875720702848,1,96446
32875720737288,0,96444
32875720744028,1,96444
32875720788671,0,96446
32875720794489,1,96446
32875720802195,0,96444
32875720808273,1,96444
32875720821906,0,96444
32875720827799,1,96444
32875720840207,0,96443
32875720847729,1,96443
32875720882938,0,96444
32875720888224,1,96444
32875720909108,0,96443
32875720914589,1,96443
32875720922815,0,96446
32875720930326,1,96446
32875720944339,0,96444
32875720951383,1,96444
32875720970421,0,96445
32875720976521,1,96445
32875720992964,0,96446
32875720998435,1,96446
32875721037162,0,96445
32875721042621,1,96445
32875721053541,0,96444
32875721061279,1,96444
32875721121823,0,96444
32875721127641,1,96444
32875721137898,0,96444
32875721143325,1,96444
32875721199168,0,96444
32875721204997,1,96444
32875721215417,0,96444
32875721221050,1,96444
32875721276481,0,96444
32875721282201,1,96444
32875721291602,0,96443
32875721299037,1,96443
32875721360699,0,96443
32875721365681,1,96443
32875721379225,0,96445
32875721388060,1,96445
32875721449331,0,96445
32875721455594,1,96445
32875721466828,0,96446
32875721475707,1,96446
32875721538019,0,96446
32875721544228,1,96446
32875721554430,0,96444
32875721563678,1,96444
32875721626023,0,96444
32875721631211,1,96444
32875721639245,0,96443
32875721647146,1,96443
32875721687522,0,96444
32875721692938,1,96444
32875721708634,0,96443
32875721714647,1,96443
32875721724827,0,96446
32875721734715,1,96446
32875721748944,0,96444
32875721754730,1,96444
32875721771781,0,96444
32875721775754,1,96444
32875721796995,0,96446
32875721803269,1,96446
32875721828830,0,96444
32875721835223,1,96444
32875721859568,0,96446
32875721865191,1,96446
32875721883589,0,96443
32875721891491,1,96443
32875721904384,0,96445
32875721912264,1,96445
32875721951720,0,96443
32875721956941,1,96443
32875721967317,0,96443
32875721972093,1,96443
32875721985246,0,96445
32875721990923,1,96445
32875722047147,0,96445
32875722054734,1,96445
32875722071624,0,96446
32875722082077,1,96446
32875722146538,0,96446
32875722152497,1,96446
32875722209122,0,96446
32875722213952,1,96446
32875722226932,0,96444
32875722235930,1,96444
32875722296886,0,96444
32875722302215,1,96444
32875722357625,0,96444
32875722363399,1,96444
32875722418972,0,96444
32875722424551,1,96444
32875722434840,0,96444
32875722438726,1,96444
32875722448082,0,96446
32875722457189,1,96446
32875722494711,0,96444
32875722499497,1,96444
32875722520272,0,96446
32875722527208,1,96446
32875722541774,0,96443
32875722549925,1,96443
32875722572827,0,96445
32875722583149,1,96445
32875722613030,0,96443
32875722619792,1,96443
32875722632643,0,96446
32875722639677,1,96446
32875722668798,0,96444
32875722678545,1,96444
32875722701360,0,96446
32875722707004,1,96446
32875722717305,0,96446
32875722721614,1,96446
32875722743723,0,96444
32875722748933,1,96444
32875722759689,0,96445
32875722767526,1,96445
32875722778434,0,96446
32875722783655,1,96446
32875722830576,0,96445
32875722837252,1,96445
32875722851373,0,96444
32875722860012,1,96444
32875722923334,0,96444
32875722929282,1,96444
32875722937619,0,96446
32875722944728,1,96446
32875722985560,0,96444
32875722991997,1,96444
32875723005847,0,96446
32875723011914,1,96446
32875723021780,0,96445
32875723031592,1,96445
32875723047547,0,96444
32875723053061,1,96444
32875723063362,0,96443
32875723073630,1,96443
32875723094078,0,96445
32875723098778,1,96445
32875723109046,0,96445
32875723112932,1,96445
32875723130430,0,96446
32875723138799,1,96446
32875723159637,0,96444
32875723171207,1,96444
32875723202403,0,96446
32875723210294,1,96446
32875723238263,0,96444
32875723244558,1,96444
32875723254131,0,96443
32875723263987,1,96443
32875723285196,0,96445
32875723296408,1,96445
32875723326158,0,96443
32875723332313,1,96443
32875723340779,0,96444
32875723347997,1,96444
32875723359849,0,96445
32875723365526,1,96445
32875723373397,0,96446
32875723380256,1,96446
32875723409625,0,96444
32875723415356,1,96444
32875723425700,0,96443
32875723434796,1,96443
32875723451479,0,96445
32875723457655,1,96445
32875723498758,0,96443
32875723504348,1,96443
32875723517623,0,96444
32875723527478,1,96444
32875723590616,0,96444
32875723596260,1,96444
32875723609655,0,96443
32875723619011,1,96443
32875723682442,0,96443
32875723688107,1,96443
32875723698005,0,96445
32875723707665,1,96445
32875723771313,0,96445
32875723776273,1,96445
32875723832638,0,96445
32875723837500,1,96445
32875723851274,0,96444
32875723860131,1,96444
32875723921977,0,96444
32875723928793,1,96444
32875723985093,0,96444
32875723990607,1,96444
32875723998510,0,96446
32875724006998,1,96446
32875724068572,0,96446
32875724074249,1,96446
32875724130722,0,96446
32875724136822,1,96446
32875724149737,0,96443
32875724159940,1,96443
32875724221623,0,96443
32875724227028,1,96443
32875724282839,0,96443
32875724289981,1,96443
32875724300510,0,96445
32875724308303,1,96445
32875724371712,0,96445
32875724377703,1,96445
32875724390131,0,96446
32875724398684,1,96446
32875724460258,0,96446
32875724467053,1,96446
32875724478884,0,96444
32875724487686,1,96444
32875724549988,0,96444
32875724555177,1,96444
32875724568441,0,96443
32875724576973,1,96443
32875724639882,0,96443
32875724647133,1,96443
32875724656792,0,96445
32875724666929,1,96445
32875724703660,0,96443
32875724709598,1,96443
32875724720669,0,96443
32875724724576,1,96443
32875724746239,0,96444
32875724755943,1,96444
32875724798742,0,96446
32875724808271,1,96446
32875724825442,0,96446
32875724829979,1,96446
32875724838238,0,96445
32875724844500,1,96445
32875724892877,0,96444
32875724901940,1,96444
32875724962092,0,96444
32875724968930,1,96444
32875725024774,0,96444
32875725030006,1,96444
32875725042618,0,96445
32875725051855,1,96445
32875725115872,0,96445
32875725122384,1,96445
32875725132370,0,96446
32875725141769,1,96446
32875725179368,0,96445
32875725184013,1,96445
32875725197805,0,96444
32875725208062,1,96444
32875725487151,0,96444
32875725495400,1,96444
32875725553089,0,96444
32875725560795,1,96444
32875725628752,0,96444
32875725634407,1,96444
32875725644180,0,96443
32875725652939,1,96443
32875725690250,0,96444
32875725695482,1,96444
32875725712338,0,96444
32875725717841,1,96444
32875725731283,0,96446
32875725740118,1,96446
32875725757072,0,96446
32875725761696,1,96446
32875725771703,0,96446
32875725775817,1,96446
32875725783019,0,96444
32875725790226,1,96444
32875725846960,0,96444
32875725852366,1,96444
32875725863756,0,96446
32875725870279,1,96446
32875725931646,0,96445
32875725940742,1,96445
32875726004401,0,96445
32875726011087,1,96445
32875726022179,0,96444
32875726030862,1,96444
32875726093978,0,96444
32875726101174,1,96444
32875726111355,0,96446
32875726121298,1,96446
32875726137709,0,96446
32875726142886,1,96446
32875726153078,0,96446
32875726157366,1,96446
32875726171020,0,96446
32875726174808,1,96446
32875726231965,0,96446
32875726238705,1,96446
32875726250482,0,96445
32875726259155,1,96445
32875726322976,0,96445
32875726328262,1,96445
32875726339452,0,96444
32875726348656,1,96444
32875726411653,0,96444
32875726415061,3,96443
32875726417058,1,96444
32875726429507,0,96444
32875726433328,1,96444
32875726490529,0,96444
32875726496021,1,96444
32875726506907,0,96445
32875726517088,1,96445
32875726579564,0,96445
32875726584654,1,96445
32875726594468,0,96446
32875726603531,1,96446
32875726667059,0,96446
32875726672758,1,96446
32875726680723,0,96444
32875726687659,1,96444
32875726749635,0,96444
32875726754606,1,96444
32875726765536,0,96445
32875726774523,1,96445
32875726838518,0,96445
32875726845563,1,96445
32875726857122,0,96446
32875726865859,1,96446
32875726927944,0,96446
32875726934565,1,96446
32875726945777,0,96444
32875726954591,1,96444
32875727025543,0,96444
32875727032783,1,96444
32875727090189,0,96444
32875727095844,1,96444
32875727109781,0,96446
32875727118714,1,96446
32875727180158,0,96446
32875727185824,1,96446
32875727196103,0,96445
32875727204797,1,96445
32875727267565,0,96445
32875727275076,1,96445
32875727332211,0,96445
32875727337845,1,96445
32875727346398,0,96446
32875727354387,1,96446
32875727415310,0,96446
32875727420064,1,96446
32875727430386,0,96446
32875727434847,1,96446
32875727490658,0,96446
32875727496389,1,96446
32875727506570,0,96445
32875727512735,1,96445
32875727573778,0,96445
32875727579324,1,96445
32875727592012,0,96444
32875727601141,1,96444
32875727663236,0,96444
32875727668826,1,96444
32875727676923,0,96446
32875727682557,1,96446
32875727743686,0,96446
32875727749515,1,96446
32875727805923,0,96446
32875727811209,1,96446
32875727821509,0,96446
32875727825677,1,96446
32875727880718,0,96446
32875727886373,1,96446
32875727896630,0,96446
32875727900016,1,96446
32875727954883,0,96446
32875727961059,1,96446
32875727973345,0,96444
32875727982419,1,96444
32875728045307,0,96444
32875728051255,1,96444
32875728061024,0,96445
32875728070131,1,96445
32875728132324,0,96445
32875728137860,1,96445
32875728149603,0,96446
32875728159035,1,96446
32875728231529,0,96446
32875728237890,1,96446
32875728294363,0,96446
32875728299019,1,96446
32875728355189,0,96446
32875728360887,1,96446
32875728371513,0,96444
32875728382020,1,96444
32875728444994,0,96444
32875728450584,1,96444
32875728507817,0,96444
32875728514558,1,96444
32875728524912,0,96444
32875728530068,1,96444
32875728585586,0,96444
32875728590698,1,96444
32875728646466,0,96444
32875728651817,1,96444
32875728662542,0,96446
32875728671085,1,96446
32875728733983,0,96446
32875728739790,1,96446
32875728749416,0,96445
32875728759130,1,96445
32875728775639,0,96445
32875728780230,1,96445
32875728790455,0,96445
32875728794232,1,96445
32875728810784,0,96445
32875728814160,1,96445
32875728823225,0,96446
32875728828348,1,96446
32875728885038,0,96446
32875728891464,1,96446
32875728901719,0,96445
32875728911043,1,96445
32875728927595,0,96445
32875728932176,1,96445
32875728942433,0,96445
32875728946666,1,96445
32875728963283,0,96445
32875728969665,1,96445
32875729026008,0,96445
32875729032011,1,96445
32875729044308,0,96444
32875729053697,1,96444
32875729115836,0,96444
32875729122142,1,96444
32875729178094,0,96444
32875729185551,1,96444
32875729241243,0,96444
32875729246800,1,96444
32875729255105,0,96446
32875729262225,1,96446
32875729322747,0,96446
32875729327642,1,96446
32875729383822,0,96446
32875729390009,1,96446
32875729400320,0,96446
32875729404662,1,96446
32875729459789,0,96446
32875729466812,1,96446
32875729477024,0,96445
32875729485251,1,96445
32875729548400,0,96445
32875729554782,1,96445
32875729569760,0,96444
32875729579322,1,96444
32875729641451,0,96444
32875729647529,1,96444
32875729655704,0,96446
32875729662694,1,96446
32875729724138,0,96446
32875729729912,1,96446
32875729786418,0,96446
32875729792420,1,96446
32875729801992,0,96444
32875729810197,1,96444
32875729882854,0,96444
32875729888987,1,96444
32875729944179,0,96444
32875729949498,1,96444
32875729959733,0,96444
32875729964150,1,96444
32875730035157,0,96444
32875730040834,1,96444
32875730051547,0,96444
32875730055639,1,96444
32875730065668,0,96445
32875730085032,1,96445
32875730148527,0,96445
32875730153922,1,96445
32875730167066,0,96444
32875730177040,1,96444
32875730239635,0,96444
32875730245507,1,96444
32875730259520,0,96446
32875730267845,1,96446
32875730329322,0,96446
32875730335248,1,96446
32875730391222,0,96446
32875730398060,1,96446
32875730408317,0,96446
32875730411845,1,96446
32875730466810,0,96446
32875730471781,1,96446
32875730482092,0,96446
32875730487671,1,96446
32875730542950,0,96446
32875730548616,1,96446
32875730560870,0,96444
32875730570280,1,96444
32875730632669,0,96444
32875730638791,1,96444
32875730648136,0,96445
32875730655875,1,96445
32875730672199,0,96445
32875730676085,1,96445
32875730686136,0,96445
32875730690326,1,96445
32875730696968,0,96444
32875730703708,1,96444
32875730719698,0,96446
32875730729119,1,96446
32875730745856,0,96446
32875730750382,1,96446
32875730759650,0,96444
32875730765229,1,96444
32875730794025,0,96445
32875730803858,1,96445
32875730824426,0,96444
32875730829951,1,96444
32875730842695,0,96446
32875730851042,1,96446
32875730867182,0,96446
32875730872554,1,96446
32875730882768,0,96446
32875730887164,1,96446
32875730896692,0,96445
32875730904149,1,96445
32875730965908,0,96445
32875730972887,1,96445
32875730981083,0,96446
32875730987759,1,96446
32875731003323,0,96446
32875731008142,1,96446
32875731018421,0,96446
32875731022437,1,96446
32875731029697,0,96445
32875731034516,1,96445
32875731044295,0,96444
32875731051383,1,96444
32875731067490,0,96444
32875731071409,1,96444
32875731081459,0,96444
32875731085410,1,96444
32875731109128,0,96446
32875731115391,1,96446
32875731131259,0,96446
32875731134537,1,96446
32875731144740,0,96446
32875731150004,1,96446
32875731161801,0,96445
32875731169941,1,96445
32875731230821,0,96445
32875731237095,1,96445
32875731246051,0,96446
32875731253095,1,96446
32875731316298,0,96446
32875731321356,1,96446
32875731329614,0,96444
32875731336875,1,96444
32875731397831,0,96444
32875731403725,1,96444
32875731459438,0,96444
32875731464507,1,96444
32875731474884,0,96444
32875731480452,1,96444
32875731536013,0,96444
32875731541419,1,96444
32875731551198,0,96445
32875731558069,1,96445
32875731619220,0,96445
32875731623888,1,96445
32875731634058,0,96445
32875731637596,1,96445
32875731692930,0,96445
32875731699290,1,96445
32875731708147,0,96444
32875731714735,1,96444
32875731775474,0,96444
32875731781520,1,96444
32875731791722,0,96444
32875731795662,1,96444
32875731851191,0,96444
32875731856445,1,96444
32875731864390,0,96445
32875731872693,1,96445
32875731933790,0,96445
32875731939337,1,96445
32875731949713,0,96445
32875731954294,1,96445
32875732010376,0,96445
32875732016042,1,96445
32875732071224,0,96445
32875732076922,1,96445
32875732132842,0,96445
32875732138475,1,96445
32875732150479,0,96444
32875732160237,1,96444
32875732223222,0,96444
32875732230560,1,96444
32875732287717,0,96444
32875732293545,1,96444
32875732349411,0,96444
32875732354675,1,96444
32875732365433,0,96446
32875732376048,1,96446
32875732439859,0,96446
32875732447435,1,96446
32875732505352,0,96446
32875732510887,1,96446
32875732521383,0,96446
32875732526723,1,96446
32875732582925,0,96446
32875732589134,1,96446
32875732599161,0,96445
32875732607649,1,96445
32875732671503,0,96445
32875732677940,1,96445
32875732733935,0,96445
32875732739829,1,96445
32875732750118,0,96445
32875732755502,1,96445
32875732810857,0,96445
32875732815579,1,96445
32875732825814,0,96445
32875732829971,1,96445
32875732840804,0,96445
32875732844863,1,96445
32875732900468,0,96445
32875732906123,1,96445
32875732916488,0,96445
32875732920569,1,96445
32875732975577,0,96445
32875732981070,1,96445
32875732994615,0,96444
32875733004698,1,96444
32875733066827,0,96444
32875733071439,1,96444
32875733081621,0,96444
32875733085246,1,96444
32875733148785,0,96444
32875733155189,1,96444
32875733210305,0,96444
32875733215732,1,96444
32875733225859,0,96444
32875733229767,1,96444
32875733286131,0,96444
32875733291526,1,96444
32875733347131,0,96444
32875733353089,1,96444
32875733363761,0,96446
32875733372900,1,96446
32875733435983,0,96446
32875733442463,1,96446
32875733452306,0,96445
32875733462346,1,96445
32875733479126,0,96445
32875733484000,1,96445
32875733494192,0,96445
32875733498294,1,96445
32875733514477,0,96444
32875733521294,1,96444
32875733582380,0,96444
32875733588339,1,96444
32875733644378,0,96444
32875733649447,1,96444
32875733658273,0,96446
32875733666934,1,96446
32875733728313,0,96446
32875733733860,1,96446
32875733790507,0,96446
32875733796574,1,96446
32875733808805,0,96444
32875733816826,1,96444
32875733881385,0,96444
32875733888875,1,96444
32875733945739,0,96444
32875733951546,1,96444
32875733960361,0,96446
32875733968056,1,96446
32875734029197,0,96446
32875734034862,1,96446
32875734044695,0,96445
32875734053790,1,96445
32875734116798,0,96445
32875734123831,1,96445
32875734182334,0,96445
32875734187587,1,96445
32875734198029,0,96445
32875734203250,1,96445
32875734259538,0,96445
32875734265617,1,96445
32875734275852,0,96445
32875734280422,1,96445
32875734335766,0,96445
32875734341681,1,96445
32875734351917,0,96445
32875734355759,1,96445
32875734411462,0,96445
32875734417898,1,96445
32875734430597,0,96444
32875734438911,1,96444
32875734502103,0,96444
32875734507877,1,96444
32875734564155,0,96444
32875734570993,1,96444
32875734627076,0,96444
32875734632893,1,96444
32875734643402,0,96446
32875734651705,1,96446
32875734667780,0,96446
32875734673967,1,96446
32875734684267,0,96446
32875734688305,1,96446
32875734698094,0,96445
32875734705366,1,96445
32875734766897,0,96445
32875734771879,1,96445
32875734781996,0,96446
32875734788552,1,96446
32875734850648,0,96446
32875734856509,1,96446
32875734868023,0,96444
32875734877141,1,96444
32875734940441,0,96444
32875734946508,1,96444
32875735002678,0,96444
32875735007671,1,96444
32875735017863,0,96444
32875735021737,1,96444
32875735077266,0,96444
32875735081760,1,96444
32875735092223,0,96445
32875735099604,1,96445
32875735161363,0,96445
32875735167159,1,96445
32875735182411,0,96446
32875735200189,1,96446
32875735277099,0,96444
32875735285207,1,96444
32875735347183,0,96444
32875735353229,1,96444
32875735369977,0,96444
32875735373862,1,96444
32875735427101,0,96444
32875735433787,1,96444
32875735444328,0,96446
32875735451427,1,96446
32875735513283,0,96446
32875735518580,1,96446
32875735531419,0,96444
32875735553214,1,96444
32875735637755,0,96444
32875735643388,1,96444
32875735651791,0,96446
32875735658976,1,96446
32875735674487,0,96446
32875735678731,1,96446
32875735688771,0,96446
32875735692939,1,96446
32875735700394,0,96444
32875735705148,1,96444
32875735724283,0,96445
32875735733151,1,96445
32875735750355,0,96445
32875735754555,1,96445
32875735761122,0,96444
32875735767656,1,96444
32875735778349,0,96446
32875735785338,1,96446
32875735801240,0,96446
32875735804854,1,96446
32875735814948,0,96446
32875735820364,1,96446
32875735835591,0,96445
32875735843113,1,96445
32875735905035,0,96445
32875735909691,1,96445
32875735920134,0,96446
32875735927330,1,96446
32875735988840,0,96446
32875735995461,1,96446
32875736008636,0,96444
32875736017710,1,96444
32875736080880,0,96444
32875736088380,1,96444
32875736145342,0,96444
32875736150052,1,96444
32875736159573,0,96446
32875736166216,1,96446
32875736227660,0,96446
32875736232555,1,96446
32875736288638,0,96446
32875736294303,1,96446
32875736305136,0,96446
32875736309651,1,96446
32875736365310,0,96446
32875736370965,1,96446
32875736382209,0,96445
32875736391315,1,96445
32875736454008,0,96445
32875736459782,1,96445
32875736515506,0,96445
32875736520477,1,96445
32875736530236,0,96446
32875736536749,1,96446
32875736597661,0,96446
32875736603457,1,96446
32875736615797,0,96444
32875736638558,1,96444
32875736721493,0,96444
32875736727311,1,96444
32875736783317,0,96444
32875736789037,1,96444
32875736799327,0,96444
32875736804938,1,96444
32875736860815,0,96444
32875736867707,1,96444
32875736923323,0,96444
32875736928706,1,96444
32875736938931,0,96444
32875736942426,1,96444
32875736997922,0,96444
32875737003903,1,96444
32875737059117,0,96444
32875737064587,1,96444
32875737079164,0,96446
32875737088260,1,96446
32875737150866,0,96446
32875737155490,1,96446
32875737169361,0,96445
32875737177697,1,96445
32875737243092,0,96445
32875737248899,1,96445
32875737305372,0,96445
32875737311895,1,96445
32875737323087,0,96446
32875737331358,1,96446
32875737393975,0,96446
32875737399879,1,96446
32875737411470,0,96444
32875737421043,1,96444
32875737484539,0,96444
32875737490725,1,96444
32875737502209,0,96445
32875737510469,1,96445
32875737572738,0,96445
32875737580163,1,96445
32875737591885,0,96446
32875737600199,1,96446
32875737662566,0,96446
32875737668438,1,96446
32875737681017,0,96444
32875737690460,1,96444
32875737788331,0,96445
32875737796092,1,96445
32875737857211,0,96445
32875737862594,1,96445
32875737876380,0,96446
32875737884488,1,96446
32875737947365,0,96446
32875737954127,1,96446
32875737962114,0,96444
32875737977711,1,96444
32875738039047,0,96444
32875738044800,1,96444
32875738061039,0,96446
32875738067345,1,96446
32875738127053,0,96446
32875738132198,1,96446
32875738143658,0,96444
32875738150962,1,96444
32875738211332,0,96444
32875738217172,1,96444
32875738234028,0,96444
32875738240052,1,96444
32875738293226,0,96444
32875738299065,1,96444
32875738315380,0,96446
32875738321502,1,96446
32875738381655,0,96446
32875738387624,1,96446
32875738397728,0,96444
32875738405629,1,96444
32875738410796,3,96445
32875738466868,0,96444
32875738472436,1,96444
32875738536507,0,96444
32875738541630,1,96444
32875738607698,0,96444
32875738617293,1,96444
32875738632511,0,96446
32875738645036,1,96446
32875738714621,0,96446
32875738722436,1,96446
32875738736046,0,96444
32875738744317,1,96444
32875738807780,0,96444
32875738813489,1,96444
32875738822010,0,96446
32875738828772,1,96446
32875738889337,0,96446
32875738895188,1,96446
32875738907344,0,96444
32875738914301,1,96444
32875738975778,0,96444
32875738981238,1,96444
32875738994622,0,96446
32875739003132,1,96446
32875739066346,0,96446
32875739072554,1,96446
32875739080823,0,96444
32875739087444,1,96444
32875739148161,0,96444
32875739154196,1,96444
32875739163608,0,96446
32875739170793,1,96446
32875739231771,0,96446
32875739238023,1,96446
32875739246715,0,96444
32875739253380,1,96444
32875739314184,0,96444
32875739321857,1,96444
32875739330184,0,96446
32875739337196,1,96446
32875739397533,0,96446
32875739402993,1,96446
32875739415343,0,96444
32875739422496,1,96444
32875739482865,0,96444
32875739487902,1,96444
32875739498182,0,96446
32875739505780,1,96446
32875739567463,0,96446
32875739573693,1,96446
32875739582983,0,96444
32875739590168,1,96444
32875739651287,0,96444
32875739656529,1,96444
32875739664899,0,96446
32875739671683,1,96446
32875739732498,0,96446
32875739737393,1,96446
32875739748973,0,96444
32875739756570,1,96444
32875739816810,0,96444
32875739822584,1,96444
32875739839375,0,96444
32875739842784,1,96444
32875739896098,0,96444
32875739902220,1,96444
32875739913911,0,96446
32875739921325,1,96446
32875739981912,0,96446
32875739987827,1,96446
32875739997019,0,96444
32875740020800,1,96444
32875740065889,0,96446
32875740074094,1,96446
32875740133097,0,96446
32875740138784,1,96446
32875740149571,0,96444
32875740156268,1,96444
32875740217420,0,96444
32875740223227,1,96444
32875740231423,0,96446
32875740238294,1,96446
32875740298240,0,96446
32875740303200,1,96446
32875740315507,0,96444
32875740322378,1,96444
32875740383420,0,96444
32875740388706,1,96444
32875740402882,0,96446
32875740412390,1,96446
32875740476124,0,96446
32875740482344,1,96446
32875740490669,0,96444
32875740499374,1,96444
32875740560785,0,96444
32875740566191,1,96444
32875740576469,0,96444
32875740580594,1,96444
32875740636459,0,96444
32875740642972,1,96444
32875740655412,0,96446
32875740664888,1,96446
32875740727700,0,96446
32875740731748,1,96446
32875740741591,0,96444
32875740748331,1,96444
32875740809808,0,96444
32875740815659,1,96444
32875740824007,0,96446
32875740832006,1,96446
32875740892192,0,96446
32875740898216,1,96446
32875740908753,0,96444
32875740916546,1,96444
32875740977502,0,96444
32875740983570,1,96444
32875740992852,0,96446
32875741000124,1,96446
32875741061156,0,96446
32875741068222,1,96446
32875741076491,0,96444
32875741083155,1,96444
32875741143916,0,96444
32875741149701,1,96444
32875741157962,0,96446
32875741164301,1,96446
32875741224703,0,96446
32875741230565,1,96446
32875741241406,0,96444
32875741249080,1,96444
32875741317373,0,96444
32875741323734,1,96444
32875741334132,0,96444
32875741339255,1,96444
32875741349533,0,96444
32875741353951,1,96444
32875741362744,0,96446
32875741371037,1,96446
32875741432514,0,96446
32875741438180,1,96446
32875741448294,0,96444
32875741454524,1,96444
32875741515046,0,96444
32875741520625,1,96444
32875741529624,0,96446
32875741537646,1,96446
32875741598211,0,96446
32875741603942,1,96446
32875741614935,0,96444
32875741622620,1,96444
32875741683261,0,96444
32875741690294,1,96444
32875741698795,0,96446
32875741705600,1,96446
32875741766556,0,96446
32875741772309,1,96446
32875741782944,0,96444
32875741789402,1,96444
32875741849739,0,96444
32875741855709,1,96444
32875741864025,0,96446
32875741870809,1,96446
32875741931515,0,96446
32875741937430,1,96446
32875741947436,0,96444
32875741955924,1,96444
32875742017075,0,96444
32875742022079,1,96444
32875742031958,0,96446
32875742038285,1,96446
32875742101097,0,96446
32875742107968,1,96446
32875742121013,0,96444
32875742128665,1,96444
32875742189100,0,96444
32875742194299,1,96444
32875742204556,0,96444
32875742208898,1,96444
32875742265034,0,96444
32875742269680,1,96444
32875742283269,0,96446
32875742293613,1,96446
32875742356328,0,96446
32875742361396,1,96446
32875742369916,0,96444
32875742377688,1,96444
32875742439382,0,96444
32875742444472,1,96444
32875742452700,0,96446
32875742461405,1,96446
32875742522697,0,96446
32875742527321,1,96446
32875742538674,0,96444
32875742547064,1,96444
32875742608183,0,96444
32875742613350,1,96444
32875742623617,0,96444
32875742628187,1,96444
32875742684378,0,96444
32875742690500,1,96444
32875742704394,0,96446
32875742714130,1,96446
32875742777398,0,96446
32875742782956,1,96446
32875742794253,0,96444
32875742804727,1,96444
32875742867105,0,96444
32875742872336,1,96444
32875742880934,0,96446
32875742888120,1,96446
32875742949618,0,96446
32875742956771,1,96446
32875742967754,0,96444
32875742978619,1,96444
32875743042798,0,96444
32875743049397,1,96444
32875743062889,0,96446
32875743071833,1,96446
32875743135068,0,96446
32875743140843,1,96446
32875743151653,0,96444
32875743160857,1,96444
32875743223528,0,96444
32875743229291,1,96444
32875743239516,0,96444
32875743243629,1,96444
32875743299636,0,96444
32875743305530,1,96444
32875743318176,0,96446
32875743327283,1,96446
32875743390420,0,96446
32875743396227,1,96446
32875743404713,0,96444
32875743412159,1,96444
32875743473137,0,96444
32875743479172,1,96444
32875743488312,0,96446
32875743495216,1,96446
32875743556085,0,96446
32875743561772,1,96446
32875743570421,0,96444
32875743578073,1,96444
32875743639811,0,96444
32875743645531,1,96444
32875743659305,0,96446
32875743666555,1,96446
32875743729671,0,96446
32875743735380,1,96446
32875743743672,0,96444
32875743750804,1,96444
32875743811575,0,96444
32875743817664,1,96444
32875743827856,0,96444
32875743833446,1,96444
32875743889192,0,96444
32875743894825,1,96444
32875743905028,0,96444
32875743909044,1,96444
32875743964508,0,96444
32875743969739,1,96444
32875743983079,0,96446
32875743991621,1,96446
32875744053489,0,96446
32875744058883,1,96446
32875744066915,0,96444
32875744073894,1,96444
32875744135035,0,96444
32875744141058,1,96444
32875744151305,0,96444
32875744154517,1,96444
32875744209829,0,96444
32875744216081,1,96444
32875744228391,0,96446
32875744236391,1,96446
32875744299615,0,96446
32875744305205,1,96446
32875744313539,0,96444
32875744320334,1,96444
32875744381528,0,96444
32875744387205,1,96444
32875744397268,0,96446
32875744406549,1,96446
32875744467928,0,96446
32875744473995,1,96446
32875744481928,0,96444
32875744488755,1,96444
32875744549852,0,96444
32875744556647,1,96444
32875744565646,0,96446
32875744574004,1,96446
32875744634862,0,96446
32875744639725,1,96446
32875744650870,0,96444
32875744658110,1,96444
32875744719044,0,96444
32875744725904,1,96444
32875744734664,0,96446
32875744741893,1,96446
32875744802990,0,96446
32875744807853,1,96446
32875744818521,0,96444
32875744825565,1,96444
32875744886619,0,96444
32875744891742,1,96444
32875744901944,0,96444
32875744905939,1,96444
32875744963465,0,96444
32875744968653,1,96444
32875744980028,0,96446
32875744988929,1,96446
32875745052099,0,96446
32875745057124,1,96446
32875745065742,0,96444
32875745072656,1,96444
32875745133905,0,96444
32875745139647,1,96444
32875745148493,0,96446
32875745155819,1,96446
32875745216743,0,96446
32875745223157,1,96446
32875745231840,0,96444
32875745238711,1,96444
32875745299580,0,96444
32875745305278,1,96444
32875745317697,0,96446
32875745327954,1,96446
32875745391624,0,96446
32875745398342,1,96446
32875745410953,0,96444
32875745417671,1,96444
32875745479007,0,96444
32875745485465,1,96444
32875745493314,0,96446
32875745500261,1,96446
32875745560848,0,96446
32875745566080,1,96446
32875745578039,0,96444
32875745584953,1,96444
32875745646148,0,96444
32875745651705,1,96444
32875745661280,0,96446
32875745667347,1,96446
32875745728477,0,96446
32875745734240,1,96446
32875745744029,0,96444
32875745750465,1,96444
32875745811443,0,96444
32875745818444,1,96444
32875745826923,0,96446
32875745834292,1,96446
32875745894825,0,96446
32875745900534,1,96446
32875745911560,0,96444
32875745920070,1,96444
32875745981145,0,96444
32875745988016,1,96444
32875745996440,0,96446
32875746003680,1,96446
32875746064353,0,96446
32875746070041,1,96446
32875746084052,0,96444
32875746091595,1,96444
32875746156296,0,96444
32875746161896,1,96444
32875746179035,0,96444
32875746182747,1,96444
32875746236876,0,96444
32875746242552,1,96444
32875746252723,0,96444
32875746256728,1,96444
32875746312843,0,96444
32875746318411,1,96444
32875746331208,0,96446
32875746338524,1,96446
32875746402030,0,96446
32875746408195,1,96446
32875746418311,0,96444
32875746427493,1,96444
32875746490153,0,96444
32875746497762,1,96444
32875746511916,0,96444
32875746516246,1,96444
32875746571569,0,96444
32875746576703,1,96444
32875746585028,0,96446
32875746592377,1,96446
32875746653365,0,96446
32875746658532,1,96446
32875746669060,0,96444
32875746676950,1,96444
32875746738645,0,96444
32875746744408,1,96444
32875746754708,0,96444
32875746758442,1,96444
32875746815143,0,96444
32875746820560,1,96444
32875746832294,0,96446
32875746842237,1,96446
32875746905570,0,96446
32875746910801,1,96446
32875746919982,0,96444
32875746927374,1,96444
32875746988438,0,96444
32875746993919,1,96444
32875747002441,0,96446
32875747009453,1,96446
32875747070615,0,96446
32875747077236,1,96446
32875747085863,0,96444
32875747092843,1,96444
32875747153343,0,96444
32875747158249,1,96444
32875747168887,0,96446
32875747175801,1,96446
32875747237126,0,96446
32875747242640,1,96446
32875747252483,0,96444
32875747259592,1,96444
32875747319962,0,96444
32875747325172,1,96444
32875747333748,0,96446
32875747340597,1,96446
32875747401184,0,96446
32875747407414,1,96446
32875747416791,0,96444
32875747425615,1,96444
32875747510905,0,96444
32875747523626,1,96444
32875747535036,0,96446
32875747542601,1,96446
32875747604067,0,96446
32875747609874,1,96446
32875747618088,0,96444
32875747625230,1,96444
32875747686393,0,96444
32875747693350,1,96444
32875747701905,0,96446
32875747708819,1,96446
32875747769243,0,96446
32875747774453,1,96446
32875747785902,0,96444
32875747792631,1,96444
32875747853728,0,96444
32875747860230,1,96444
32875747871431,0,96446
32875747880679,1,96446
32875747943968,0,96446
32875747949471,1,96446
32875747957666,0,96444
32875747964037,1,96444
32875748025254,0,96444
32875748030670,1,96444
32875748040895,0,96444
32875748046636,1,96444
32875748102925,0,96444
32875748107571,1,96444
32875748118805,0,96446
32875748128313,1,96446
32875748190962,0,96446
32875748196704,1,96446
32875748204659,0,96444
32875748212789,1,96444
32875748274461,0,96444
32875748281028,1,96444
32875748292958,0,96446
32875748303639,1,96446
32875748367547,0,96446
32875748372247,1,96446
32875748381384,0,96444
32875748389394,1,96444
32875748450166,0,96444
32875748455137,1,96444
32875748464495,0,96446
32875748471474,1,96446
32875748532115,0,96446
32875748536978,1,96446
32875748547602,0,96444
32875748554755,1,96444
32875748615494,0,96444
32875748621279,1,96444
32875748629182,0,96446
32875748635684,1,96446
32875748696759,0,96446
32875748701339,1,96446
32875748713505,0,96444
32875748722080,1,96444
32875748782688,0,96444
32875748788473,1,96444
32875748796279,0,96446
32875748802672,1,96446
32875748863639,0,96446
32875748869142,1,96446
32875748880472,0,96444
32875748888070,1,96444
32875748948722,0,96444
32875748954594,1,96444
32875748964679,0,96446
32875748972526,1,96446
32875749034090,0,96446
32875749039853,1,96446
32875749049599,0,96444
32875749056567,1,96444
32875749141564,0,96444
32875749156847,1,96444
32875749165673,0,96446
32875749172771,1,96446
32875749233630,0,96446
32875749239306,1,96446
32875749253274,0,96444
32875749262076,1,96444
32875749325355,0,96444
32875749331097,1,96444
32875749339261,0,96446
32875749347347,1,96446
32875749409345,0,96446
32875749414717,1,96446
32875749424723,0,96444
32875749432885,1,96444
32875749493526,0,96444
32875749498378,1,96444
32875749507258,0,96446
32875749514715,1,96446
32875749576116,0,96446
32875749581641,1,96446
32875749593231,0,96444
32875749601013,1,96444
32875749689300,0,96444
32875749695139,1,96444
32875749706766,0,96446
32875749713734,1,96446
32875749775113,0,96446
32875749780507,1,96446
32875749790775,0,96446
32875749794954,1,96446
32875749851699,0,96446
32875749857343,1,96446
32875749867611,0,96446
32875749871638,1,96446
32875749927253,0,96446
32875749932539,1,96446
32875749945790,0,96444
32875749954745,1,96444
32875750032385,0,96446
32875750038811,1,96446
32875750054798,0,96446
32875750058500,1,96446
32875750068670,0,96446
32875750072317,1,96446
32875750085743,0,96446
32875750088728,1,96446
32875750144811,0,96446
32875750149206,1,96446
32875750159507,0,96446
32875750163718,1,96446
32875750219074,0,96446
32875750224870,1,96446
32875750235277,0,96444
32875750242288,1,96444
32875750303570,0,96444
32875750309247,1,96444
32875750317194,0,96446
32875750323977,1,96446
32875750384651,0,96446
32875750390404,1,96446
32875750401961,0,96444
32875750409386,1,96444
32875750470233,0,96444
32875750476170,1,96444
32875750485289,0,96446
32875750491964,1,96446
32875750552779,0,96446
32875750558141,1,96446
32875750567778,0,96444
32875750574941,1,96444
32875750635854,0,96444
32875750641780,1,96444
32875750656043,0,96446
32875750663673,1,96446
32875750727798,0,96446
32875750733790,1,96446
32875750741973,0,96444
32875750748855,1,96444
32875750809778,0,96444
32875750815173,1,96444
32875750825484,0,96444
32875750830542,1,96444
32875750887004,0,96444
32875750893169,1,96444
32875750903426,0,96444
32875750907247,1,96444
32875750924255,0,96446
32875750932559,1,96446
32875750994090,0,96446
32875751001199,1,96446
32875751018175,0,96446
32875751022918,1,96446
32875751035292,0,96446
32875751039525,1,96446
32875751093078,0,96446
32875751097626,1,96446
32875751107427,0,96444
32875751114818,1,96444
32875751175905,0,96444
32875751182569,1,96444
32875751193043,0,96444
32875751197775,1,96444
32875751253804,0,96444
32875751259231,1,96444
32875751270282,0,96446
32875751280452,1,96446
32875751343991,0,96446
32875751350710,1,96446
32875751367468,0,96446
32875751372461,1,96446
32875751386743,0,96444
32875751395644,1,96444
32875751455840,0,96444
32875751470579,1,96444
32875751484928,0,96444
32875751488923,1,96444
32875751544289,0,96444
32875751550638,1,96444
32875751560646,0,96446
32875751570784,1,96446
32875751632955,0,96446
32875751640000,1,96446
32875751657551,0,96446
32875751661979,1,96446
32875751676013,0,96444
32875751682536,1,96444
32875751742515,0,96444
32875751748420,1,96444
32875751761327,0,96446
32875751770129,1,96446
32875751833343,0,96446
32875751838358,1,96446
32875751847202,0,96444
32875751853975,1,96444
32875751950043,0,96444
32875751956274,1,96444
32875751973108,0,96444
32875751977157,1,96444
32875752030645,0,96444
32875752036039,1,96444
32875752047894,0,96446
32875752055991,1,96446
32875752117316,0,96446
32875752122471,1,96446
32875752131240,0,96444
32875752138783,1,96444
32875752200141,0,96444
32875752205785,1,96444
32875752213569,0,96446
32875752220342,1,96446
32875752280918,0,96446
32875752286833,1,96446
32875752297762,0,96444
32875752304665,1,96444
32875752378028,0,96446
32875752385604,1,96446
32875752401571,0,96446
32875752405728,1,96446
32875752416430,0,96446
32875752419643,1,96446
32875752429683,0,96446
32875752434024,1,96446
32875752443945,0,96446
32875752447906,1,96446
32875752457838,0,96446
32875752461213,1,96446
32875752471112,0,96446
32875752474520,1,96446
32875752484452,0,96446
32875752487947,1,96446
32875752497900,0,96446
32875752503446,1,96446
32875752513486,0,96446
32875752516949,1,96446
32875752526945,0,96446
32875752531482,1,96446
32875752541630,0,96446
32875752545419,1,96446
32875752555339,0,96446
32875752558715,1,96446
32875752568646,0,96446
32875752572933,1,96446
32875752582821,0,96446
32875752586935,1,96446
32875752596856,0,96446
32875752600057,1,96446
32875752609935,0,96446
32875752614081,1,96446
32875752624034,0,96446
32875752627855,1,96446
32875752637851,0,96446
32875752641867,1,96446
32875752651766,0,96446
32875752655272,1,96446
32875752665160,0,96446
32875752669132,1,96446
32875752679259,0,96446
32875752681951,1,96446
32875752691806,0,96446
32875752695529,1,96446
32875752705428,0,96446
32875752709249,1,96446
32875752719223,0,96446
32875752723522,1,96446
32875752780820,0,96446
32875752786344,1,96446
32875752842818,0,96446
32875752848223,1,96446
32875752856698,0,96444
32875752863688,1,96444
32875752945506,0,96446
32875752953809,1,96446
32875752970568,0,96446
32875752975267,1,96446
32875752985340,0,96446
32875752989074,1,96446
32875752999081,0,96446
32875753003108,1,96446
32875753013170,0,96446
32875753018792,1,96446
32875753028854,0,96446
32875753033173,1,96446
32875753043148,0,96446
32875753047175,1,96446
32875753057139,0,96446
32875753061405,1,96446
32875753071564,0,96446
32875753076025,1,96446
32875753086760,0,96446
32875753090960,1,96446
32875753100946,0,96446
32875753104245,1,96446
32875753114155,0,96446
32875753117704,1,96446
32875753127657,0,96446
32875753131912,1,96446
32875753141854,0,96446
32875753144969,1,96446
32875753154857,0,96446
32875753158917,1,96446
32875753168827,0,96446
32875753173179,1,96446
32875753183197,0,96446
32875753186822,1,96446
32875753196797,0,96446
32875753200347,1,96446
32875753210495,0,96446
32875753214402,1,96446
32875753224290,0,96446
32875753227992,1,96446
32875753237934,0,96446
32875753249168,1,96446
32875753259512,0,96446
32875753262638,1,96446
32875753272591,0,96446
32875753276075,1,96446
32875753286071,0,96446
32875753289284,1,96446
32875753299270,0,96446
32875753303307,1,96446
32875753313315,0,96446
32875753317504,1,96446
32875753327468,0,96446
32875753331170,1,96446
32875753341177,0,96446
32875753344487,1,96446
32875753354430,0,96446
32875753358793,1,96446
32875753368822,0,96446
32875753372773,1,96446
32875753382802,0,96446
32875753386796,1,96446
32875753396749,0,96446
32875753400331,1,96446
32875753410284,0,96446
32875753414148,1,96446
32875753424123,0,96446
32875753428096,1,96446
32875753438222,0,96446
32875753441793,1,96446
32875753451725,0,96446
32875753455003,1,96446
32875753464967,0,96446
32875753468407,1,96446
32875753478382,0,96446
32875753481421,1,96446
32875753491374,0,96446
32875753495716,1,96446
32875753506027,0,96446
32875753509468,1,96446
32875753519388,0,96446
32875753523231,1,96446
32875753533325,0,96446
32875753537124,1,96446
32875753547066,0,96446
32875753551050,1,96446
32875753561035,0,96446
32875753564096,1,96446
32875753574179,0,96446
32875753578022,1,96446
32875753588018,0,96446
32875753590764,1,96446
32875753600717,0,96446
32875753603963,1,96446
32875753613905,0,96446
32875753617639,1,96446
32875753627776,0,96446
32875753631608,1,96446
32875753641583,0,96446
32875753645306,1,96446
32875753655335,0,96446
32875753655313,3,96444
32875753658982,1,96446
32875753670161,0,96446
32875753673917,1,96446
32875753683967,0,96446
32875753687951,1,96446
32875753697958,0,96446
32875753701377,1,96446
32875753711439,0,96446
32875753714652,1,96446
32875753724626,0,96446
32875753727590,1,96446
32875753737510,0,96446
32875753740918,1,96446
32875753750926,0,96446
32875753754638,1,96446
32875753764656,0,96446
32875753768553,1,96446
32875753778538,0,96446
32875753781501,1,96446
32875753791400,0,96446
32875753795199,1,96446
32875753805141,0,96446
32875753808745,1,96446
32875753818850,0,96446
32875753822942,1,96446
32875753832917,0,96446
32875753837703,1,96446
32875753847624,0,96446
32875753850804,1,96446
32875753860692,0,96446
32875753863807,1,96446
32875753873771,0,96446
32875753877613,1,96446
32875753887740,0,96446
32875753890584,1,96446
32875753900776,0,96446
32875753904705,1,96446
32875753914625,0,96446
32875753918989,1,96446
32875753928898,0,96446
32875753932708,1,96446
32875753942672,0,96446
32875753946786,1,96446
32875753956717,0,96446
32875753959908,1,96446
32875753969861,0,96446
32875753973649,1,96446
32875753983700,0,96446
32875753987586,1,96446
32875753997648,0,96446
32875754001642,1,96446
32875754011660,0,96446
32875754014753,1,96446
32875754024685,0,96446
32875754028690,1,96446
32875754038589,0,96446
32875754041878,1,96446
32875754051831,0,96446
32875754055456,1,96446
32875754065409,0,96446
32875754069240,1,96446
32875754079259,0,96446
32875754082710,1,96446
32875754092620,0,96446
32875754096289,1,96446
32875754106177,0,96446
32875754109910,1,96446
32875754119863,0,96446
32875754124617,1,96446
32875754134755,0,96446
32875754138836,1,96446
32875754149017,0,96446
32875754152751,1,96446
32875754162769,0,96446
32875754166123,1,96446
32875754176174,0,96446
32875754179419,1,96446
32875754189351,0,96446
32875754192303,1,96446
32875754202440,0,96446
32875754206370,1,96446
32875754216366,0,96446
32875754220176,1,96446
32875754272644,0,96446
32875754278006,1,96446
32875754288806,0,96446
32875754293940,1,96446
32875754304131,0,96446
32875754308451,1,96446
32875754319132,0,96446
32875754322377,1,96446
32875754332341,0,96446
32875754335272,1,96446
32875754345138,0,96446
32875754348752,1,96446
32875754358705,0,96446
32875754361951,1,96446
32875754371915,0,96446
32875754375735,1,96446
32875754385688,0,96446
32875754389639,1,96446
32875754399625,0,96446
32875754403196,1,96446
32875754413127,0,96446
32875754416969,1,96446
32875754426944,0,96446
32875754430439,1,96446
32875754440479,0,96446
32875754444517,1,96446
32875754454741,0,96446
32875754458529,1,96446
32875754468580,0,96446
32875754471467,1,96446
32875754481388,0,96446
32875754485545,1,96446
32875754495596,0,96446
32875754499883,1,96446
32875754509825,0,96446
32875754513472,1,96446
32875754523436,0,96446
32875754526812,1,96446
32875754536797,0,96446
32875754540358,1,96446
32875754550463,0,96446
32875754554359,1,96446
32875754564323,0,96446
32875754568068,1,96446
32875754578032,0,96446
32875754582167,1,96446
32875754592164,0,96446
32875754595811,1,96446
32875754605774,0,96446
32875754608868,1,96446
32875754618821,0,96446
32875754622457,1,96446
32875754632486,0,96446
32875754635471,1,96446
32875754645370,0,96446
32875754649516,1,96446
32875754659502,0,96446
32875754663018,1,96446
32875754673047,0,96446
32875754677259,1,96446
32875754687244,0,96446
32875754690479,1,96446
32875754700443,0,96446
32875754704274,1,96446
32875754714162,0,96446
32875754717646,1,96446
32875754727589,0,96446
32875754731909,1,96446
32875754742166,0,96446
32875754745845,1,96446
32875754755777,0,96446
32875754758859,1,96446
32875754768834,0,96446
32875754772654,1,96446
32875755723995,0,96446
32875755729400,1,96446
32875755739842,0,96446
32875755744585,1,96446
32875755754690,0,96446
32875755759878,1,96446
32875755769994,0,96446
32875755773087,1,96446
32875755783127,0,96446
32875755786612,1,96446
32875755796641,0,96446
32875755800895,1,96446
32875755810881,0,96446
32875755814148,1,96446
32875755824253,0,96446
32875755828085,1,96446
32875755838537,0,96446
32875755843041,1,96446
32875755853255,0,96446
32875755857260,1,96446
32875755867376,0,96446
32875755871370,1,96446
32875755881323,0,96446
32875755885350,1,96446
32875755895379,0,96446
32875755898494,1,96446
32875755908415,0,96446
32875755912257,1,96446
32875755922167,0,96446
32875755925271,1,96446
32875755935344,0,96446
32875755940130,1,96446
32875755950398,0,96446
32875755954132,1,96446
32875755964042,0,96446
32875755968535,1,96446
32875755978532,0,96446
32875755981538,1,96446
32875755991459,0,96446
32875755994921,1,96446
32875756004809,0,96446
32875756007848,1,96446
32875756017834,0,96446
32875756021926,1,96446
32875756031857,0,96446
32875756035613,1,96446
32875756045490,0,96446
32875756048431,1,96446
32875756058352,0,96446
32875756061901,1,96446
32875756071832,0,96446
32875756075501,1,96446
32875756085552,0,96446
32875756089579,1,96446
32875756099521,0,96446
32875756102929,1,96446
32875756112850,0,96446
32875756115954,1,96446
32875756125994,0,96446
32875756129836,1,96446
32875756139800,0,96446
32875756143588,1,96446
32875756153541,0,96446
32875756157460,1,96446
32875756167391,0,96446
32875756170908,1,96446
32875756180937,0,96446
32875756185191,1,96446
32875756195134,0,96446
32875756198694,1,96446
32875756208604,0,96446
32875756212457,1,96446
32875756222497,0,96446
32875756226480,1,96446
32875756236498,0,96446
32875756240178,1,96446
32875756250087,0,96446
32875756253973,1,96446
32875756263959,0,96446
32875756267096,1,96446
32875756276962,0,96446
32875756280663,1,96446
32875756290681,0,96446
32875756294448,1,96446
32875756304466,0,96446
32875756308297,1,96446
32875756318240,0,96446
32875756321876,1,96446
32875756331894,0,96446
32875756343247,1,96446
32875756353558,0,96446
32875756357119,1,96446
32875756367137,0,96446
32875756370480,1,96446
32875756380498,0,96446
32875756383624,1,96446
32875756393555,0,96446
32875756397061,1,96446
32875756406949,0,96446
32875756410466,1,96446
32875756420430,0,96446
32875756424880,1,96446
32875756434887,0,96446
32875756438599,1,96446
32875756448531,0,96446
32875756452753,1,96446
32875756463596,0,96446
32875756469588,1,96446
32875756484371,0,96446
32875756490471,1,96446
32875756505199,0,96446
32875756511202,1,96446
32875756521730,0,96446
32875756525030,1,96446
32875756535124,0,96446
32875756539216,1,96446
32875756549169,0,96446
32875756553022,1,96446
32875756563008,0,96446
32875756567176,1,96446
32875756577096,0,96446
32875756581242,1,96446
32875756591185,0,96446
32875756594582,1,96446
32875756604557,0,96446
32875756608877,1,96446
32875756618786,0,96446
32875756622509,1,96446
32875756632408,0,96446
32875756635968,1,96446
32875756645856,0,96446
32875756649785,1,96446
32875756660032,0,96446
32875756663820,1,96446
32875756673708,0,96446
32875756676823,1,96446
32875756686765,0,96446
32875756690824,1,96446
32875756700842,0,96446
32875756704457,1,96446
32875756714432,0,96446
32875756719077,1,96446
32875756729085,0,96446
32875756732851,1,96446
32875756742815,0,96446
32875756746483,1,96446
32875756756393,0,96446
32875756759508,1,96446
32875756769429,0,96446
32875756772924,1,96446
32875756783040,0,96446
32875756785862,1,96446
32875756795934,0,96446
32875756800026,1,96446
32875756809936,0,96446
32875756813257,1,96446
32875756823254,0,96446
32875756827422,1,96446
32875756837429,0,96446
32875756840729,1,96446
32875756850638,0,96446
32875756854264,1,96446
32875756864238,0,96446
32875756868092,1,96446
32875756878077,0,96446
32875756881561,1,96446
32875756891438,0,96446
32875756895650,1,96446
32875756905625,0,96446
32875756909565,1,96446
32875756919485,0,96446
32875756922969,1,96446
32875756932955,0,96446
32875756936189,1,96446
32875756946099,0,96446
32875756949822,1,96446
32875756959851,0,96446
32875756963672,1,96446
32875756973874,0,96446
32875756977728,1,96446
32875756987659,0,96446
32875756991284,1,96446
32875757001368,0,96446
32875757004721,1,96446
32875757014620,0,96446
32875757018365,1,96446
32875757028264,0,96446
32875757031509,1,96446
32875757041386,0,96446
32875757044512,1,96446
32875757054411,0,96446
32875757057939,1,96446
32875757067913,0,96446
32875757071680,1,96446
32875757081774,0,96446
32875757084726,1,96446
32875757094647,0,96446
32875757098066,1,96446
32875757107954,0,96446
32875757110982,1,96446
32875757120892,0,96446
32875757123801,1,96446
32875757133688,0,96446
32875757136880,1,96446
32875757146768,0,96446
32875757150111,1,96446
32875757160161,0,96446
32875757164090,1,96446
32875757174011,0,96446
32875757177517,1,96446
32875757187405,0,96446
32875757190325,1,96446
32875757200213,0,96446
32875757203718,1,96446
32875757213671,0,96446
32875757217677,1,96446
32875757227673,0,96446
32875757231320,1,96446
32875757241241,0,96446
32875757245029,1,96446
32875757254949,0,96446
32875757258759,1,96446
32875757268734,0,96446
32875757272771,1,96446
32875757282833,0,96446
32875757286100,1,96446
32875757296064,0,96446
32875757299841,1,96446
32875757309794,0,96446
32875757313550,1,96446
32875757323449,0,96446
32875757326955,1,96446
32875757336962,0,96446
32875757340631,1,96446
32875757350953,0,96446
32875757354328,1,96446
32875757364270,0,96446
32875757368590,1,96446
32875757378598,0,96446
32875757382592,1,96446
32875757392513,0,96446
32875757396138,1,96446
32875757406080,0,96446
32875757410096,1,96446
32875757420082,0,96446
32875757423251,1,96446
32875757433215,0,96446
32875757436949,1,96446
32875757446934,0,96446
32875757450571,1,96446
32875757460480,0,96446
32875757464323,1,96446
32875757474330,0,96446
32875757478075,1,96446
32875757487995,0,96446
32875757491414,1,96446
32875757501378,0,96446
32875757506393,1,96446
32875757516498,0,96446
32875757519678,1,96446
32875757529577,0,96446
32875757533039,1,96446
32875757542970,0,96446
32875757547952,1,96446
32875757603612,0,96446
32875757611926,1,96446
32875757661431,0,96446
32875757666684,1,96446
32875757676941,0,96446
32875757681077,1,96446
32875757691659,0,96446
32875757694970,1,96446
32875757704944,0,96446
32875757709004,1,96446
32875757718935,0,96446
32875757722799,1,96446
32875757732731,0,96446
32875757737159,1,96446
32875757747210,0,96446
32875757753190,1,96446
32875757763437,0,96446
32875757766790,1,96446
32875757776841,0,96446
32875757780901,1,96446
32875757790854,0,96446
32875757794642,1,96446
32875757804617,0,96446
32875757807298,1,96446
32875757817251,0,96446
32875757820854,1,96446
32875757830840,0,96446
32875757834921,1,96446
32875757845124,0,96446
32875757848260,1,96446
32875757858192,0,96446
32875757861795,1,96446
32875757871705,0,96446
32875757875211,1,96446
32875757885316,0,96446
32875757889191,1,96446
32875757899144,0,96446
32875757903203,1,96446
32875757913146,0,96446
32875757916717,1,96446
32875757926691,0,96446
32875757929730,1,96446
32875757939662,0,96446
32875757942907,1,96446
32875757952817,0,96446
32875757955954,1,96446
32875757965918,0,96446
32875757969413,1,96446
32875757979333,0,96446
32875757983089,1,96446
32875757993248,0,96446
32875757997839,1,96446
32875758007814,0,96446
32875758012134,1,96446
32875758022228,0,96446
32875758025061,1,96446
32875758034960,0,96446
32875758038628,1,96446
32875758048603,0,96446
32875758052001,1,96446
32875758061975,0,96446
32875758065611,1,96446
32875758075565,0,96446
32875758079526,1,96446
32875758089425,0,96446
32875758092985,1,96446
32875758103014,0,96446
32875758106249,1,96446
32875758116343,0,96446
32875758120554,1,96446
32875758130649,0,96446
32875758133199,1,96446
32875758143076,0,96446
32875758146550,1,96446
32875758156427,0,96446
32875758160204,1,96446
32875758170190,0,96446
32875758174759,1,96446
32875758184723,0,96446
32875758187806,1,96446
32875758197780,0,96446
32875758201449,1,96446
32875758211467,0,96446
32875758215038,1,96446
32875758225056,0,96446
32875758229083,1,96446
32875758239036,0,96446
32875758242369,1,96446
32875758252257,0,96446
32875758256696,1,96446
32875758266703,0,96446
32875758270383,1,96446
32875758280336,0,96446
32875758284319,1,96446
32875758294196,0,96446
32875758297789,1,96446
32875758307720,0,96446
32875758311259,1,96446
32875758321223,0,96446
32875758325108,1,96446
32875758335224,0,96446
32875758338589,1,96446
32875758348564,0,96446
32875758352754,1,96446
32875758362696,0,96446
32875758366267,1,96446
32875758376198,0,96446
32875758379867,1,96446
32875758389831,0,96446
32875758393532,1,96446
32875758403463,0,96446
32875758407197,1,96446
32875758417161,0,96446
32875758420059,1,96446
32875758429991,0,96446
32875758433268,1,96446
32875758443222,0,96446
32875758446858,1,96446
32875758456865,0,96446
32875758459958,1,96446
32875758469890,0,96446
32875758474003,1,96446
32875758483946,0,96446
32875758486855,1,96446
32875758496743,0,96446
32875758500748,1,96446
32875758510657,0,96446
32875758513588,1,96446
32875758523530,0,96446
32875758527286,1,96446
32875758537315,0,96446
32875758541743,1,96446
32875758551750,0,96446
32875758555321,1,96446
32875758565220,0,96446
32875758568357,1,96446
32875758578299,0,96446
32875758582044,1,96446
32875758592051,0,96446
32875758595601,1,96446
32875758605521,0,96446
32875758608604,1,96446
32875758618557,0,96446
32875758622638,1,96446
32875758634935,0,96446
32875758641752,1,96446
32875758657002,0,96446
32875758660269,1,96446
32875758670352,0,96446
32875758675356,1,96446
32875758685385,0,96446
32875758689032,1,96446
32875758699082,0,96446
32875758703196,1,96446
32875758713138,0,96446
32875758717458,1,96446
32875758727357,0,96446
32875758731558,1,96446
32875758741608,0,96446
32875758746189,1,96446
32875758756185,0,96446
32875758759941,1,96446
32875758769894,0,96446
32875758773367,1,96446
32875758783266,0,96446
32875758787173,1,96446
32875758797224,0,96446
32875758800849,1,96446
32875758810792,0,96446
32875758813625,1,96446
32875758823675,0,96446
32875758827051,1,96446
32875758836961,0,96446
32875758841020,1,96446
32875758850930,0,96446
32875758854164,1,96446
32875758864161,0,96446
32875758867721,1,96446
32875758877630,0,96446
32875758880800,1,96446
32875758890710,0,96446
32875758894042,1,96446
32875758903951,0,96446
32875758907522,1,96446
32875758917399,0,96446
32875758920699,1,96446
32875758930620,0,96446
32875758933854,1,96446
32875758943775,0,96446
32875758947877,1,96446
32875758957950,0,96446
32875758961912,1,96446
32875758971843,0,96446
32875758975555,1,96446
32875758985465,0,96446
32875758988406,1,96446
32875758998435,0,96446
32875759002885,1,96446
32875759012882,0,96446
32875759016182,1,96446
32875759026080,0,96446
32875759029499,1,96446
32875759039507,0,96446
32875759042763,1,96446
32875759052759,0,96446
32875759056146,1,96446
32875759066066,0,96446
32875759069279,1,96446
32875759079200,0,96446
32875759083650,1,96446
32875759093538,0,96446
32875759097131,1,96446
32875759107019,0,96446
32875759111056,1,96446
32875759121031,0,96446
32875759125025,1,96446
32875759135000,0,96446
32875759139450,1,96446
32875759149371,0,96446
32875759153213,1,96446
32875759163155,0,96446
32875759167128,1,96446
32875759177157,0,96446
32875759180413,1,96446
32875759190301,0,96446
32875759193872,1,96446
32875759203793,0,96446
32875759206756,1,96446
32875759216752,0,96446
32875759220844,1,96446
32875759230808,0,96446
32875759234846,1,96446
32875759244821,0,96446
32875759248034,1,96446
32875759257987,0,96446
32875759261590,1,96446
32875759271522,0,96446
32875759275201,1,96446
32875759285252,0,96446
32875759288834,1,96446
32875759298776,0,96446
32875759301826,1,96446
32875759311692,0,96446
32875759314872,1,96446
32875759324760,0,96446
32875759329254,1,96446
32875759339305,0,96446
32875759343125,1,96446
32875759353198,0,96446
32875759355955,1,96446
32875759365821,0,96446
32875759369077,1,96446
32875759378965,0,96446
32875759382981,1,96446
32875759392902,0,96446
32875759396234,1,96446
32875759406198,0,96446
32875759409747,1,96446
32875759419744,0,96446
32875759423130,1,96446
32875759433061,0,96446
32875759437381,1,96446
32875759447291,0,96446
32875759450862,1,96446
32875759460793,0,96446
32875759464549,1,96446
32875759474448,0,96446
32875759477519,1,96446
32875759487429,0,96446
32875759491695,1,96446
32875759501745,0,96446
32875759505045,1,96446
32875759515085,0,96446
32875759518764,1,96446
32875759528707,0,96446
32875759532766,1,96446
32875759542784,0,96446
32875759546789,1,96446
32875759556753,0,96446
32875759560976,1,96446
32875759570972,0,96446
32875759575639,1,96446
32875759585766,0,96446
32875759589294,1,96446
32875759599225,0,96446
32875759602709,1,96446
32875759612706,0,96446
32875759623462,1,96446
32875759633958,0,96446
32875759637854,1,96446
32875759647797,0,96446
32875759651552,1,96446
32875759661483,0,96446
32875759665640,1,96446
32875759675648,0,96446
32875759679392,1,96446
32875759689356,0,96446
32875759693622,1,96446
32875759703651,0,96446
32875759707797,1,96446
32875759720551,0,96446
32875759726347,1,96446
32875759766626,0,96446
32875759773138,1,96446
32875759787574,0,96446
32875759791199,1,96446
32875759801218,0,96446
32875759805092,1,96446
32875759814980,0,96446
32875759818551,1,96446
32875759828667,0,96446
32875759831804,1,96446
32875759841714,0,96446
32875759845838,1,96446
32875759855878,0,96446
32875759859829,1,96446
32875759869750,0,96446
32875759873635,1,96446
32875759883599,0,96446
32875759887843,1,96446
32875759898361,0,96446
32875759901964,1,96446
32875759911885,0,96446
32875759915553,1,96446
32875759925496,0,96446
32875759929555,1,96446
32875759939486,0,96446
32875759942764,1,96446
32875759952652,0,96446
32875759956397,1,96446
32875759966328,0,96446
32875759969259,1,96446
32875759979255,0,96446
32875759983076,1,96446
32875759993181,0,96446
32875759997273,1,96446
32875760007183,0,96446
32875760010895,1,96446
32875760020826,0,96446
32875760024213,1,96446
32875760034187,0,96446
32875760037248,1,96446
32875760047267,0,96446
32875760050360,1,96446
32875760060291,0,96446
32875760064286,1,96446
32875760074228,0,96446
32875760077983,1,96446
32875760087958,0,96446
32875760093211,1,96446
32875760103251,0,96446
32875760107029,1,96446
32875760116917,0,96446
32875760120314,1,96446
32875760130224,0,96446
32875760133436,1,96446
32875760143400,0,96446
32875760147590,1,96446
32875760157478,0,96446
32875760161407,1,96446
32875760171393,0,96446
32875760175094,1,96446
32875760185156,0,96446
32875760188726,1,96446
32875760198658,0,96446
32875760201762,1,96446
32875760211672,0,96446
32875760215178,1,96446
32875760225087,0,96446
32875760228626,1,96446
32875760238611,0,96446
32875760241683,1,96446
32875760251647,0,96446
32875760255164,1,96446
32875760598117,0,96446
32875760605455,1,96446
32875760616005,0,96446
32875760620292,1,96446
32875761372766,3,96446




