32865543187537,2,96359
32865543367073,2,96360
32865543520972,2,96361
32865543637750,2,96362
32865543790867,2,96363
32865548366722,0,96361
32865548475685,1,96361
32865548491760,0,96361
32865548494593,1,96361
32865548505045,0,96361
32865548508225,1,96361
32865548518352,0,96361
32865548527676,1,96361
32865548538616,0,96361
32865548541232,1,96361
32865548551706,0,96361
32865548554474,1,96361
32865548569702,0,96361
32865548572513,1,96361
32865548590140,0,96361
32865548592800,1,96361
32865548602969,0,96363
32865548609286,1,96363
32865548619120,0,96362
32865548622887,1,96362
32865548632525,0,96363
32865548635575,1,96363
32865548693839,0,96363
32865548698691,1,96363
32865548715438,0,96362
32865548723481,1,96362
32865548790852,0,96362
32865548795714,1,96362
32865548862228,0,96363
32865548868881,1,96363
32865548890318,0,96363
32865548893433,1,96363
32865548903646,0,96363
32865548906555,1,96363
32865548916541,0,96363
32865548919548,1,96363
32865548929848,0,96363
32865548932670,1,96363
32865548942580,0,96363
32865548946183,1,96363
32865548953477,0,96362
32865548959002,1,96362
32865548964928,0,96360
32865548968488,1,96360
32865548974241,0,96362
32865548977888,1,96362
32865548983206,0,96363
32865548987059,1,96363
32865548993214,0,96362
32865548996567,1,96362
32865549002233,0,96360
32865549005598,1,96360
32865549021238,0,96360
32865549024191,1,96360
32865549041025,0,96360
32865549044585,1,96360
32865549100755,0,96360
32865549105758,1,96360
32865549116124,0,96362
32865549131059,1,96362
32865549212357,0,96360
32865549220302,1,96360
32865549241804,0,96360
32865549245190,1,96360
32865549255285,0,96360
32865549258801,1,96360
32865549272532,0,96360
32865549282333,1,96360
32865549342019,0,96360
32865549346925,1,96360
32865549403832,0,96360
32865549408499,1,96360
32865549417594,0,96362
32865549424388,1,96362
32865549498739,0,96359
32865549504926,1,96359
32865549522021,0,96360
32865549526081,1,96360
32865549540723,0,96360
32865549543946,1,96360
32865549555385,0,96362
32865549561279,1,96362
32865549567977,0,96359
32865549571222,1,96359
32865549579047,0,96362
32865549582856,1,96362
32865549640990,0,96362
32865549645647,1,96362
32865549712889,0,96363
32865549719282,1,96363
32865549740284,0,96363
32865549743681,1,96363
32865549753808,0,96363
32865549757053,1,96363
32865549770339,0,96363
32865549773910,1,96363
32865549830253,0,96363
32865549834996,1,96363
32865549844470,0,96361
32865549850874,1,96361
32865549923141,0,96362
32865549929350,1,96362
32865549946379,0,96363
32865549950526,1,96363
32865549965113,0,96363
32865549968022,1,96363
32865549978095,0,96363
32865549981926,1,96363
32865550039062,0,96363
32865550044369,1,96363
32865550054690,0,96359
32865550068333,1,96359
32865550140264,0,96361
32865550146559,1,96361
32865550167844,0,96361
32865550171144,1,96361
32865550181455,0,96361
32865550184928,1,96361
32865550195022,0,96361
32865550198854,1,96361
32865550255230,0,96361
32865550260363,1,96361
32865550269979,0,96360
32865550277468,1,96360
32865550349127,0,96362
32865550355368,1,96362
32865550376371,0,96362
32865550380495,1,96362
32865550390611,0,96362
32865550393889,1,96362
32865550404179,0,96362
32865550407576,1,96362
32865550465818,0,96362
32865550471039,1,96362
32865550480383,0,96361
32865550487308,1,96361
32865550557708,0,96363
32865550564275,1,96363
32865550585332,0,96363
32865550589825,1,96363
32865550600115,0,96363
32865550603317,1,96363
32865550616906,0,96363
32865550619793,1,96363
32865550676299,0,96363
32865550681216,1,96363
32865550691884,0,96362
32865550698776,1,96362
32865550771391,0,96360
32865550780541,1,96360
32865550821536,0,96360
32865550825899,1,96360
32865550836276,0,96360
32865550839988,1,96360
32865550850104,0,96360
32865550853881,1,96360
32865550864757,0,96360
32865550868306,1,96360
32865550878346,0,96360
32865550881765,1,96360
32865550895343,0,96360
32865550898675,1,96360
32865550906196,0,96359
32865550912589,1,96359
32865550925126,0,96361
32865550928795,1,96361
32865550985171,0,96361
32865550990088,1,96361
32865550998183,0,96362
32865551005336,1,96362
32865551080425,0,96360
32865551086753,1,96360
32865551107636,0,96360
32865551110773,1,96360
32865551121660,0,96360
32865551125263,1,96360
32865551134900,0,96362
32865551141412,1,96362
32865551199959,0,96362
32865551205364,1,96362
32865551261099,0,96362
32865551266320,1,96362
32865551349331,0,96360
32865551355236,1,96360
32865551373720,0,96360
32865551377910,1,96360
32865551388210,0,96360
32865551391662,1,96360
32865551402181,0,96363
32865551409290,1,96363
32865551471625,0,96363
32865551476563,1,96363
32865551491725,0,96361
32865551498248,1,96361
32865551569593,0,96360
32865551629224,1,96360
32865551690593,0,96360
32865551696367,1,96360
32865551706754,0,96360
32865551710434,1,96360
32865551723685,0,96362
32865551733041,1,96362
32865551796895,0,96362
32865551802398,1,96362
32865551869445,0,96363
32865551875653,1,96363
32865551896645,0,96363
32865551901030,1,96363
32865551911254,0,96363
32865551914586,1,96363
32865551926524,0,96361
32865551934795,1,96361
32865551997184,0,96361
32865552002003,1,96361
32865552017937,0,96359
32865552026859,1,96359
32865552089899,0,96359
32865552095022,1,96359
32865552151462,0,96359
32865552156889,1,96359
32865552167320,0,96359
32865552170837,1,96359
32865552180985,0,96359
32865552184654,1,96359
32865552194705,0,96359
32865552198547,1,96359
32865552209303,0,96359
32865552212505,1,96359
32865552224542,0,96360
32865552232172,1,96360
32865552295527,0,96360
32865552301095,1,96360
32865552358741,0,96360
32865552363940,1,96360
32865552380884,0,96363
32865552389057,1,96363
32865552452195,0,96363
32865552457166,1,96363
32865552467543,0,96363
32865552471624,1,96363
32865552481740,0,96363
32865552485278,1,96363
32865552495242,0,96363
32865552499073,1,96363
32865552509102,0,96363
32865552512326,1,96363
32865552522453,0,96363
32865552525861,1,96363
32865552582182,0,96363
32865552587490,1,96363
32865552643887,0,96363
32865552648772,1,96363
32865552704062,0,96363
32865552709500,1,96363
32865552719833,0,96363
32865552723458,1,96363
32865552733389,0,96363
32865552737025,1,96363
32865552747098,0,96363
32865552750343,1,96363
32865552760264,0,96363
32865552763270,1,96363
32865552773202,0,96363
32865552776479,1,96363
32865552786411,0,96363
32865552789548,1,96363
32865552799457,0,96363
32865552802486,1,96363
32865552812417,0,96363
32865552815923,1,96363
32865552951457,0,96363
32865552957111,1,96363
32865552967672,0,96363
32865552971363,1,96363
32865552981446,0,96363
32865552984898,1,96363
32865552994883,0,96363
32865552998997,1,96363
32865553009059,0,96363
32865553012445,1,96363
32865553022496,0,96363
32865553025817,1,96363
32865553081737,0,96363
32865553086458,1,96363
32865553095303,0,96361
32865553103389,1,96361
32865553167134,0,96361
32865553171834,1,96361
32865553263398,0,96361
32865553268956,1,96361
32865553279365,0,96361
32865553283576,1,96361
32865553293540,0,96361
32865553296785,1,96361
32865553306782,0,96361
32865553310439,1,96361
32865553320447,0,96361
32865553324799,1,96361
32865553334752,0,96361
32865553338161,1,96361
32865553348222,0,96361
32865553351793,1,96361
32865553362332,0,96361
32865553365578,1,96361
32865553375553,0,96361
32865553378537,1,96361
32865553388436,0,96361
32865553391671,1,96361
32865553401537,0,96361
32865553404923,1,96361
32865553414877,0,96361
32865553418274,1,96361
32865553428183,0,96361
32865553431233,1,96361
32865553451075,0,96361
32865553513127,1,96361
32865553528952,0,96361
32865553533120,1,96361
32865553543268,0,96361
32865553547935,1,96361
32865553558703,0,96361
32865553562295,1,96361
32865553572281,0,96361
32865553575450,1,96361
32865553585555,0,96361
32865553589007,1,96361
32865553598971,0,96361
32865553602032,1,96361
32865553611963,0,96361
32865553615675,1,96361
32865553625585,0,96361
32865553628971,1,96361
32865553638924,0,96361
32865553642278,1,96361
32865553652242,0,96361
32865553655455,1,96361
32865553665669,0,96361
32865553669381,1,96361
32865553679366,0,96361
32865553682785,1,96361
32865553692738,0,96361
32865553695626,1,96361
32865553705492,0,96361
32865553709171,1,96361
32865553719179,0,96361
32865553722685,1,96361
32865553733028,0,96361
32865553736371,1,96361
32865553746422,0,96361
32865553749744,1,96361
32865553759653,0,96361
32865553762530,1,96361
32865553772548,0,96361
32865553797555,1,96361
32865553812501,0,96361
32865553816593,1,96361
32865553826677,0,96361
32865553829792,1,96361
32865553839810,0,96361
32865553843359,1,96361
32865553939884,0,96361
32865553946982,1,96361
32865553959160,0,96361
32865553962655,1,96361
32865553972793,0,96361
32865553976548,1,96361
32865553986502,0,96361
32865553990843,1,96361
32865554000948,0,96361
32865554004161,1,96361
32865554014092,0,96361
32865554017414,1,96361
32865554027356,0,96361
32865554030656,1,96361
32865554040533,0,96361
32865554043832,1,96361
32865554053742,0,96361
32865554057617,1,96361
32865554067516,0,96361
32865554078706,1,96361
32865554089430,0,96361
32865554092849,1,96361
32865554103290,0,96361
32865554178747,1,96361
32865554194692,0,96361
32865554199858,1,96361
32865554210072,0,96361
32865554213426,1,96361
32865554223368,0,96361
32865554227558,1,96361
32865554237554,0,96361
32865554240973,1,96361
32865554250926,0,96361
32865554254150,1,96361
32865554264070,0,96361
32865554267348,1,96361
32865554277247,0,96361
32865554280894,1,96361
32865554290804,0,96361
32865554294310,1,96361
32865554304371,0,96361
32865554307649,1,96361
32865554317830,0,96361
32865554321293,1,96361
32865554331137,0,96361
32865554335110,1,96361
32865554345161,0,96361
32865554348319,1,96361
32865554358218,0,96361
32865554361528,1,96361
32865554371557,0,96361
32865554374955,1,96361
32865554384919,0,96361
32865554388045,1,96361
32865554398009,0,96361
32865554401656,1,96361
32865554411728,0,96361
32865554415429,1,96361
32865554425404,0,96361
32865554428367,1,96361
32865554448632,0,96361
32865554510673,1,96361
32865554526411,0,96361
32865554530069,1,96361
32865554540163,0,96361
32865554543962,1,96361
32865554553937,0,96361
32865554557638,1,96361
32865554567515,0,96361
32865554571379,1,96361
32865554581354,0,96361
32865554584513,1,96361
32865554594585,0,96361
32865554598069,1,96361
32865554608663,0,96361
32865554612212,1,96361
32865554622132,0,96361
32865554625953,1,96361
32865554635830,0,96361
32865554639249,1,96361
32865554649267,0,96361
32865554652567,1,96361
32865554662824,0,96361
32865554666080,1,96361
32865554676066,0,96361
32865554679235,1,96361
32865554689275,0,96361
32865554692445,1,96361
32865554702398,0,96361
32865554705578,1,96361
32865554715509,0,96361
32865554719547,1,96361
32865554729587,0,96361
32865554733169,1,96361
32865554753596,0,96361
32865554814878,1,96361
32865554831256,0,96361
32865554835229,1,96361
32865554845410,0,96361
32865554849024,1,96361
32865554859107,0,96361
32865554862266,1,96361
32865554872208,0,96361
32865554875388,1,96361
32865554885418,0,96361
32865554889748,1,96361
32865554900038,0,96361
32865554903750,1,96361
32865554913888,0,96361
32865554917448,1,96361
32865554927346,0,96361
32865554930581,1,96361
32865554971077,0,96361
32865554977155,1,96361
32865554987412,0,96361
32865554990951,1,96361
32865555000915,0,96361
32865555004811,1,96361
32865555014710,0,96361
32865555018542,1,96361
32865555028603,0,96361
32865555032087,1,96361
32865555110204,0,96361
32865555116282,1,96361
32865555131445,0,96361
32865555136524,1,96361
32865555146695,0,96361
32865555150179,1,96361
32865555160154,0,96361
32865555163768,1,96361
32865555173645,0,96361
32865555177140,1,96361
32865555187006,0,96361
32865555190197,1,96361
32865555200064,0,96361
32865555203233,1,96361
32865555213219,0,96361
32865555216442,1,96361
32865555226504,0,96361
32865555230390,1,96361
32865555240332,0,96361
32865555244163,1,96361
32865555254095,0,96361
32865555257742,1,96361
32865555267695,0,96361
32865555271429,1,96361
32865555281436,0,96361
32865555284964,1,96361
32865555295611,0,96361
32865555365880,1,96361
32865555381564,0,96361
32865555385330,1,96361
32865555395880,0,96361
32865555399582,1,96361
32865555409535,0,96361
32865555413084,1,96361
32865555422972,0,96361
32865555427552,1,96361
32865555437571,0,96361
32865555440848,1,96361
32865555450921,0,96361
32865555454394,1,96361
32865555464271,0,96361
32865555467538,1,96361
32865555477535,0,96361
32865555481041,1,96361
32865555491406,0,96361
32865555494728,1,96361
32865555504876,0,96361
32865555508512,1,96361
32865555518541,0,96361
32865555521841,1,96361
32865555531729,0,96361
32865555534822,1,96361
32865555544743,0,96361
32865555547912,1,96361
32865555557854,0,96361
32865555560904,1,96361
32865555570803,0,96361
32865555574005,1,96361
32865555648680,0,96361
32865555655377,1,96361
32865555670258,0,96361
32865555674394,1,96361
32865555684944,0,96361
32865555687983,1,96361
32865555698099,0,96361
32865555708790,1,96361
32865555719134,0,96361
32865555722802,1,96361
32865555732734,0,96361
32865555735990,1,96361
32865555745900,0,96361
32865555749329,1,96361
32865555759283,0,96361
32865555763016,1,96361
32865555772948,0,96361
32865555776291,1,96361
32865555786157,0,96361
32865555789153,1,96361
32865555799073,0,96361
32865555802807,1,96361
32865555812912,0,96361
32865555816266,1,96361
32865555895728,0,96361
32865555901687,1,96361
32865555913290,0,96361
32865555917762,1,96361
32865555927856,0,96361
32865555931264,1,96361
32865555941195,0,96361
32865555944430,1,96361
32865555954372,0,96361
32865555957585,1,96361
32865555967484,0,96361
32865555970794,1,96361
32865555980671,0,96361
32865555983765,1,96361
32865555993620,0,96361
32865555997082,1,96361
32865556007014,0,96361
32865556010422,1,96361
32865556049887,0,96361
32865556055954,1,96361
32865556067449,0,96361
32865556071237,1,96361
32865556081353,0,96361
32865556085217,1,96361
32865556095159,0,96361
32865556098524,1,96361
32865556108206,0,96361
32865556180536,1,96361
32865556196145,0,96361
32865556201018,1,96361
32865556211090,0,96361
32865556215052,1,96361
32865556225060,0,96361
32865556228717,1,96361
32865556238616,0,96361
32865556241883,1,96361
32865556251912,0,96361
32865556255429,1,96361
32865556266033,0,96361
32865556268942,1,96361
32865556278841,0,96361
32865556281956,1,96361
32865556291801,0,96361
32865556295838,1,96361
32865556305867,0,96361
32865556309471,1,96361
32865556319435,0,96361
32865556322876,1,96361
32865556332698,0,96361
32865556335998,1,96361
32865556346005,0,96361
32865556349055,1,96361
32865556428962,0,96361
32865556435062,1,96361
32865556446047,0,96361
32865556450236,1,96361
32865556460244,0,96361
32865556463815,1,96361
32865556473735,0,96361
32865556477415,1,96361
32865556487248,0,96361
32865556490787,1,96361
32865556500772,0,96361
32865556504213,1,96361
32865556514155,0,96361
32865556517270,1,96361
32865556527527,0,96361
32865556530957,1,96361
32865556541084,0,96361
32865556544992,1,96361
32865556554934,0,96361
32865556558461,1,96361
32865556568577,0,96361
32865556571964,1,96361
32865556582080,0,96361
32865556584988,1,96361
32865556594876,0,96361
32865556598480,1,96361
32865556608422,0,96361
32865556611863,1,96361
32865556621783,0,96361
32865556625126,1,96361
32865556635036,0,96361
32865556648593,1,96361
32865556718731,0,96361
32865556724202,1,96361
32865556734470,0,96361
32865556738160,1,96361
32865556748232,0,96361
32865556752531,1,96361
32865556763124,0,96361
32865556766717,1,96361
32865556776692,0,96361
32865556779991,1,96361
32865556789836,0,96361
32865556792658,1,96361
32865556802502,0,96361
32865556806030,1,96361
32865556815950,0,96361
32865556819174,1,96361
32865556829105,0,96361
32865556832546,1,96361
32865556842760,0,96361
32865556845994,1,96361
32865556855893,0,96361
32865556859366,1,96361
32865556869417,0,96361
32865556873325,1,96361
32865556951560,0,96361
32865556957508,1,96361
32865556969057,0,96361
32865556972888,1,96361
32865556982917,0,96361
32865556987476,1,96361
32865556997483,0,96361
32865557000218,1,96361
32865557010117,0,96361
32865557014177,1,96361
32865557024151,0,96361
32865557027429,1,96361
32865557037480,0,96361
32865557040704,1,96361
32865557050624,0,96361
32865557054239,1,96361
32865557064192,0,96361
32865557067350,1,96361
32865557077868,0,96361
32865557081048,1,96361
32865557090925,0,96361
32865557094127,1,96361
32865557134157,0,96361
32865557139605,1,96361
32865557150448,0,96361
32865557154182,1,96361
32865557164266,0,96361
32865557237074,1,96361
32865557252964,0,96361
32865557256741,1,96361
32865557267020,0,96361
32865557270613,1,96361
32865557280501,0,96361
32865557283833,1,96361
32865557293732,0,96361
32865557296771,1,96361
32865557306605,0,96361
32865557309644,1,96361
32865557319543,0,96361
32865557322907,1,96361
32865557332915,0,96361
32865557336258,1,96361
32865557346309,0,96361
32865557349196,1,96361
32865557359051,0,96361
32865557362220,1,96361
32865557372119,0,96361
32865557375831,1,96361
32865557385741,0,96361
32865557388976,1,96361
32865557398907,0,96361
32865557402619,1,96361
32865557482016,0,96361
32865557487703,1,96361
32865557499165,0,96361
32865557502400,1,96361
32865557512461,0,96361
32865557516933,1,96361
32865557527852,0,96361
32865557531543,1,96361
32865557541485,0,96361
32865557544470,1,96361
32865557554488,0,96361
32865557558167,1,96361
32865557568153,0,96361
32865557571659,1,96361
32865557581645,0,96361
32865557585302,1,96361
32865557595190,0,96361
32865557599054,1,96361
32865557608975,0,96361
32865557612296,1,96361
32865557622434,0,96361
32865557625712,1,96361
32865557635817,0,96361
32865557639258,1,96361
32865557649124,0,96361
32865557651957,1,96361
32865557661921,0,96361
32865557665329,1,96361
32865557675488,0,96361
32865557678788,1,96361
32865557688741,0,96361
32865557691964,1,96361
32865557712359,0,96361
32865557818413,1,96361
32865557839959,0,96361
32865557844289,1,96361
32865557854362,0,96361
32865557858562,1,96361
32865557914493,0,96361
32865557920224,1,96361
32865557937310,0,96359
32865557946785,1,96359
32865558009749,0,96359
32865558015013,1,96359
32865558025335,0,96359
32865558030079,1,96359
32865558040129,0,96359
32865558042973,1,96359
32865558052872,0,96359
32865558056356,1,96359
32865558066266,0,96359
32865558069924,1,96359
32865558079790,0,96359
32865558083155,1,96359
32865558140029,0,96359
32865558145500,1,96359
32865558202071,0,96359
32865558206955,1,96359
32865558217353,0,96359
32865558221803,1,96359
32865558231919,0,96359
32865558235338,1,96359
32865558245270,0,96359
32865558249079,1,96359
32865558259022,0,96359
32865558262441,1,96359
32865558272350,0,96359
32865558275889,1,96359
32865558284744,0,96360
32865558293123,1,96360
32865558355610,0,96360
32865558360613,1,96360
32865558431361,0,96362
32865558437993,1,96362
32865558459430,0,96362
32865558463619,1,96362
32865558473833,0,96362
32865558477567,1,96362
32865558488896,0,96360
32865558495127,1,96360
32865558552761,0,96360
32865558558601,1,96360
32865558628426,0,96361
32865558635763,1,96361
32865558657113,0,96361
32865558660934,1,96361
32865558671104,0,96361
32865558674534,1,96361
32865558684464,0,96360
32865558691160,1,96360
32865558749468,0,96360
32865558754743,1,96360
32865558823114,0,96361
32865558830375,1,96361
32865558851085,0,96361
32865558856132,1,96361
32865558866335,0,96361
32865558870209,1,96361
32865558880324,0,96360
32865558886901,1,96360
32865558944427,0,96360
32865558950419,1,96360
32865558964400,0,96361
32865558971217,1,96361
32865559032129,0,96361
32865559037708,1,96361
32865559047987,0,96361
32865559052915,1,96361
32865559063682,0,96361
32865559067220,1,96361
32865559077206,0,96361
32865559080853,1,96361
32865559090827,0,96361
32865559093801,1,96361
32865559105338,0,96362
32865559114303,1,96362
32865559175812,0,96362
32865559181239,1,96362
32865559250479,0,96360
32865559257121,1,96360
32865559278460,0,96360
32865559282465,1,96360
32865559292603,0,96360
32865559296109,1,96360
32865559306084,0,96360
32865559310154,1,96360
32865559320085,0,96360
32865559323537,1,96360
32865559333523,0,96360
32865559337897,1,96360
32865559347468,0,96363
32865559362740,1,96363
32865559424499,0,96363
32865559429850,1,96363
32865559486008,0,96363
32865559491034,1,96363
32865559499035,0,96359
32865559519158,1,96359
32865559539857,0,96359
32865559543297,1,96359
32865559553446,0,96359
32865559557712,1,96359
32865559567882,0,96359
32865559571518,1,96359
32865559581925,0,96363
32865559585746,1,96363
32865559641774,0,96363
32865559646289,1,96363
32865559653910,0,96360
32865559660510,1,96360
32865559722942,0,96360
32865559728032,1,96360
32865559738550,0,96360
32865559743326,1,96360
32865559753539,0,96360
32865559756958,1,96360
32865559766922,0,96360
32865559770439,1,96360
32865559780414,0,96360
32865559783974,1,96360
32865559794761,0,96359
32865559802413,1,96359
32865559863217,0,96359
32865559868351,1,96359
32865559885186,0,96363
32865559893033,1,96363
32865559956746,0,96363
32865559963182,1,96363
32865559973689,0,96363
32865559977824,1,96363
32865559987995,0,96363
32865559991783,1,96363
32865560002680,0,96363
32865560006544,1,96363
32865560016627,0,96363
32865560020654,1,96363
32865560028588,0,96362
32865560036533,1,96362
32865560098737,0,96362
32865560104078,1,96362
32865560119590,0,96361
32865560128685,1,96361
32865560190890,0,96361
32865560196143,1,96361
32865560207354,0,96359
32865560290387,1,96359
32865560313549,0,96359
32865560318314,1,96359
32865560328419,0,96359
32865560332587,1,96359
32865560342583,0,96359
32865560346285,1,96359
32865560359560,0,96360
32865560366713,1,96360
32865560427940,0,96360
32865560433226,1,96360
32865560490579,0,96360
32865560496820,1,96360
32865560505371,0,96361
32865560513154,1,96361
32865560592509,0,96359
32865560617039,1,96359
32865560650349,0,96359
32865560655201,1,96359
32865560666131,0,96359
32865560669550,1,96359
32865560680947,0,96360
32865560685115,1,96360
32865560698703,0,96363
32865560704607,1,96363
32865560716743,0,96362
32865560720738,1,96362
32865560793709,0,96362
32865560799885,1,96362
32865560810381,0,96362
32865560814114,1,96362
32865560824143,0,96362
32865560828116,1,96362
32865560838091,0,96362
32865560841673,1,96362
32865560857507,0,96360
32865560865854,1,96360
32865560975121,0,96359
32865560995570,1,96359
32865561024072,0,96359
32865561030215,1,96359
32865561043794,0,96361
32865561050643,1,96361
32865561108603,0,96361
32865561114475,1,96361
32865561171632,0,96361
32865561177960,1,96361
32865561244516,0,96363
32865561252863,1,96363
32865561274528,0,96363
32865561278826,1,96363
32865561289170,0,96363
32865561292980,1,96363
32865561304029,0,96361
32865561308946,1,96361
32865561367579,0,96361
32865561373267,1,96361
32865561388301,0,96360
32865561396724,1,96360
32865561459709,0,96360
32865561464767,1,96360
32865561475046,0,96360
32865561479518,1,96360
32865561492953,0,96363
32865561571417,1,96363
32865561594026,0,96363
32865561598725,1,96363
32865561608809,0,96363
32865561612173,1,96363
32865561622170,0,96363
32865561626783,1,96363
32865561682833,0,96363
32865561688358,1,96363
32865561698801,0,96362
32865561706084,1,96362
32865561767713,0,96362
32865561773129,1,96362
32865561854186,0,96362
32865561860395,1,96362
32865561870891,0,96362
32865561874288,1,96362
32865561884198,0,96362
32865561888398,1,96362
32865561898340,0,96362
32865561901781,1,96362
32865561911864,0,96362
32865561915501,1,96362
32865561925432,0,96362
32865561928916,1,96362
32865561985541,0,96362
32865561990632,1,96362
32865562005261,0,96363
32865562012729,1,96363
32865562085821,0,96361
32865562093191,1,96361
32865562114356,0,96361
32865562117906,1,96361
32865562127989,0,96361
32865562131994,1,96361
32865562145507,0,96361
32865562149350,1,96361
32865562206713,0,96361
32865562212129,1,96361
32865562268233,0,96361
32865562273042,1,96361
32865562283418,0,96361
32865562286870,1,96361
32865562296812,0,96361
32865562301338,1,96361
32865562311454,0,96361
32865562315220,1,96361
32865562325336,0,96361
32865562328820,1,96361
32865562338773,0,96361
32865562342290,1,96361
32865562397852,0,96361
32865562403322,1,96361
32865562459361,0,96361
32865562464072,1,96361
32865562481655,0,96361
32865562485324,1,96361
32865562495309,0,96361
32865562498761,1,96361
32865562508649,0,96361
32865562513305,1,96361
32865562523421,0,96361
32865562527893,1,96361
32865562537976,0,96361
32865562541222,1,96361
32865562551305,0,96361
32865562555017,1,96361
32865562565209,0,96361
32865562568313,1,96361
32865562578245,0,96361
32865562581425,1,96361
32865562591324,0,96361
32865562594754,1,96361
32865562604685,0,96361
32865562607854,1,96361
32865562617710,0,96361
32865562620803,1,96361
32865562630659,0,96361
32865562634143,1,96361
32865562643966,0,96361
32865562647026,1,96361
32865562657001,0,96361
32865562660876,1,96361
32865562671111,0,96361
32865562674965,1,96361
32865562684874,0,96361
32865562688098,1,96361
32865562697953,0,96361
32865562701155,1,96361
32865562711087,0,96361
32865562714658,1,96361
32865562724578,0,96361
32865562727943,1,96361
32865562737820,0,96361
32865562741391,1,96361
32865562751246,0,96361
32865562754340,1,96361
32865562764249,0,96361
32865562767690,1,96361
32865562777665,0,96361
32865562780813,1,96361
32865562790896,0,96361
32865562794272,1,96361
32865562804181,0,96361
32865562807481,1,96361
32865562817401,0,96361
32865562820864,1,96361
32865562830784,0,96361
32865562834258,1,96361
32865562844211,0,96361
32865562847532,1,96361
32865562857670,0,96361
32865562860850,1,96361
32865562870803,0,96361
32865562873962,1,96361
32865562883958,0,96361
32865562887724,1,96361
32865562897645,0,96361
32865562901390,1,96361
32865562911299,0,96361
32865562914903,1,96361
32865562924867,0,96361
32865562928850,1,96361
32865562939020,0,96361
32865562942070,1,96361
32865562951947,0,96361
32865562955171,1,96361
32865562965059,0,96361
32865562968749,1,96361
32865562978692,0,96361
32865562982024,1,96361
32865562992009,0,96361
32865562994897,1,96361
32865563004752,0,96361
32865563008475,1,96361
32865563018374,0,96361
32865563021554,1,96361
32865563031496,0,96361
32865563034742,1,96361
32865563044792,0,96361
32865563048211,1,96361
32865563058045,0,96361
32865563061681,1,96361
32865563071580,0,96361
32865563074511,1,96361
32865563084431,0,96361
32865563088382,1,96361
32865563098302,0,96361
32865563101689,1,96361
32865563111566,0,96361
32865563114746,1,96361
32865563124656,0,96361
32865563135879,1,96361
32865563146310,0,96361
32865563149815,1,96361
32865563159899,0,96361
32865563163372,1,96361
32865563173347,0,96361
32865563176907,1,96361
32865563186849,0,96361
32865563190496,1,96361
32865563200395,0,96361
32865563203630,1,96361
32865563213507,0,96361
32865563217099,1,96361
32865563226976,0,96361
32865563230591,1,96361
32865563240501,0,96361
32865563244234,1,96361
32865563254198,0,96361
32865563257758,1,96361
32865563267711,0,96361
32865563271174,1,96361
32865563281268,0,96361
32865563284318,1,96361
32865563294315,0,96361
32865563297712,1,96361
32865563307567,0,96361
32865563310737,1,96361
32865563320625,0,96361
32865563323881,1,96361
32865563333736,0,96361
32865563337210,1,96361
32865563347097,0,96361
32865563350679,1,96361
32865563360665,0,96361
32865563364095,1,96361
32865563374048,0,96361
32865563377413,1,96361
32865563387485,0,96361
32865563390763,1,96361
32865563400651,0,96361
32865563403820,1,96361
32865563413752,0,96361
32865563417214,1,96361
32865563427200,0,96361
32865563430934,1,96361
32865563441212,0,96361
32865563443991,1,96361
32865563453988,0,96361
32865563457482,1,96361
32865563467360,0,96361
32865563470779,1,96361
32865563480645,0,96361
32865563484259,1,96361
32865563494147,0,96361
32865563497545,1,96361
32865563507487,0,96361
32865563510938,1,96361
32865563520967,0,96361
32865563524332,1,96361
32865563534285,0,96361
32865563537433,1,96361
32865563547408,0,96361
32865563550490,1,96361
32865563560595,0,96361
32865563564231,1,96361
32865563574261,0,96361
32865563576985,1,96361
32865563586851,0,96361
32865563590227,1,96361
32865563600234,0,96361
32865563603621,1,96361
32865563613541,0,96361
32865563617166,1,96361
32865563627130,0,96361
32865563630549,1,96361
32865563640481,0,96361
32865563643845,1,96361
32865563653744,0,96361
32865563657152,1,96361
32865563667105,0,96361
32865563670438,1,96361
32865563680380,0,96361
32865563683397,1,96361
32865563693285,0,96361
32865563696400,1,96361
32865563706310,0,96361
32865563709718,1,96361
32865563719628,0,96361
32865563723101,1,96361
32865563733087,0,96361
32865563736278,1,96361
32865563746188,0,96361
32865563748901,1,96361
32865563758767,0,96361
32865563762176,1,96361
32865563772107,0,96361
32865563775754,1,96361
32865563785653,0,96361
32865563789007,1,96361
32865563798927,0,96361
32865563801923,1,96361
32865563811984,0,96361
32865563815186,1,96361
32865563825053,0,96361
32865563828786,1,96361
32865563838707,0,96361
32865563842137,1,96361
32865563852003,0,96361
32865563855368,1,96361
32865563865277,0,96361
32865563868979,1,96361
32865563878899,0,96361
32865563882394,1,96361
32865563892304,0,96361
32865563895842,1,96361
32865563905752,0,96361
32865563908726,1,96361
32865563918788,0,96361
32865563922348,1,96361
32865563932301,0,96361
32865563935600,1,96361
32865563979049,0,96361
32865563984400,1,96361
32865563996394,0,96361
32865563999921,1,96361
32865564009874,0,96361
32865564014509,1,96361
32865564024505,0,96361
32865564027968,1,96361
32865564037878,0,96361
32865564041318,1,96361
32865564051260,0,96361
32865564054669,1,96361
32865564064698,0,96361
32865564068301,1,96361
32865564078927,0,96361
32865564082607,1,96361
32865564092549,0,96361
32865564095870,1,96361
32865564105780,0,96361
32865564109069,1,96361
32865564119098,0,96361
32865564122843,1,96361
32865564132785,0,96361
32865564136139,1,96361
32865564146092,0,96361
32865564150151,1,96361
32865564160224,0,96361
32865564163871,1,96361
32865564173921,0,96361
32865564176852,1,96361
32865564186740,0,96361
32865564190365,1,96361
32865564200307,0,96361
32865564203661,1,96361
32865564213571,0,96361
32865564216588,1,96361
32865564226509,0,96361
32865564230102,1,96361
32865564240044,0,96361
32865564243647,1,96361
32865564253644,0,96361
32865564257204,1,96361
32865564267298,0,96361
32865564270750,1,96361
32865564280605,0,96361
32865564283775,1,96361
32865564293804,0,96361
32865564297429,1,96361
32865564307588,0,96361
32865564310606,1,96361
32865564320580,0,96361
32865564323554,1,96361
32865564333573,0,96361
32865564337068,1,96361
32865564347032,0,96361
32865564350744,1,96361
32865564360718,0,96361
32865564364148,1,96361
32865564374069,0,96361
32865564377423,1,96361
32865564387322,0,96361
32865564390697,1,96361
32865564400726,0,96361
32865564404189,1,96361
32865564414207,0,96361
32865564417496,1,96361
32865564427449,0,96361
32865564430846,1,96361
32865564440756,0,96361
32865564444175,1,96361
32865564454095,0,96361
32865564457547,1,96361
32865564467478,0,96361
32865564470669,1,96361
32865564480525,0,96361
32865564484237,1,96361
32865564494168,0,96361
32865564497435,1,96361
32865564507291,0,96361
32865564510981,1,96361
32865564520988,0,96361
32865564524342,1,96361
32865564534350,0,96361
32865564537758,1,96361
32865564547711,0,96361
32865564557436,1,96361
32865564567878,0,96361
32865564571297,1,96361
32865564581315,0,96361
32865564584897,1,96361
32865564594893,0,96361
32865564598323,1,96361
32865564608319,0,96361
32865564611890,1,96361
32865564621887,0,96361
32865564625187,1,96361
32865564635237,0,96361
32865564638483,1,96361
32865564648392,0,96361
32865564652159,1,96361
32865564662079,0,96361
32865564665477,1,96361
32865564675451,0,96361
32865564678946,1,96361
32865564688932,0,96361
32865564692264,1,96361
32865564702185,0,96361
32865564705246,1,96361
32865564715155,0,96361
32865564718477,1,96361
32865564728408,0,96361
32865564731686,1,96361
32865564741574,0,96361
32865564745188,1,96361
32865564755174,0,96361
32865564758593,1,96361
32865564768633,0,96361
32865564771856,1,96361
32865564781799,0,96361
32865564784925,1,96361
32865564794791,0,96361
32865564798427,1,96361
32865564808326,0,96361
32865564811473,1,96361
32865564821437,0,96361
32865564824563,1,96361
32865564834440,0,96361
32865564837740,1,96361
32865564847650,0,96361
32865564851036,1,96361
32865564860989,0,96361
32865564864441,1,96361
32865564874470,0,96361
32865564877791,1,96361
32865564887864,0,96361
32865564891663,1,96361
32865564901540,0,96361
32865564904796,1,96361
32865564914782,0,96361
32865564918222,1,96361
32865564928425,0,96361
32865564931996,1,96361
32865564941982,0,96361
32865564945726,1,96361
32865564955658,0,96361
32865564959033,1,96361
32865564968889,0,96361
32865564971906,1,96361
32865564981838,0,96361
32865564985300,1,96361
32865564995307,0,96361
32865564998650,1,96361
32865565008614,0,96361
32865565012088,1,96361
32865565022062,0,96361
32865565025481,1,96361
32865565035402,0,96361
32865565038756,1,96361
32865565048861,0,96361
32865565052085,1,96361
32865565061983,0,96361
32865565064925,1,96361
32865565074845,0,96361
32865565077765,1,96361
32865565087642,0,96361
32865565090573,1,96361
32865565100526,0,96361
32865565103934,1,96361
32865565114126,0,96361
32865565117784,1,96361
32865565127748,0,96361
32865565131384,1,96361
32865565141576,0,96361
32865565144723,1,96361
32865565154752,0,96361
32865565158139,1,96361
32865565168005,0,96361
32865565171272,1,96361
32865565181128,0,96361
32865565184481,1,96361
32865565194380,0,96361
32865565197995,1,96361
32865565207904,0,96361
32865565210813,1,96361
32865565220647,0,96361
32865565223404,1,96361
32865565233292,0,96361
32865565236971,1,96361
32865565246881,0,96361
32865565249964,1,96361
32865565259862,0,96361
32865565263151,1,96361
32865565273104,0,96361
32865565276621,1,96361
32865565286748,0,96361
32865565290167,1,96361
32865565300131,0,96361
32865565303702,1,96361
32865565313611,0,96361
32865565317171,1,96361
32865565327114,0,96361
32865565330348,1,96361
32865565340280,0,96361
32865565343329,1,96361
32865565353250,0,96361
32865565356680,1,96361
32865565366633,0,96361
32865565369607,1,96361
32865565379506,0,96361
32865565382892,1,96361
32865565392997,0,96361
32865565396677,1,96361
32865565406728,0,96361
32865565410299,1,96361
32865565420252,0,96361
32865565423117,1,96361
32865565432994,0,96361
32865565436543,1,96361
32865565446464,0,96361
32865565449720,1,96361
32865565459662,0,96361
32865565463114,1,96361
32865565473111,0,96361
32865565476725,1,96361
32865565486797,0,96361
32865565490195,1,96361
32865565500083,0,96361
32865565503285,1,96361
32865565513173,0,96361
32865565516559,1,96361
32865565526501,0,96361
32865565529942,1,96361
32865565539884,0,96361
32865565543325,1,96361
32865565553224,0,96361
32865565556371,1,96361
32865565566292,0,96361
32865565569461,1,96361
32865565579469,0,96361
32865565582801,1,96361
32865565592732,0,96361
32865565596097,1,96361
32865565606213,0,96361
32865565608894,1,96361
32865565618804,0,96361
32865565622309,1,96361
32865565632208,0,96361
32865565635584,1,96361
32865565645569,0,96361
32865565649292,1,96361
32865565659289,0,96361
32865565662925,1,96361
32865565672900,0,96361
32865565676644,1,96361
32865565686684,0,96361
32865565689778,1,96361
32865565699774,0,96361
32865565702954,1,96361
32865565713027,0,96361
32865565716251,1,96361
32865565726193,0,96361
32865565729699,1,96361
32865565739619,0,96361
32865565742702,1,96361
32865565752590,0,96361
32865565755868,1,96361
32865565765788,0,96361
32865565768968,1,96361
32865565778911,0,96361
32865565782362,1,96361
32865565792261,0,96361
32865565795333,1,96361
32865565805210,0,96361
32865565808531,1,96361
32865565818517,0,96361
32865565821523,1,96361
32865565831433,0,96361
32865565834906,1,96361
32865565844881,0,96361
32865565848181,1,96361
32865565858156,0,96361
32865565865232,1,96361
32865565875457,0,96361
32865565878442,1,96361
32865565888373,0,96361
32865565891586,1,96361
32865565901821,0,96361
32865565905034,1,96361
32865565915020,0,96361
32865565918677,1,96361
32865565928674,0,96361
32865565932125,1,96361
32865565942187,0,96361
32865565945704,1,96361
32865565955635,0,96361
32865565959336,1,96361
32865565969290,0,96361
32865565972274,1,96361
32865565982184,0,96361
32865565985679,1,96361
32865565995686,0,96361
32865565998867,1,96361
32865566008798,0,96361
32865566012098,1,96361
32865566021996,0,96361
32865566025318,1,96361
32865566035358,0,96361
32865566038581,1,96361
32865566048686,0,96361
32865566052008,1,96361
32865566062004,0,96361
32865566065087,1,96361
32865566074964,0,96361
32865566077970,1,96361
32865566087934,0,96361
32865566091570,1,96361
32865566101534,0,96361
32865566104704,1,96361
32865566114592,0,96361
32865566117815,1,96361
32865566160037,0,96361
32865566165085,1,96361
32865566175960,0,96361
32865566179998,1,96361
32865566190581,0,96361
32865566193750,1,96361
32865566203822,0,96361
32865566208446,1,96361
32865566218378,0,96361
32865566221547,1,96361
32865566231511,0,96361
32865566235342,1,96361
32865566245306,0,96361
32865566248866,1,96361
32865566258841,0,96361
32865566262380,1,96361
32865566272322,0,96361
32865566275567,1,96361
32865566285477,0,96361
32865566288668,1,96361
32865566298675,0,96361
32865566302420,1,96361
32865566312351,0,96361
32865566315564,1,96361
32865566325463,0,96361
32865566328958,1,96361
32865566338944,0,96361
32865566342265,1,96361
32865566352164,0,96361
32865566355637,1,96361
32865566365536,0,96361
32865566368575,1,96361
32865566378463,0,96361
32865566382186,1,96361
32865566392063,0,96361
32865566395536,1,96361
32865566405479,0,96361
32865566408963,1,96361
32865566418872,0,96361
32865566422248,1,96361
32865566432244,0,96361
32865566435620,1,96361
32865566445465,0,96361
32865566448515,1,96361
32865566458413,0,96361
32865566461930,1,96361
32865566471916,0,96361
32865566475726,1,96361
32865566485679,0,96361
32865566489098,1,96361
32865566499029,0,96361
32865566502654,1,96361
32865566512618,0,96361
32865566516015,1,96361
32865566526001,0,96361
32865566529192,1,96361
32865566539167,0,96361
32865566542532,1,96361
32865566552463,0,96361
32865566555871,1,96361
32865566565803,0,96361
32865566568918,1,96361
32865566578958,0,96361
32865566582637,1,96361
32865566592601,0,96361
32865566595760,1,96361
32865566605713,0,96361
32865566609555,1,96361
32865566619606,0,96361
32865566623177,1,96361
32865566633108,0,96361
32865566636799,1,96361
32865566646795,0,96361
32865566650323,1,96361
32865566660222,0,96361
32865566663434,1,96361
32865566673311,0,96361
32865566676437,1,96361
32865566686314,0,96361
32865566689582,1,96361
32865566699578,0,96361
32865566703106,1,96361
32865566713124,0,96361
32865566716641,1,96361
32865566726518,0,96361
32865566730273,1,96361
32865566740226,0,96361
32865566743786,1,96361
32865566753696,0,96361
32865566757376,1,96361
32865566767274,0,96361
32865566770520,1,96361
32865566780429,0,96361
32865566784087,1,96361
32865566794171,0,96361
32865566797134,1,96361
32865566807087,0,96361
32865566810506,1,96361
32865566820448,0,96361
32865566823943,1,96361
32865566833929,0,96361
32865566837261,1,96361
32865566847344,0,96361
32865566850720,1,96361
32865566860760,0,96361
32865566864124,1,96361
32865566874099,0,96361
32865566877996,1,96361
32865566887981,0,96361
32865566890977,1,96361
32865566900909,0,96361
32865566904707,1,96361
32865566914737,0,96361
32865566924028,1,96361
32865566934437,0,96361
32865566937877,1,96361
32865566947950,0,96361
32865566951032,1,96361
32865566960964,0,96361
32865566964665,1,96361
32865566974618,0,96361
32865566977994,1,96361
32865566987990,0,96361
32865566991257,1,96361
32865567001232,0,96361
32865567005324,1,96361
32865567015320,0,96361
32865567018381,1,96361
32865567028389,0,96361
32865567031764,1,96361
32865567041804,0,96361
32865567045201,1,96361
32865567055274,0,96361
32865567058183,1,96361
32865567068158,0,96361
32865567071533,1,96361
32865567081454,0,96361
32865567084732,1,96361
32865567094674,0,96361
32865567098429,1,96361
32865567141867,0,96361
32865567147489,1,96361
32865567161838,0,96361
32865567165594,1,96361
32865567175742,0,96361
32865567180703,1,96361
32865567191274,0,96361
32865567194878,1,96361
32865567204853,0,96361
32865567208695,1,96361
32865567218681,0,96361
32865567222436,1,96361
32865567232357,0,96361
32865567235852,1,96361
32865567245783,0,96361
32865567249604,1,96361
32865567259546,0,96361
32865567263171,1,96361
32865567273092,0,96361
32865567276619,1,96361
32865567286670,0,96361
32865567289970,1,96361
32865567299847,0,96361
32865567303472,1,96361
32865567313382,0,96361
32865567316855,1,96361
32865567326786,0,96361
32865567330618,1,96361
32865567340571,0,96361
32865567343957,1,96361
32865567353921,0,96361
32865567358089,1,96361
32865567368031,0,96361
32865567371385,1,96361
32865567381371,0,96361
32865567384866,1,96361
32865567394765,0,96361
32865567398021,1,96361
32865567407942,0,96361
32865567411610,1,96361
32865567421585,0,96361
32865567424841,1,96361
32865567434751,0,96361
32865567438040,1,96361
32865567447971,0,96361
32865567451281,1,96361
32865567461213,0,96361
32865567464816,1,96361
32865567474780,0,96361
32865567478340,1,96361
32865567488304,0,96361
32865567491550,1,96361
32865567501427,0,96361
32865567504759,1,96361
32865567514723,0,96361
32865567517730,1,96361
32865567527628,0,96361
32865567531189,1,96361
32865567541163,0,96361
32865567544767,1,96361
32865567554677,0,96361
32865567557998,1,96361
32865567567886,0,96361
32865567571261,1,96361
32865567581171,0,96361
32865567584937,1,96361
32865567594923,0,96361
32865567598494,1,96361
32865567608382,0,96361
32865567611910,1,96361
32865567621819,0,96361
32865567624902,1,96361
32865567634790,0,96361
32865567638676,1,96361
32865567648650,0,96361
32865567652460,1,96361
32865567662511,0,96361
32865567665886,1,96361
32865567675850,0,96361
32865567679454,1,96361
32865567689450,0,96361
32865567692587,1,96361
32865567702975,0,96361
32865567706133,1,96361
32865567716064,0,96361
32865567719483,1,96361
32865567729523,0,96361
32865567733181,1,96361
32865567743156,0,96361
32865567746477,1,96361
32865567756354,0,96361
32865567759697,1,96361
32865567769661,0,96361
32865567772961,1,96361
32865567782958,0,96361
32865567785964,1,96361
32865567795917,0,96361
32865567799456,1,96361
32865567809441,0,96361
32865567813012,1,96361
32865567822976,0,96361
32865567826460,1,96361
32865567836403,0,96361
32865567839518,1,96361
32865567849471,0,96361
32865567852488,1,96361
32865567862506,0,96361
32865567865394,1,96361
32865567875271,0,96361
32865567878614,1,96361
32865567888469,0,96361
32865567891899,1,96361
32865567901863,0,96361
32865567905553,1,96361
32865567915539,0,96361
32865567918925,1,96361
32865567928792,0,96361
32865567932254,1,96361
32865567942207,0,96361
32865567945496,1,96361
32865567955416,0,96361
32865567958456,1,96361
32865567968376,0,96361
32865567971773,1,96361
32865567981770,0,96361
32865567985276,1,96361
32865567995142,0,96361
32865567999071,1,96361
32865568008970,0,96361
32865568012226,1,96361
32865568022158,0,96361
32865568025609,1,96361
32865568035573,0,96361
32865568039339,1,96361
32865568049238,0,96361
32865568052223,1,96361
32865568062111,0,96361
32865568065335,1,96361
32865568075331,0,96361
32865568078620,1,96361
32865568089485,0,96361
32865568092622,1,96361
32865568102629,0,96361
32865568106905,1,96361
32865568117000,0,96361
32865568120701,1,96361
32865568130643,0,96361
32865568133758,1,96361
32865568143679,0,96361
32865568146729,1,96361
32865568156606,0,96361
32865568166049,1,96361
32865568176338,0,96361
32865568179464,1,96361
32865568189385,0,96361
32865568193238,1,96361
32865568203256,0,96361
32865568206795,1,96361
32865568216835,0,96361
32865568219668,1,96361
32865568229555,0,96361
32865568232899,1,96361
32865568242819,0,96361
32865568245891,1,96361
32865568255800,0,96361
32865568259404,1,96361
32865568269314,0,96361
32865568272950,1,96361
32865568282914,0,96361
32865568285942,1,96361
32865568295862,0,96361
32865568299444,1,96361
32865568365089,0,96362
32865568371612,1,96362
32865568388990,0,96362
32865568392767,1,96362
32865568403934,0,96360
32865568414484,1,96360
32865568522307,0,96360
32865568529406,1,96360
32865568596136,0,96360
32865568602551,1,96360
32865568672550,0,96359
32865568679800,1,96359
32865568700727,0,96359
32865568704873,1,96359
32865568715076,0,96359
32865568718886,1,96359
32865568728882,0,96359
32865568732605,1,96359
32865568742678,0,96359
32865568746552,1,96359
32865568757155,0,96360
32865568764069,1,96360
32865568785983,0,96360
32865568792170,1,96360
32865568803894,0,96362
32865568808507,1,96362
32865568822682,0,96362
32865568826297,1,96362
32865568836271,0,96362
32865568839929,1,96362
32865568849947,0,96362
32865568853139,1,96362
32865568863059,0,96362
32865568866511,1,96362
32865568876485,0,96362
32865568880295,1,96362
32865568890183,0,96362
32865568893374,1,96362
32865568903371,0,96362
32865568906931,1,96362
32865568916862,0,96362
32865568920639,1,96362
32865568930647,0,96362
32865568934641,1,96362
32865568944594,0,96362
32865568948154,1,96362
32865568990680,0,96362
32865568996921,1,96362
32865569008861,0,96362
32865569013593,1,96362
32865569023752,0,96362
32865569027486,1,96362
32865569037537,0,96362
32865569041260,1,96362
32865569051245,0,96362
32865569054730,1,96362
32865569064607,0,96362
32865569068351,1,96362
32865569078283,0,96362
32865569081561,1,96362
32865569091449,0,96362
32865569095237,1,96362
32865569105233,0,96362
32865569108706,1,96362
32865569118681,0,96362
32865569122220,1,96362
32865569132194,0,96362
32865569135147,1,96362
32865569145024,0,96362
32865569148334,1,96362
32865569158190,0,96362
32865569162032,1,96362
32865569171942,0,96362
32865569175741,1,96362
32865569185596,0,96362
32865569189243,1,96362
32865569199174,0,96362
32865569209898,1,96362
32865569220220,0,96362
32865569223618,1,96362
32865569233592,0,96362
32865569237326,1,96362
32865569247247,0,96362
32865569251002,1,96362
32865569260923,0,96362
32865569264559,1,96362
32865569274501,0,96362
32865569277768,1,96362
32865569287743,0,96362
32865569290663,1,96362
32865569300561,0,96362
32865569303980,1,96362
32865569313890,0,96362
32865569317244,1,96362
32865569327219,0,96362
32865569330844,1,96362
32865569340786,0,96362
32865569344411,1,96362
32865569354343,0,96362
32865569357849,1,96362
32865569367791,0,96362
32865569371319,1,96362
32865569381206,0,96362
32865569384897,1,96362
32865569394872,0,96362
32865569398410,1,96362
32865569408385,0,96362
32865569412129,1,96362
32865569421985,0,96362
32865569425491,1,96362
32865569435390,0,96362
32865569438928,1,96362
32865569448903,0,96362
32865569452018,1,96362
32865569461938,0,96362
32865569465205,1,96362
32865569475093,0,96362
32865569478241,1,96362
32865569488172,0,96362
32865569491722,1,96362
32865569501675,0,96362
32865569504920,1,96362
32865569514808,0,96362
32865569518357,1,96362
32865569528278,0,96362
32865569531588,1,96362
32865569541531,0,96362
32865569545243,1,96362
32865569555294,0,96362
32865569559266,1,96362
32865569569241,0,96362
32865569572758,1,96362
32865569582722,0,96362
32865569586206,1,96362
32865569596180,0,96362
32865569599306,1,96362
32865569609227,0,96362
32865569612982,1,96362
32865569622903,0,96362
32865569625920,1,96362
32865569635895,0,96362
32865569639412,1,96362
32865569649376,0,96362
32865569652686,1,96362
32865569662618,0,96362
32865569666341,1,96362
32865569676261,0,96362
32865569679865,1,96362
32865569689785,0,96362
32865569692857,1,96362
32865569702788,0,96362
32865569706131,1,96362
32865569716052,0,96362
32865569719113,1,96362
32865569729033,0,96362
32865569732409,1,96362
32865569742319,0,96362
32865569745618,1,96362
32865569755517,0,96362
32865569758513,1,96362
32865569768487,0,96362
32865569772167,1,96362
32865569782087,0,96362
32865569785463,1,96362
32865569795329,0,96362
32865569798683,1,96362
32865569808658,0,96362
32865569811936,1,96362
32865569821867,0,96362
32865569825124,1,96362
32865569835033,0,96362
32865569838680,1,96362
32865569848601,0,96362
32865569852193,1,96362
32865569862081,0,96362
32865569865913,1,96362
32865569875844,0,96362
32865569879046,1,96362
32865569888967,0,96362
32865569892397,1,96362
32865569902317,0,96362
32865569905638,1,96362
32865569915667,0,96362
32865569919314,1,96362
32865569929354,0,96362
32865569932719,1,96362
32865569942661,0,96362
32865569945559,1,96362
32865569955502,0,96362
32865569958714,1,96362
32865569968657,0,96362
32865569972347,1,96362
32865569982289,0,96362
32865569985632,1,96362
32865569995499,0,96362
32865569998809,1,96362
32865570008675,0,96362
32865570012311,1,96362
32865570022188,0,96362
32865570025477,1,96362
32865570035376,0,96362
32865570039251,1,96362
32865570049237,0,96362
32865570052884,1,96362
32865570062837,0,96362
32865570066136,1,96362
32865570076144,0,96362
32865570079801,1,96362
32865570089830,0,96362
32865570093391,1,96362
32865570103257,0,96362
32865570106546,1,96362
32865570116542,0,96362
32865570119874,1,96362
32865570129903,0,96362
32865570133518,1,96362
32865570143449,0,96362
32865570147443,1,96362
32865570157364,0,96362
32865570160978,1,96362
32865570170931,0,96362
32865570174426,1,96362
32865570184412,0,96362
32865570187647,1,96362
32865570198370,0,96362
32865570202017,1,96362
32865570212068,0,96362
32865570215758,1,96362
32865570225744,0,96362
32865570229597,1,96362
32865570239529,0,96362
32865570243403,1,96362
32865570253346,0,96362
32865570257188,1,96362
32865570267369,0,96362
32865570271125,1,96362
32865570289370,0,96362
32865570292539,1,96362
32865570302482,0,96362
32865570306064,1,96362
32865570315908,0,96362
32865570319501,1,96362
32865570329389,0,96362
32865570333318,1,96362
32865570343336,0,96362
32865570346809,1,96362
32865570356752,0,96362
32865570359975,1,96362
32865570369896,0,96362
32865570373456,1,96362
32865570383420,0,96362
32865570387078,1,96362
32865570396976,0,96362
32865570400341,1,96362
32865570410327,0,96362
32865570414104,1,96362
32865570423970,0,96362
32865570427064,1,96362
32865570436984,0,96362
32865570440512,1,96362
32865570450497,0,96362
32865570453949,1,96362
32865570463891,0,96362
32865570467256,1,96362
32865570477187,0,96362
32865570480357,1,96362
32865570490288,0,96362
32865570493696,1,96362
32865570503552,0,96362
32865570506927,1,96362
32865570516783,0,96362
32865570519974,1,96362
32865570529884,0,96362
32865570566885,1,96362
32865570581939,0,96362
32865570585282,1,96362
32865570595257,0,96362
32865570598513,1,96362
32865570608358,0,96362
32865570611712,1,96362
32865570621600,0,96362
32865570624899,1,96362
32865570634852,0,96362
32865570638358,1,96362
32865570648181,0,96362
32865570651730,1,96362
32865570661586,0,96362
32865570665330,1,96362
32865570675273,0,96362
32865570679907,1,96362
32865570690077,0,96362
32865570693941,1,96362
32865570703884,0,96362
32865570707596,1,96362
32865570717560,0,96362
32865570721250,1,96362
32865570731312,0,96362
32865570735295,1,96362
32865570745270,0,96362
32865570748765,1,96362
32865570758675,0,96362
32865570761779,1,96362
32865570818513,0,96362
32865570822344,1,96362
32865570832710,0,96362
32865570836107,1,96362
32865570846060,0,96362
32865570849707,1,96362
32865570859628,0,96362
32865570863112,1,96362
32865570872978,0,96362
32865570876408,1,96362
32865570886274,0,96362
32865570890138,1,96362
32865570899993,0,96362
32865570903217,1,96362
32865570913159,0,96362
32865570916719,1,96362
32865570926651,0,96362
32865570929853,1,96362
32865570939730,0,96362
32865570943084,1,96362
32865570952928,0,96362
32865570955935,1,96362
32865570965823,0,96362
32865570969372,1,96362
32865570979260,0,96362
32865570982495,1,96362
32865570992437,0,96362
32865570996214,1,96362
32865571006167,0,96362
32865571009912,1,96362
32865571019778,0,96362
32865571023067,1,96362
32865571032944,0,96362
32865571036396,1,96362
32865571046327,0,96362
32865571050169,1,96362
32865571060133,0,96362
32865571063107,1,96362
32865571072984,0,96362
32865571076534,1,96362
32865571086432,0,96362
32865571089417,1,96362
32865571099262,0,96362
32865571102670,1,96362
32865571112580,0,96362
32865571116009,1,96362
32865571125919,0,96362
32865571128806,1,96362
32865571138683,0,96362
32865571141961,1,96362
32865571151806,0,96362
32865571154856,1,96362
32865571167240,0,96362
32865571246485,1,96362
32865571267140,0,96362
32865571272144,1,96362
32865571284463,0,96362
32865571289510,1,96362
32865571301493,0,96362
32865571305531,1,96362
32865571317437,0,96362
32865571322463,1,96362
32865571334456,0,96362
32865571338928,1,96362
32865571350781,0,96362
32865571354634,1,96362
32865571366997,0,96362
32865571373672,1,96362
32865571385557,0,96362
32865571389117,1,96362
32865571400970,0,96362
32865571405485,1,96362
32865571417316,0,96362
32865571422102,1,96362
32865571434042,0,96362
32865571438199,1,96362
32865571450008,0,96362
32865571454393,1,96362
32865571466278,0,96362
32865571470826,1,96362
32865571482733,0,96362
32865571487270,1,96362
32865571499198,0,96362
32865571503149,1,96362
32865571515023,0,96362
32865571519072,1,96362
32865571530968,0,96362
32865571535440,1,96362
32865571547347,0,96362
32865571550961,1,96362
32865571562770,0,96362
32865571566677,1,96362
32865571578552,0,96362
32865571582752,1,96362
32865571594637,0,96362
32865571598990,1,96362
32865571610886,0,96362
32865571614435,1,96362
32865571626277,0,96362
32865571630586,1,96362
32865571642503,0,96362
32865571646606,1,96362
32865571658415,0,96362
32865571662084,1,96362
32865571673893,0,96362
32865571677931,1,96362
32865571689740,0,96362
32865571693875,1,96362
32865571705717,0,96362
32865571710221,1,96362
32865571722183,0,96362
32865571725547,1,96362
32865571737519,0,96362
32865571742631,1,96362
32865571815093,0,96362
32865571821909,1,96362
32865571834087,0,96362
32865571838895,1,96362
32865571850900,0,96362
32865571855600,1,96362
32865571867452,0,96362
32865571871707,1,96362
32865571883505,0,96362
32865571887803,1,96362
32865571899678,0,96362
32865571905571,1,96362
32865571917619,0,96362
32865571922048,1,96362
32865571934009,0,96362
32865571937460,1,96362
32865571949324,0,96362
32865571953883,1,96362
32865571965713,0,96362
32865571969523,1,96362
32865571981354,0,96362
32865571985196,1,96362
32865571997157,0,96362
32865572001759,1,96362
32865572013699,0,96362
32865572018290,1,96362
32865572030229,0,96362
32865572042809,1,96362
32865572055183,0,96362
32865572059470,1,96362
32865572071290,0,96362
32865572075024,1,96362
32865572086898,0,96362
32865572090730,1,96362
32865572102658,0,96362
32865572107152,1,96362
32865572119243,0,96362
32865572123519,1,96362
32865572135383,0,96362
32865572139073,1,96362
32865572150991,0,96362
32865572155213,1,96362
32865572167142,0,96362
32865572171071,1,96362
32865572183032,0,96362
32865572187677,1,96362
32865572199628,0,96362
32865572204132,1,96362
32865572215919,0,96362
32865572220120,1,96362
32865572231972,0,96362
32865572236108,1,96362
32865572247939,0,96362
32865572252443,1,96362
32865572264372,0,96362
32865572268887,1,96362
32865572280956,0,96362
32865572285276,1,96362
32865572296662,0,96362
32865572300060,1,96362
32865572309958,0,96362
32865572313584,1,96362
32865572323504,0,96362
32865572327238,1,96362
32865572337180,0,96362
32865572340349,1,96362
32865572350270,0,96362
32865572354015,1,96362
32865572363924,0,96362
32865572367300,1,96362
32865572377210,0,96362
32865572380911,1,96362
32865572390831,0,96362
32865572393914,1,96362
32865572403834,0,96362
32865572407655,1,96362
32865572417586,0,96362
32865572421407,1,96362
32865572431295,0,96362
32865572435126,1,96362
32865572445047,0,96362
32865572448314,1,96362
32865572458170,0,96362
32865572461773,1,96362
32865572471770,0,96362
32865572475221,1,96362
32865572485109,0,96362
32865572488094,1,96362
32865572497949,0,96362
32865572501716,1,96362
32865572511669,0,96362
32865572515348,1,96362
32865572525258,0,96362
32865572529079,1,96362
32865572539053,0,96362
32865572542006,1,96362
32865572551905,0,96362
32865572555910,1,96362
32865572565798,0,96362
32865572569629,1,96362
32865572579550,0,96362
32865572583045,1,96362
32865572592911,0,96362
32865572596178,1,96362
32865572606055,0,96362
32865572609604,1,96362
32865572619471,0,96362
32865572623052,1,96362
32865572633081,0,96362
32865572636739,1,96362
32865572646736,0,96362
32865572650654,1,96362
32865572660607,0,96362
32865572664287,1,96362
32865572674196,0,96362
32865572677496,1,96362
32865572687471,0,96362
32865572690640,1,96362
32865572700517,0,96362
32865572703795,1,96362
32865572713694,0,96362
32865572717015,1,96362
32865572726958,0,96362
32865572730702,1,96362
32865572740666,0,96362
32865572744139,1,96362
32865572754027,0,96362
32865572757034,1,96362
32865572766889,0,96362
32865572770580,1,96362
32865572780533,0,96362
32865572783670,1,96362
32865572793612,0,96362
32865572797118,1,96362
32865572807071,0,96362
32865572810588,1,96362
32865572820519,0,96362
32865572823840,1,96362
32865572833717,0,96362
32865572837147,1,96362
32865572847024,0,96362
32865572850367,1,96362
32865572860255,0,96362
32865572863577,1,96362
32865572873486,0,96362
32865572877112,1,96362
32865572887054,0,96362
32865572889778,1,96362
32865572899688,0,96362
32865572903194,1,96362
32865572913136,0,96362
32865572916783,1,96362
32865572926703,0,96362
32865572930709,1,96362
32865572940607,0,96362
32865572943820,1,96362
32865572953730,0,96362
32865572957181,1,96362
32865572967135,0,96362
32865572970521,1,96362
32865572980366,0,96362
32865572983654,1,96362
32865572993640,0,96362
32865572997352,1,96362
32865573007338,0,96362
32865573010724,1,96362
32865573020656,0,96362
32865573024324,1,96362
32865573034223,0,96362
32865573037468,1,96362
32865573047411,0,96362
32865573050699,1,96362
32865573060663,0,96362
32865573063431,1,96362
32865573073308,0,96362
32865573076749,1,96362
32865573086648,0,96362
32865573089926,1,96362
32865573099781,0,96362
32865573103265,1,96362
32865573113153,0,96362
32865573116496,1,96362
32865573126395,0,96362
32865573129977,1,96362
32865573139930,0,96362
32865573143273,1,96362
32865573153259,0,96362
32865573157058,1,96362
32865573167032,0,96362
32865573170234,1,96362
32865573180242,0,96362
32865573183563,1,96362
32865573194482,0,96362
32865573198400,1,96362
32865573208516,0,96362
32865573212435,1,96362
32865573222388,0,96362
32865573225796,1,96362
32865573235662,0,96362
32865573238625,1,96362
32865573248513,0,96362
32865573251683,1,96362
32865573261560,0,96362
32865573265109,1,96362
32865573275040,0,96362
32865573278980,1,96362
32865573288944,0,96362
32865573292407,1,96362
32865573302284,0,96362
32865573305779,1,96362
32865573315667,0,96362
32865573318880,1,96362
32865573328811,0,96362
32865573332328,1,96362
32865573342455,0,96362
32865573346134,1,96362
32865573356380,0,96362
32865573359940,1,96362
32865573369861,0,96362
32865573373562,1,96362
32865573383472,0,96362
32865573387108,1,96362
32865573397028,0,96362
32865573400784,1,96362
32865573410650,0,96362
32865573413494,1,96362
32865573423382,0,96362
32865573427050,1,96362
32865573436928,0,96362
32865573440976,1,96362
32865573450897,0,96362
32865573454641,1,96362
32865573464551,0,96362
32865573468122,1,96362
32865573478010,0,96362
32865573481917,1,96362
32865573491805,0,96362
32865573495734,1,96362
32865573505677,0,96362
32865573509269,1,96362
32865573519147,0,96362
32865573522251,1,96362
32865573532106,0,96362
32865573535493,1,96362
32865573545370,0,96362
32865573548962,1,96362
32865573558861,0,96362
32865573562183,1,96362
32865573572038,0,96362
32865573575869,1,96362
32865573585866,0,96362
32865573589383,1,96362
32865573599325,0,96362
32865573602603,1,96362
32865573612502,0,96362
32865573615942,1,96362
32865573625798,0,96362
32865573628891,1,96362
32865573638779,0,96362
32865573642318,1,96362
32865573652249,0,96362
32865573655342,1,96362
32865573665252,0,96362
32865573668617,1,96362
32865573678494,0,96362
32865573681815,1,96362
32865573691779,0,96362
32865573695394,1,96362
32865573705314,0,96362
32865573708375,1,96362
32865573718339,0,96362
32865573725589,1,96362
32865573735825,0,96362
32865573739678,1,96362
32865573749598,0,96362
32865573752833,1,96362
32865573762753,0,96362
32865573766444,1,96362
32865573776386,0,96362
32865573779870,1,96362
32865573789726,0,96362
32865573793286,1,96362
32865573803195,0,96362
32865573807005,1,96362
32865573816936,0,96362
32865573820106,1,96362
32865573830026,0,96362
32865573833369,1,96362
32865573843355,0,96362
32865573847208,1,96362
32865573857226,0,96362
32865573860461,1,96362
32865573870371,0,96362
32865573874213,1,96362
32865573884144,0,96362
32865573887650,1,96362
32865573897571,0,96362
32865573900382,1,96362
32865573910226,0,96362
32865573913700,1,96362
32865573923577,0,96362
32865573926692,1,96362
32865573971106,0,96362
32865573976707,1,96362
32865573986964,0,96362
32865573991110,1,96362
32865574001042,0,96362
32865574004765,1,96362
32865574014761,0,96362
32865574018745,1,96362
32865574028817,0,96362
32865574032518,1,96362
32865574042428,0,96362
32865574045869,1,96362
32865574055746,0,96362
32865574059056,1,96362
32865574068944,0,96362
32865574089990,1,96362
32865574106043,0,96362
32865574110265,1,96362
32865574120262,0,96362
32865574125016,1,96362
32865574135078,0,96362
32865574138410,1,96362
32865574148330,0,96362
32865574151424,1,96362
32865574161399,0,96362
32865574165339,1,96362
32865574175368,0,96362
32865574179080,1,96362
32865574189098,0,96362
32865574192864,1,96362
32865574202817,0,96362
32865574205835,1,96362
32865574215810,0,96362
32865574219294,1,96362
32865574229214,0,96362
32865574232807,1,96362
32865574242717,0,96362
32865574246212,1,96362
32865574256110,0,96362
32865574259985,1,96362
32865574269895,0,96362
32865574273292,1,96362
32865574283202,0,96362
32865574286903,1,96362
32865574296780,0,96362
32865574299939,1,96362
32865574309838,0,96362
32865574313387,1,96362
32865574323318,0,96362
32865574327171,1,96362
32865574337125,0,96362
32865574340652,1,96362
32865574350605,0,96362
32865574354306,1,96362
32865574364205,0,96362
32865574367982,1,96362
32865574377968,0,96362
32865574381094,1,96362
32865574391047,0,96362
32865574394586,1,96362
32865574404604,0,96362
32865574408131,1,96362
32865574418822,0,96362
32865574422122,1,96362
32865574432086,0,96362
32865574435983,1,96362
32865574446196,0,96362
32865574449691,1,96362
32865574459677,0,96362
32865574463313,1,96362
32865574473255,0,96362
32865574477076,1,96362
32865574486931,0,96362
32865574489851,1,96362
32865574499793,0,96362
32865574503006,1,96362
32865574513187,0,96362
32865574516704,1,96362
32865574526787,0,96362
32865574530608,1,96362
32865574540496,0,96362
32865574544338,1,96362
32865574554204,0,96362
32865574558014,1,96362
32865574567945,0,96362
32865574571614,1,96362
32865574581513,0,96362
32865574584639,1,96362
32865574594494,0,96362
32865574597674,1,96362
32865574607541,0,96362
32865574610645,1,96362
32865574620533,0,96362
32865574623670,1,96362
32865574633525,0,96362
32865574637205,1,96362
32865574647071,0,96362
32865574650772,1,96362
32865574660704,0,96362
32865574663992,1,96362
32865574673935,0,96362
32865574677267,1,96362
32865574687480,0,96362
32865574691127,1,96362
32865574701113,0,96362
32865574703892,1,96362
32865574713780,0,96362
32865574716862,1,96362
32865574726739,0,96362
32865574729985,1,96362
32865574739851,0,96362
32865574743530,1,96362
32865574753375,0,96362
32865574756099,1,96362
32865574765933,0,96362
32865574769569,1,96362
32865574779533,0,96362
32865574783169,1,96362
32865574793307,0,96362
32865574796834,1,96362
32865574806896,0,96362
32865574810250,1,96362
32865574820170,0,96362
32865574823372,1,96362
32865574833293,0,96362
32865574836994,1,96362
32865574846904,0,96362
32865574850138,1,96362
32865574860059,0,96362
32865574863315,1,96362
32865574873398,0,96362
32865574876947,1,96362
32865574886890,0,96362
32865574890515,1,96362
32865574900577,0,96362
32865574903735,1,96362
32865574913623,0,96362
32865574916977,1,96362
32865574926865,0,96362
32865574930740,1,96362
32865574940736,0,96362
32865574944134,1,96362
32865574954011,0,96362
32865574957267,1,96362
32865574967166,0,96362
32865574970617,1,96362
32865574980581,0,96362
32865574984109,1,96362
32865574994333,0,96362
32865574997904,1,96362
32865575007771,0,96362
32865575010766,1,96362
32865575020698,0,96362
32865575023921,1,96362
32865575033896,0,96362
32865575036903,1,96362
32865575046780,0,96362
32865575049819,1,96362
32865575059674,0,96362
32865575063560,1,96362
32865575073470,0,96362
32865575077128,1,96362
32865575087167,0,96362
32865575090586,1,96362
32865575100572,0,96362
32865575103883,1,96362
32865575113814,0,96362
32865575116560,1,96362
32865575126502,0,96362
32865575129433,1,96362
32865575139549,0,96362
32865575143576,1,96362
32865575153637,0,96362
32865575157111,1,96362
32865575166988,0,96362
32865575170776,1,96362
32865575180750,0,96362
32865575184289,1,96362
32865575194394,0,96362
32865575197726,1,96362
32865575207636,0,96362
32865575210990,1,96362
32865575221051,0,96362
32865575224525,1,96362
32865575234597,0,96362
32865575238331,1,96362
32865575248197,0,96362
32865575251703,1,96362
32865575261634,0,96362
32865575265064,1,96362
32865575275007,0,96362
32865575278751,1,96362
32865575288759,0,96362
32865575292112,1,96362
32865575301990,0,96362
32865575305072,1,96362
32865575314982,0,96362
32865575318097,1,96362
32865575328104,0,96362
32865575331751,1,96362
32865575341650,0,96362
32865575345004,1,96362
32865575354881,0,96362
32865575358213,1,96362
32865575368069,0,96362
32865575371683,1,96362
32865575381603,0,96362
32865575385153,1,96362
32865575395095,0,96362
32865575398894,1,96362
32865575408858,0,96362
32865575411864,1,96362
32865575421850,0,96362
32865575425627,1,96362
32865575435667,0,96362
32865575439227,1,96362
32865575449126,0,96362
32865575453186,1,96362
32865575463095,0,96362
32865575466449,1,96362
32865575476326,0,96362
32865575479789,1,96362
32865575489677,0,96362
32865575493410,1,96362
32865575503331,0,96362
32865575506403,1,96362
32865575516280,0,96362
32865575520014,1,96362
32865575529988,0,96362
32865575533657,1,96362
32865575543621,0,96362
32865575546942,1,96362
32865575556982,0,96362
32865575560922,1,96362
32865575570919,0,96362
32865575574859,1,96362
32865575584823,0,96362
32865575587905,1,96362
32865575597804,0,96362
32865575601581,1,96362
32865575611567,0,96362
32865575615051,1,96362
32865575625037,0,96362
32865575628781,1,96362
32865575638680,0,96362
32865575641969,1,96362
32865575651900,0,96362
32865575655460,1,96362
32865575665620,0,96362
32865575669071,1,96362
32865575678948,0,96362
32865575682335,1,96362
32865575692234,0,96362
32865575695446,1,96362
32865575705378,0,96362
32865575708927,1,96362
32865575718869,0,96362
32865575728692,1,96362
32865575738917,0,96362
32865575742151,1,96362
32865575752028,0,96362
32865575755426,1,96362
32865575765400,0,96362
32865575769373,1,96362
32865575779380,0,96362
32865575783092,1,96362
32865575792959,0,96362
32865575796508,1,96362
32865575806472,0,96362
32865575809978,1,96362
32865575819898,0,96362
32865575823469,1,96362
32865575833390,0,96362
32865575836874,1,96362
32865575846784,0,96362
32865575850604,1,96362
32865575860546,0,96362
32865575864085,1,96362
32865575874125,0,96362
32865575877348,1,96362
32865575887280,0,96362
32865575890818,1,96362
32865575900706,0,96362
32865575904353,1,96362
32865575914306,0,96362
32865575917888,1,96362
32865575927830,0,96362
32865575931781,1,96362
32865575941778,0,96362
32865575945316,1,96362
32865575955226,0,96362
32865575958189,1,96362
32865575968153,0,96362
32865575971485,1,96362
32865575981373,0,96362
32865575984358,1,96362
32865575994181,0,96362
32865575997578,1,96362
32865576007466,0,96362
32865576010918,1,96362
32865576020914,0,96362
32865576024496,1,96362
32865576034395,0,96362
32865576038085,1,96362
32865576047973,0,96362
32865576050936,1,96362
32865576060824,0,96362
32865576064243,1,96362
32865576074153,0,96362
32865576077897,1,96362
32865576087937,0,96362
32865576090901,1,96362
32865576100767,0,96362
32865576104522,1,96362
32865576147938,0,96362
32865576153452,1,96362
32865576163644,0,96362
32865576167768,1,96362
32865576177667,0,96362
32865576180793,1,96362
32865576190714,0,96362
32865576194556,1,96362
32865576205236,0,96362
32865576208362,1,96362
32865576219900,0,96362
32865576225403,1,96362
32865576235997,0,96362
32865576242466,1,96362
32865576252462,0,96362
32865576256033,1,96362
32865576265964,0,96362
32865576269145,1,96362
32865576279087,0,96362
32865576282593,1,96362
32865576292600,0,96362
32865576296139,1,96362
32865576306254,0,96362
32865576309652,1,96362
32865576319518,0,96362
32865576323653,1,96362
32865576333596,0,96362
32865576337253,1,96362
32865576347120,0,96362
32865576350539,1,96362
32865576360481,0,96362
32865576363683,1,96362
32865576373527,0,96362
32865576377066,1,96362
32865576387041,0,96362
32865576390395,1,96362
32865576400293,0,96362
32865576403691,1,96362
32865576413622,0,96362
32865576417291,1,96362
32865576427342,0,96362
32865576430337,1,96362
32865576440193,0,96362
32865576443872,1,96362
32865576453760,0,96362
32865576456734,1,96362
32865576466611,0,96362
32865576469770,1,96362
32865576479636,0,96362
32865576483402,1,96362
32865576493290,0,96362
32865576496601,1,96362
32865576506510,0,96362
32865576510353,1,96362
32865576520284,0,96362
32865576523801,1,96362
32865576533852,0,96362
32865576537564,1,96362
32865576547441,0,96362
32865576551055,1,96362
32865576560965,0,96362
32865576564243,1,96362
32865576574109,0,96362
32865576577506,1,96362
32865576587438,0,96362
32865576591052,1,96362
32865576601342,0,96362
32865576604945,1,96362
32865576615094,0,96362
32865576618491,1,96362
32865576628368,0,96362
32865576632026,1,96362
32865576641957,0,96362
32865576645876,1,96362
32865576655850,0,96362
32865576659443,1,96362
32865576669342,0,96362
32865576673076,1,96362
32865576682964,0,96362
32865576686404,1,96362
32865576696379,0,96362
32865576699874,1,96362
32865576709871,0,96362
32865576713040,1,96362
32865576722917,0,96362
32865576726586,1,96362
32865576736561,0,96362
32865576740566,1,96362
32865576750486,0,96362
32865576753894,1,96362
32865576763782,0,96362
32865576766800,1,96362
32865576776731,0,96362
32865576780530,1,96362
32865576790516,0,96362
32865576793512,1,96362
32865576803519,0,96362
32865576807079,1,96362
32865576817065,0,96362
32865576820679,1,96362
32865576830600,0,96362
32865576834431,1,96362
32865576844330,0,96362
32865576847402,1,96362
32865576857290,0,96362
32865576861208,1,96362
32865576871139,0,96362
32865576874330,1,96362
32865576884240,0,96362
32865576887616,1,96362
32865576897775,0,96362
32865576901346,1,96362
32865576911353,0,96362
32865576914881,1,96362
32865576924769,0,96362
32865576928361,1,96362
32865576938260,0,96362
32865576941820,1,96362
32865576951687,0,96362
32865576954910,1,96362
32865576964766,0,96362
32865576967827,1,96362
32865576977715,0,96362
32865576980938,1,96362
32865576990783,0,96362
32865576994603,1,96362
32865577004513,0,96362
32865577007943,1,96362
32865577017798,0,96362
32865577020816,1,96362
32865577030725,0,96362
32865577034872,1,96362
32865577044933,0,96362
32865577048765,1,96362
32865577058664,0,96362
32865577062267,1,96362
32865577072101,0,96362
32865577075520,1,96362
32865577085505,0,96362
32865577089163,1,96362
32865577099399,0,96362
32865577102894,1,96362
32865577112857,0,96362
32865577116374,1,96362
32865577126349,0,96362
32865577129649,1,96362
32865577139591,0,96362
32865577143129,1,96362
32865577153071,0,96362
32865577156512,1,96362
32865577166422,0,96362
32865577169624,1,96362
32865577179609,0,96362
32865577182616,1,96362
32865577192569,0,96362
32865577196042,1,96362
32865577205974,0,96362
32865577209317,1,96362
32865577219259,0,96362
32865577222841,1,96362
32865577232772,0,96362
32865577235790,1,96362
32865577245765,0,96362
32865577249444,1,96362
32865577259441,0,96362
32865577262566,1,96362
32865577272411,0,96362
32865577275342,1,96362
32865577285273,0,96362
32865577288985,1,96362
32865577299112,0,96362
32865577302129,1,96362
32865577312028,0,96362
32865577314752,1,96362
32865577324738,0,96362
32865577328472,1,96362
32865577338382,0,96362
32865577342029,1,96362
32865577351971,0,96362
32865577355151,1,96362
32865577365093,0,96362
32865577368523,1,96362
32865577378498,0,96362
32865577382177,1,96362
32865577392304,0,96362
32865577395615,1,96362
32865577405676,0,96362
32865577415684,1,96362
32865577426028,0,96362
32865577429522,1,96362
32865577439476,0,96362
32865577443220,1,96362
32865577453130,0,96362
32865577456755,1,96362
32865577466730,0,96362
32865577470106,1,96362
32865577480102,0,96362
32865577483706,1,96362
32865577493680,0,96362
32865577497219,1,96362
32865577507107,0,96362
32865577510363,1,96362
32865577520229,0,96362
32865577523648,1,96362
32865577533601,0,96362
32865577536792,1,96362
32865577546691,0,96362
32865577550219,1,96362
32865577560204,0,96362
32865577564492,1,96362
32865577574445,0,96362
32865577578048,1,96362
32865577587980,0,96362
32865577591377,1,96362
32865577601309,0,96362
32865577604966,1,96362
32865577614909,0,96362
32865577618360,1,96362
32865577628346,0,96362
32865577631819,1,96362
32865577641957,0,96362
32865577645137,1,96362
32865577655068,0,96362
32865577658086,1,96362
32865577668136,0,96362
32865577671414,1,96362
32865577681313,0,96362
32865577684993,1,96362
32865577694892,0,96362
32865577698560,1,96362
32865577708481,0,96362
32865577712171,1,96362
32865577722059,0,96362
32865577726086,1,96362
32865577736061,0,96362
32865577739512,1,96362
32865577749455,0,96362
32865577752765,1,96362
32865577762675,0,96362
32865577766050,1,96362
32865577775906,0,96362
32865577779466,1,96362
32865577789365,0,96362
32865577793033,1,96362
32865577802900,0,96362
32865577806384,1,96362
32865577816304,0,96362
32865577819919,1,96362
32865577830002,0,96362
32865577833378,1,96362
32865577843428,0,96362
32865577846522,1,96362
32865577856431,0,96362
32865577859720,1,96362
32865577869576,0,96362
32865577872951,1,96362
32865577882839,0,96362
32865577886540,1,96362
32865577896439,0,96362
32865577899815,1,96362
32865577909724,0,96362
32865577913295,1,96362
32865577923205,0,96362
32865577926917,1,96362
32865577936827,0,96362
32865577940420,1,96362
32865577950318,0,96362
32865577953748,1,96362
32865577963680,0,96362
32865577967229,1,96362
32865577977149,0,96362
32865577980644,1,96362
32865577990674,0,96362
32865577993984,1,96362
32865578003850,0,96362
32865578007074,1,96362
32865578017038,0,96362
32865578021119,1,96362
32865578031105,0,96362
32865578034752,1,96362
32865578044661,0,96362
32865578048135,1,96362
32865578058207,0,96362
32865578061832,1,96362
32865578071926,0,96362
32865578075704,1,96362
32865578085581,0,96362
32865578088924,1,96362
32865578098812,0,96362
32865578102144,1,96362
32865578111988,0,96362
32865578115755,1,96362
32865578125654,0,96362
32865578129311,1,96362
32865578139189,0,96362
32865578142195,1,96362
32865578152040,0,96362
32865578155491,1,96362
32865578165423,0,96362
32865578169059,1,96362
32865578178990,0,96362
32865578182626,1,96362
32865578192536,0,96362
32865578195618,1,96362
32865578205539,0,96362
32865578209262,1,96362
32865578219432,0,96362
32865578223046,1,96362
32865578233086,0,96362
32865578236581,1,96362
32865578246415,0,96362
32865578249671,1,96362
32865578259505,0,96362
32865578262957,1,96362
32865578272866,0,96362
32865578276220,1,96362
32865578313200,0,96362
32865578320808,1,96362
32865578335863,0,96362
32865578339553,1,96362
32865578349636,0,96362
32865578353055,1,96362
32865578362943,0,96362
32865578366471,1,96362
32865578376348,0,96362
32865578380929,1,96362
32865578390979,0,96362
32865578394583,1,96362
32865578404503,0,96362
32865578407988,1,96362
32865578417886,0,96362
32865578421533,1,96362
32865578431443,0,96362
32865578435285,1,96362
32865578445282,0,96362
32865578448755,1,96362
32865578458611,0,96362
32865578461867,1,96362
32865578471798,0,96362
32865578475315,1,96362
32865578485246,0,96362
32865578488893,1,96362
32865578498868,0,96362
32865578502808,1,96362
32865578512750,0,96362
32865578516158,1,96362
32865578526383,0,96362
32865578530019,1,96362
32865578568366,0,96359
32865578573543,1,96359
32865578635205,0,96359
32865578639850,1,96359
32865578650031,0,96359
32865578653971,1,96359
32865578663903,0,96359
32865578668255,1,96359
32865578678317,0,96359
32865578682322,1,96359
32865578692275,0,96359
32865578695835,1,96359
32865578705691,0,96359
32865578709479,1,96359
32865578766451,0,96359
32865578771205,1,96359
32865578782103,0,96359
32865578787085,1,96359
32865578797168,0,96359
32865578801021,1,96359
32865578810854,0,96363
32865578819374,1,96363
32865578843330,0,96359
32865578848203,1,96359
32865578904199,0,96359
32865578909073,1,96359
32865578919536,0,96359
32865578923443,1,96359
32865578934276,0,96359
32865578939236,1,96359
32865578949341,0,96359
32865578952738,1,96359
32865578962713,0,96359
32865578967109,1,96359
32865578977192,0,96359
32865578980622,1,96359
32865579036227,0,96359
32865579041763,1,96359
32865579051465,0,96360
32865579058488,1,96360
32865579079848,0,96360
32865579083875,1,96360
32865579093882,0,96360
32865579096835,1,96360
32865579106766,0,96360
32865579186695,1,96360
32865579205374,0,96359
32865579210063,1,96359
32865579225074,0,96359
32865579238740,1,96359
32865579249235,0,96361
32865579256920,1,96361
32865579269630,0,96363
32865579285868,1,96363
32865579296092,0,96362
32865579300390,1,96362
32865579313046,0,96360
32865579316660,1,96360
32865579384541,0,96360
32865579447462,1,96360
32865579469213,0,96360
32865579472545,1,96360
32865579482531,0,96360
32865579487404,1,96360
32865579497531,0,96360
32865579501634,1,96360
32865579511858,0,96360
32865579516189,1,96360
32865579526826,0,96360
32865579530397,1,96360
32865579540372,0,96360
32865579544323,1,96360
32865579554156,0,96360
32865579557847,1,96360
32865579567756,0,96360
32865579571219,1,96360
32865579581150,0,96360
32865579585069,1,96360
32865579595022,0,96360
32865579598072,1,96360
32865579607938,0,96360
32865579611400,1,96360
32865579621581,0,96360
32865579624740,1,96360
32865579634650,0,96360
32865579639197,1,96360
32865579649281,0,96360
32865579652906,1,96360
32865579662837,0,96360
32865579665725,1,96360
32865579675602,0,96360
32865579678945,1,96360
32865579768609,0,96360
32865579773917,1,96360
32865579784207,0,96360
32865579788266,1,96360
32865579798870,0,96360
32865579803190,1,96360
32865579818397,0,96361
32865579827992,1,96361
32865579892519,0,96361
32865579897609,1,96361
32865579954245,0,96361
32865579959640,1,96361
32865579967813,0,96363
32865580041924,1,96363
32865580063794,0,96363
32865580067626,1,96363
32865580077905,0,96363
32865580081736,1,96363
32865580092525,0,96363
32865580095977,1,96363
32865580153058,0,96363
32865580158973,1,96363
32865580215913,0,96363
32865580220711,1,96363
32865580287256,0,96361
32865580295755,1,96361
32865580317842,0,96361
32865580323335,1,96361
32865580333548,0,96361
32865580337901,1,96361
32865580348115,0,96363
32865580355419,1,96363
32865580413369,0,96363
32865580418503,1,96363
32865580474737,0,96363
32865580550889,1,96363
32865580573378,0,96363
32865580577524,1,96363
32865580587695,0,96363
32865580591949,1,96363
32865580602803,0,96363
32865580606201,1,96363
32865580616089,0,96363
32865580619790,1,96363
32865580629743,0,96363
32865580633108,1,96363
32865580642985,0,96363
32865580646849,1,96363
32865580656845,0,96363
32865580660471,1,96363
32865580670619,0,96363
32865580674201,1,96363
32865580684360,0,96363
32865580688094,1,96363
32865580698058,0,96363
32865580701954,1,96363
32865580711908,0,96363
32865580715055,1,96363
32865580724965,0,96363
32865580728699,1,96363
32865580738695,0,96363
32865580741767,1,96363
32865580751687,0,96363
32865580755758,1,96363
32865580765722,0,96363
32865580883303,1,96363
32865580927207,0,96363
32865580932623,1,96363
32865580942609,0,96363
32865580947255,1,96363
32865580958033,0,96363
32865580962233,1,96363
32865580972251,0,96363
32865580976039,1,96363
32865580985992,0,96363
32865580989531,1,96363
32865580999495,0,96363
32865581003684,1,96363
32865581013681,0,96363
32865581017968,1,96363
32865581028062,0,96363
32865581031156,1,96363
32865581041120,0,96363
32865581045071,1,96363
32865581055013,0,96363
32865581057965,1,96363
32865581067875,0,96363
32865581071652,1,96363
32865581081627,0,96363
32865581084937,1,96363
32865581095097,0,96363
32865581098548,1,96363
32865581108566,0,96363
32865581111953,1,96363
32865581121906,0,96363
32865581127485,1,96363
32865581137503,0,96363
32865581141335,1,96363
32865581151277,0,96363
32865581156335,1,96363
32865581166364,0,96363
32865581170206,1,96363
32865581180105,0,96363
32865581245229,1,96363
32865581260956,0,96363
32865581265558,1,96363
32865581275663,0,96363
32865581279376,1,96363
32865581289936,0,96363
32865581294007,1,96363
32865581303927,0,96363
32865581307694,1,96363
32865581317701,0,96363
32865581321261,1,96363
32865581331160,0,96363
32865581334926,1,96363
32865581344912,0,96363
32865581348754,1,96363
32865581358707,0,96363
32865581361953,1,96363
32865581371830,0,96363
32865581374869,1,96363
32865581384724,0,96363
32865581387785,1,96363
32865581397717,0,96363
32865581401450,1,96363
32865581411458,0,96363
32865581414974,1,96363
32865581424851,0,96363
32865581427988,1,96363
32865581437963,0,96363
32865581441838,1,96363
32865581451715,0,96363
32865581455557,1,96363
32865581465445,0,96363
32865581468712,1,96363
32865581478579,0,96363
32865581550009,1,96363
32865581565595,0,96363
32865581570002,1,96363
32865581580053,0,96363
32865581584861,1,96363
32865581595595,0,96363
32865581598776,1,96363
32865581608751,0,96363
32865581612723,1,96363
32865581622654,0,96363
32865581626063,1,96363
32865581636059,0,96363
32865581639619,1,96363
32865581649605,0,96363
32865581653219,1,96363
32865581663162,0,96363
32865581666646,1,96363
32865581676566,0,96363
32865581679746,1,96363
32865581689656,0,96363
32865581693314,1,96363
32865581703365,0,96363
32865581707685,1,96363
32865581717605,0,96363
32865581726158,1,96363
32865581736046,0,96363
32865581739063,1,96363
32865581748930,0,96363
32865581752978,1,96363
32865581762964,0,96363
32865581766871,1,96363
32865581776759,0,96363
32865581780526,1,96363
32865581790490,0,96363
32865581793789,1,96363
32865581803655,0,96363
32865581807997,1,96363
32865581919967,0,96363
32865581925198,1,96363
32865581935466,0,96363
32865581940806,1,96363
32865581951639,0,96363
32865581955329,1,96363
32865581965293,0,96363
32865581968669,1,96363
32865581978578,0,96363
32865581982041,1,96363
32865581991940,0,96363
32865581995717,1,96363
32865582005659,0,96363
32865582008622,1,96363
32865582018488,0,96363
32865582022233,1,96363
32865582032164,0,96363
32865582034965,1,96363
32865582044896,0,96363
32865582048728,1,96363
32865582058702,0,96363
32865582069676,1,96363
32865582080182,0,96363
32865582083677,1,96363
32865582093696,0,96363
32865582097234,1,96363
32865582107144,0,96363
32865582110519,1,96363
32865582120407,0,96363
32865582123685,1,96363
32865582133530,0,96363
32865582206034,1,96363
32865582221480,0,96363
32865582225268,1,96363
32865582235199,0,96363
32865582238737,1,96363
32865582248636,0,96363
32865582252012,1,96363
32865582261911,0,96363
32865582265156,1,96363
32865582275760,0,96363
32865582279548,1,96363
32865582289686,0,96363
32865582292682,1,96363
32865582302548,0,96363
32865582306303,1,96363
32865582315996,0,96363
32865582321152,1,96363
32865582331126,0,96363
32865582334904,1,96363
32865582344781,0,96363
32865582348004,1,96363
32865582357990,0,96363
32865582362049,1,96363
32865582372176,0,96363
32865582375812,1,96363
32865582386069,0,96363
32865582389629,1,96363
32865582399550,0,96363
32865582402698,1,96363
32865582412586,0,96363
32865582416276,1,96363
32865582426175,0,96363
32865582497279,1,96363
32865582512942,0,96363
32865582517511,1,96363
32865582527584,0,96363
32865582531600,1,96363
32865582541488,0,96363
32865582545058,1,96363
32865582554914,0,96363
32865582558485,1,96363
32865582568438,0,96363
32865582571944,1,96363
32865582582483,0,96363
32865582586369,1,96363
32865582596593,0,96363
32865582600685,1,96363
32865582610671,0,96363
32865582614415,1,96363
32865582624358,0,96363
32865582628124,1,96363
32865582638131,0,96363
32865582641507,1,96363
32865582651536,0,96363
32865582655270,1,96363
32865582665429,0,96363
32865582668881,1,96363
32865582678812,0,96363
32865582682709,1,96363
32865582692608,0,96363
32865582695961,1,96363
32865582705849,0,96363
32865582709518,1,96363
32865582719471,0,96363
32865582790662,1,96363
32865582806249,0,96363
32865582810764,1,96363
32865582821488,0,96363
32865582825981,1,96363
32865582835934,0,96363
32865582839158,1,96363
32865582849046,0,96363
32865582853105,1,96363
32865582863037,0,96363
32865582866955,1,96363
32865582876919,0,96363
32865582880848,1,96363
32865582890747,0,96363
32865582893905,1,96363
32865582903837,0,96363
32865582908092,1,96363
32865582918121,0,96363
32865582922755,1,96363
32865582932752,0,96363
32865582936431,1,96363
32865582946460,0,96363
32865582949608,1,96363
32865582959648,0,96363
32865582963295,1,96363
32865582973194,0,96363
32865582976808,1,96363
32865583051896,0,96363
32865583058636,1,96363
32865583073344,0,96363
32865583077620,1,96363
32865583087671,0,96363
32865583091405,1,96363
32865583101325,0,96363
32865583104929,1,96363
32865583114871,0,96363
32865583118778,1,96363
32865583128764,0,96363
32865583132357,1,96363
32865583142809,0,96363
32865583145946,1,96363
32865583155856,0,96363
32865583159481,1,96363
32865583169369,0,96363
32865583172647,1,96363
32865583182535,0,96363
32865583186138,1,96363
32865583196091,0,96363
32865583199684,1,96363
32865583209615,0,96363
32865583212481,1,96363
32865583222445,0,96363
32865583225940,1,96363
32865583235904,0,96363
32865583239507,1,96363
32865583249428,0,96363
32865583253129,1,96363
32865583263115,0,96363
32865583266762,1,96363
32865583276725,0,96363
32865583280915,1,96363
32865583359042,0,96363
32865583366021,1,96363
32865583377624,0,96363
32865583381466,1,96363
32865583391485,0,96363
32865583394784,1,96363
32865583404694,0,96363
32865583408808,1,96363
32865583419401,0,96363
32865583423428,1,96363
32865583433359,0,96363
32865583436279,1,96363
32865583446265,0,96363
32865583450292,1,96363
32865583460581,0,96363
32865583463251,1,96363
32865583473356,0,96363
32865583477535,1,96363
32865583487412,0,96363
32865583490983,1,96363
32865583500925,0,96363
32865583504030,1,96363
32865583513918,0,96363
32865583517727,1,96363
32865583527713,0,96363
32865583531110,1,96363
32865583541020,0,96363
32865583544406,1,96363
32865583554446,0,96363
32865583558126,1,96363
32865583568101,0,96363
32865583571672,1,96363
32865583646141,0,96363
32865583652751,1,96363
32865583667469,0,96363
32865583671952,1,96363
32865583682198,0,96363
32865583685172,1,96363
32865583695613,0,96363
32865583698294,1,96363
32865583708182,0,96363
32865583712773,1,96363
32865583722987,0,96363
32865583726873,1,96363
32865583736804,0,96363
32865583740614,1,96363
32865583750567,0,96363
32865583753921,1,96363
32865583763820,0,96363
32865583767944,1,96363
32865583777843,0,96363
32865583781707,1,96363
32865583791595,0,96363
32865583795524,1,96363
32865583805575,0,96363
32865583809862,1,96363
32865583820032,0,96363
32865583823321,1,96363
32865583833198,0,96363
32865583836943,1,96363
32865583846929,0,96363
32865583850879,1,96363
32865583860909,0,96363
32865583864002,1,96363
32865583938840,0,96363
32865583945363,1,96363
32865583960125,0,96363
32865583964564,1,96363
32865583974626,0,96363
32865583978685,1,96363
32865583988649,0,96363
32865583992155,1,96363
32865584002162,0,96363
32865584034637,1,96363
32865584050712,0,96363
32865584054978,1,96363
32865584065029,0,96363
32865584068675,1,96363
32865584078607,0,96363
32865584083285,1,96363
32865584093379,0,96363
32865584096907,1,96363
32865584107077,0,96363
32865584110604,1,96363
32865584120688,0,96363
32865584131064,1,96363
32865584141397,0,96363
32865584145598,1,96363
32865584155496,0,96363
32865584159447,1,96363
32865584238616,0,96363
32865584245671,1,96363
32865584260433,0,96363
32865584265643,1,96363
32865584275813,0,96363
32865584279633,1,96363
32865584289587,0,96363
32865584293277,1,96363
32865584303870,0,96363
32865584306866,1,96363
32865584316743,0,96363
32865584320488,1,96363
32865584330463,0,96363
32865584334381,1,96363
32865584344269,0,96363
32865584347753,1,96363
32865584357728,0,96363
32865584361635,1,96363
32865584371480,0,96363
32865584375127,1,96363
32865584385102,0,96363
32865584389096,1,96363
32865584399201,0,96363
32865584403358,1,96363
32865584413289,0,96363
32865584416470,1,96363
32865584426336,0,96363
32865584430406,1,96363
32865584440403,0,96363
32865584443377,1,96363
32865584453210,0,96363
32865584457476,1,96363
32865584531175,0,96363
32865584537448,1,96363
32865584552774,0,96363
32865584557333,1,96363
32865584567416,0,96363
32865584570477,1,96363
32865584580397,0,96363
32865584584131,1,96363
32865584594019,0,96363
32865584597178,1,96363
32865584607174,0,96363
32865584611755,1,96363
32865584621968,0,96363
32865584625376,1,96363
32865584635232,0,96363
32865584638835,1,96363
32865584648723,0,96363
32865584653401,1,96363
32865584663354,0,96363
32865584666904,1,96363
32865584676846,0,96363
32865584680992,1,96363
32865584691032,0,96363
32865584695189,1,96363
32865584705229,0,96363
32865584708648,1,96363
32865584718493,0,96363
32865584722042,1,96363
32865584731908,0,96363
32865584735522,1,96363
32865584745443,0,96363
32865584748938,1,96363
32865584823581,0,96363
32865584830636,1,96363
32865584845973,0,96363
32865584850021,1,96363
32865584860180,0,96363
32865584864316,1,96363
32865584874345,0,96363
32865584877862,1,96363
32865584887717,0,96363
32865584891321,1,96363
32865584901187,0,96363
32865584904899,1,96363
32865584949997,0,96363
32865584954458,1,96363
32865584965019,0,96363
32865584967841,1,96363
32865584977762,0,96363
32865584981843,1,96363
32865584991861,0,96363
32865584995899,1,96363
32865585005776,0,96363
32865585009379,1,96363
32865585019484,0,96363
32865585024456,1,96363
32865585034485,0,96363
32865585037947,1,96363
32865585047813,0,96363
32865585051656,1,96363
32865585061674,0,96363
32865585065180,1,96363
32865585157710,0,96363
32865585162648,1,96363
32865585172840,0,96363
32865585178322,1,96363
32865585188492,0,96363
32865585192345,1,96363
32865585248471,0,96363
32865585254028,1,96363
32865585309763,0,96363
32865585314355,1,96363
32865585380954,0,96362
32865585390104,1,96362
32865585412029,0,96362
32865585415969,1,96362
32865585497461,0,96362
32865585503930,1,96362
32865585512581,0,96359
32865585519951,1,96359
32865585589372,0,96361
32865585596460,1,96361
32865585618960,0,96361
32865585623400,1,96361
32865585634254,0,96361
32865585637488,1,96361
32865585647561,0,96361
32865585652564,1,96361
32865585710166,0,96361
32865585715322,1,96361
32865585732309,0,96361
32865585736954,1,96361
32865585747037,0,96361
32865585751998,1,96361
32865585762005,0,96361
32865585765240,1,96361
32865585775323,0,96361
32865585779078,1,96361
32865585789672,0,96361
32865585793601,1,96361
32865585803630,0,96361
32865585807277,1,96361
32865585817198,0,96361
32865585820693,1,96361
32865585830624,0,96361
32865585834379,1,96361
32865585844300,0,96361
32865585848088,1,96361
32865585858074,0,96361
32865585862589,1,96361
32865585872585,0,96361
32865585876688,1,96361
32865585886793,0,96361
32865585889648,1,96361
32865585899612,0,96361
32865585903432,1,96361
32865585913353,0,96361
32865585916435,1,96361
32865585926378,0,96361
32865585930101,1,96361
32865585940054,0,96361
32865585943473,1,96361
32865585953545,0,96361
32865586027656,1,96361
32865586043785,0,96361
32865586049397,1,96361
32865586059556,0,96361
32865586063518,1,96361
32865586073992,0,96361
32865586077096,1,96361
32865586086941,0,96361
32865586092324,1,96361
32865586102440,0,96361
32865586105599,1,96361
32865586115508,0,96361
32865586119101,1,96361
32865586129065,0,96361
32865586132766,1,96361
32865586142654,0,96361
32865586146627,1,96361
32865586156591,0,96361
32865586160476,1,96361
32865586170625,0,96361
32865586173838,1,96361
32865586183693,0,96361
32865586187123,1,96361
32865586197011,0,96361
32865586200929,1,96361
32865586210850,0,96361
32865586214605,1,96361
32865586224613,0,96361
32865586228694,1,96361
32865586239070,0,96361
32865586242001,1,96361
32865586252073,0,96361
32865586255134,1,96361
32865586265022,0,96361
32865586268897,1,96361
32865586278904,0,96361
32865586282519,1,96361
32865586292526,0,96361
32865586296303,1,96361
32865586306235,0,96361
32865586309860,1,96361
32865586319704,0,96361
32865586323775,1,96361
32865586333695,0,96361
32865586337016,1,96361
32865586346883,0,96361
32865586350269,1,96361
32865586360157,0,96361
32865586363815,1,96361
32865586373714,0,96361
32865586377176,1,96361
32865586387021,0,96361
32865586390396,1,96361
32865586400328,0,96361
32865586404235,1,96361
32865586414362,0,96361
32865586418172,1,96361
32865586428136,0,96361
32865586431435,1,96361
32865586441356,0,96361
32865586444970,1,96361
32865586454999,0,96361
32865586459037,1,96361
32865586469012,0,96361
32865586472919,1,96361
32865586482829,0,96361
32865586486476,1,96361
32865586496386,0,96361
32865586499761,1,96361
32865586509649,0,96361
32865586513350,1,96361
32865586523542,0,96361
32865586526364,1,96361
32865586536306,0,96361
32865586540594,1,96361
32865586550525,0,96361
32865586553912,1,96361
32865586563778,0,96361
32865586566936,1,96361
32865586576781,0,96361
32865586580124,1,96361
32865586590034,0,96361
32865586593941,1,96361
32865586603840,0,96361
32865586607661,1,96361
32865586617679,0,96361
32865586621489,1,96361
32865586631594,0,96361
32865586635675,1,96361
32865586645530,0,96361
32865586648949,1,96361
32865586658826,0,96361
32865586662082,1,96361
32865586671992,0,96361
32865586675661,1,96361
32865586685614,0,96361
32865586689141,1,96361
32865586699040,0,96361
32865586702231,1,96361
32865586712195,0,96361
32865586715951,1,96361
32865586725991,0,96361
32865586729171,1,96361
32865586739081,0,96361
32865586742890,1,96361
32865586752735,0,96361
32865586756534,1,96361
32865586766422,0,96361
32865586769960,1,96361
32865586779826,0,96361
32865586783712,1,96361
32865586793644,0,96361
32865586796997,1,96361
32865586807092,0,96361
32865586810695,1,96361
32865586820778,0,96361
32865586823807,1,96361
32865586833662,0,96361
32865586837331,1,96361
32865586847230,0,96361
32865586850399,1,96361
32865586860396,0,96361
32865586863413,1,96361
32865586873301,0,96361
32865586877111,1,96361
32865586887031,0,96361
32865586890515,1,96361
32865586900458,0,96361
32865586904159,1,96361
32865586914101,0,96361
32865586917759,1,96361
32865586927820,0,96361
32865586931153,1,96361
32865586941203,0,96361
32865586945046,1,96361
32865586955053,0,96361
32865586958613,1,96361
32865586968566,0,96361
32865586971964,1,96361
32865586981852,0,96361
32865586985357,1,96361
32865586995245,0,96361
32865586998686,1,96361
32865587008607,0,96361
32865587012406,1,96361
32865587022326,0,96361
32865587025940,1,96361
32865587035839,0,96361
32865587039497,1,96361
32865587092703,0,96361
32865587097544,1,96361
32865587108279,0,96361
32865587111350,1,96361
32865587121282,0,96361
32865587125363,1,96361
32865587135251,0,96361
32865587138605,1,96361
32865587148515,0,96361
32865587152031,1,96361
32865587161919,0,96361
32865587165306,1,96361
32865587175194,0,96361
32865587178200,1,96361
32865587188099,0,96361
32865587192050,1,96361
32865587201992,0,96361
32865587206638,1,96361
32865587216764,0,96361
32865587220650,1,96361
32865587230820,0,96361
32865587235173,1,96361
32865587245082,0,96361
32865587249250,1,96361
32865587259160,0,96361
32865587262232,1,96361
32865587272500,0,96361
32865587277699,1,96361
32865587287576,0,96361
32865587291158,1,96361
32865587301100,0,96361
32865587305062,1,96361
32865587315069,0,96361
32865587318965,1,96361
32865587328919,0,96361
32865587332544,1,96361
32865587342497,0,96361
32865587346176,1,96361
32865587356292,0,96361
32865587362056,1,96361
32865587371976,0,96361
32865587375656,1,96361
32865587385576,0,96361
32865587390406,1,96361
32865587400653,0,96361
32865587404148,1,96361
32865587414014,0,96361
32865587417270,1,96361
32865587427136,0,96361
32865587430099,1,96361
32865587439987,0,96361
32865587450483,1,96361
32865587460805,0,96361
32865587464626,1,96361
32865587474666,0,96361
32865587478573,1,96361
32865587488483,0,96361
32865587492249,1,96361
32865587502202,0,96361
32865587506218,1,96361
32865587516193,0,96361
32865587520198,1,96361
32865587530195,0,96361
32865587533744,1,96361
32865587543621,0,96361
32865587547507,1,96361
32865587557460,0,96361
32865587561367,1,96361
32865587571353,0,96361
32865587575261,1,96361
32865587585463,0,96361
32865587589013,1,96361
32865587598911,0,96361
32865587602819,1,96361
32865587612772,0,96361
32865587616169,1,96361
32865587626383,0,96361
32865587630030,1,96361
32865587640037,0,96361
32865587643652,1,96361
32865587653637,0,96361
32865587657230,1,96361
32865587667140,0,96361
32865587670678,1,96361
32865587680533,0,96361
32865587684332,1,96361
32865587694285,0,96361
32865587702665,1,96361
32865587712900,0,96361
32865587715711,1,96361
32865587726315,0,96361
32865587731048,1,96361
32865587741696,0,96361
32865587745364,1,96361
32865587755491,0,96361
32865587759105,1,96361
32865587769167,0,96361
32865587772532,1,96361
32865587782409,0,96361
32865587786056,1,96361
32865587795955,0,96361
32865587799460,1,96361
32865587809522,0,96361
32865587812344,1,96361
32865587822384,0,96361
32865587826302,1,96361
32865587836190,0,96361
32865587839902,1,96361
32865587849779,0,96361
32865587853828,1,96361
32865587863781,0,96361
32865587867526,1,96361
32865587877587,0,96361
32865587881354,1,96361
32865587891405,0,96361
32865587895941,1,96361
32865587905916,0,96361
32865587909476,1,96361
32865587919321,0,96361
32865587922990,1,96361
32865587932888,0,96361
32865587936069,1,96361
32865587946000,0,96361
32865587949983,1,96361
32865587959882,0,96361
32865587962856,1,96361
32865587972755,0,96361
32865587976087,1,96361
32865587986019,0,96361
32865587990002,1,96361
32865588000151,0,96361
32865588003895,1,96361
32865588013946,0,96361
32865588017984,1,96361
32865588027893,0,96361
32865588031432,1,96361
32865588041407,0,96361
32865588044424,1,96361
32865588054345,0,96361
32865588058078,1,96361
32865588068010,0,96361
32865588071320,1,96361
32865588081241,0,96361
32865588085202,1,96361
32865588095155,0,96361
32865588098922,1,96361
32865588109016,0,96361
32865588111816,1,96361
32865588121856,0,96361
32865588247524,1,96361
32865588271630,0,96361
32865588278306,1,96361
32865588291450,0,96361
32865588296855,1,96361
32865588310357,0,96361
32865588316316,1,96361
32865588331425,0,96361
32865588336961,1,96361
32865588351928,0,96361
32865588357160,1,96361
32865588367352,0,96361
32865588371346,1,96361
32865588381299,0,96361
32865588385500,1,96361
32865588395420,0,96361
32865588399295,1,96361
32865588409313,0,96361
32865588413134,1,96361
32865588423999,0,96361
32865588428091,1,96361
32865588438836,0,96361
32865588442548,1,96361
32865588452523,0,96361
32865588456463,1,96361
32865588466394,0,96361
32865588469846,1,96361
32865588479842,0,96361
32865588482990,1,96361
32865588492900,0,96361
32865588497002,1,96361
32865588506923,0,96361
32865588510277,1,96361
32865588520208,0,96361
32865588524007,1,96361
32865588533863,0,96361
32865588537216,1,96361
32865588547126,0,96361
32865588550741,1,96361
32865588560759,0,96361
32865588564503,1,96361
32865588574543,0,96361
32865588578158,1,96361
32865588588013,0,96361
32865588591280,1,96361
32865588601157,0,96361
32865588605054,1,96361
32865588614974,0,96361
32865588618404,1,96361
32865588628314,0,96361
32865588631288,1,96361
32865588641143,0,96361
32865588644237,1,96361
32865588654070,0,96361
32865588658021,1,96361
32865588669776,0,96361
32865588675214,1,96361
32865588685135,0,96361
32865588690127,1,96361
32865588700015,0,96361
32865588703033,1,96361
32865588712867,0,96361
32865588716524,1,96361
32865588726412,0,96361
32865588729701,1,96361
32865588739622,0,96361
32865588743236,1,96361
32865588753102,0,96361
32865588756662,1,96361
32865588766615,0,96361
32865588770501,1,96361
32865588780422,0,96361
32865588784014,1,96361
32865588793837,0,96361
32865588797777,1,96361
32865588807719,0,96361
32865588811073,1,96361
32865588821005,0,96361
32865588824814,1,96361
32865588834768,0,96361
32865588838545,1,96361
32865588848400,0,96361
32865588852405,1,96361
32865588862315,0,96361
32865588865788,1,96361
32865588875655,0,96361
32865588878911,1,96361
32865588888810,0,96361
32865588892315,1,96361
32865588902258,0,96361
32865588906024,1,96361
32865588915934,0,96361
32865588919483,1,96361
32865588929458,0,96361
32865588932323,1,96361
32865588942179,0,96361
32865588946151,1,96361
32865588956126,0,96361
32865588959762,1,96361
32865588969693,0,96361
32865588973264,1,96361
32865588983152,0,96361
32865588986799,1,96361
32865588996709,0,96361
32865589000128,1,96361
32865589010059,0,96361
32865589013489,1,96361
32865589023366,0,96361
32865589027230,1,96361
32865589037086,0,96361
32865589040906,1,96361
32865589050773,0,96361
32865589054355,1,96361
32865589064557,0,96361
32865589067531,1,96361
32865589077647,0,96361
32865589081207,1,96361
32865589091074,0,96361
32865589094970,1,96361
32865589104869,0,96361
32865589108245,1,96361
32865589118122,0,96361
32865589121769,1,96361
32865589131678,0,96361
32865589135347,1,96361
32865589145224,0,96361
32865589148567,1,96361
32865589158498,0,96361
32865589162569,1,96361
32865589172544,0,96361
32865589175561,1,96361
32865589185699,0,96361
32865589189443,1,96361
32865589199483,0,96361
32865589203325,1,96361
32865589247924,0,96361
32865589253417,1,96361
32865589263598,0,96361
32865589267570,1,96361
32865589277534,0,96361
32865589280910,1,96361
32865589290906,0,96361
32865589295649,1,96361
32865589305657,0,96361
32865589309217,1,96361
32865589319116,0,96361
32865589322415,1,96361
32865589332292,0,96361
32865589336677,1,96361
32865589346609,0,96361
32865589350050,1,96361
32865589359948,0,96361
32865589362944,1,96361
32865589372865,0,96361
32865589376740,1,96361
32865589386769,0,96361
32865589390036,1,96361
32865589399978,0,96361
32865589403842,1,96361
32865589413828,0,96361
32865589417713,1,96361
32865589427656,0,96361
32865589431444,1,96361
32865589441332,0,96361
32865589444566,1,96361
32865589454497,0,96361
32865589457743,1,96361
32865589467663,0,96361
32865589478691,1,96361
32865589489046,0,96361
32865589492324,1,96361
32865589502222,0,96361
32865589505989,1,96361
32865589515833,0,96361
32865589519524,1,96361
32865589529466,0,96361
32865589533200,1,96361
32865589543174,0,96361
32865589547201,1,96361
32865589557187,0,96361
32865589560921,1,96361
32865589571525,0,96361
32865589574412,1,96361
32865589584463,0,96361
32865589587784,1,96361
32865589597683,0,96361
32865589601905,1,96361
32865589611793,0,96361
32865589614963,1,96361
32865589624872,0,96361
32865589628519,1,96361
32865589638538,0,96361
32865589642098,1,96361
32865589652355,0,96361
32865589656099,1,96361
32865589666226,0,96361
32865589669840,1,96361
32865589679728,0,96361
32865589683278,1,96361
32865589693155,0,96361
32865589696400,1,96361
32865589706310,0,96361
32865589709859,1,96361
32865589719791,0,96361
32865589723513,1,96361
32865589733477,0,96361
32865589737352,1,96361
32865589747284,0,96361
32865589751083,1,96361
32865589761014,0,96361
32865589764693,1,96361
32865589774614,0,96361
32865589777892,1,96361
32865589787747,0,96361
32865589791253,1,96361
32865589801174,0,96361
32865589805211,1,96361
32865589815186,0,96361
32865589818529,1,96361
32865589828417,0,96361
32865589832010,1,96361
32865589841898,0,96361
32865589845393,1,96361
32865589855313,0,96361
32865589859025,1,96361
32865589869000,0,96361
32865589872680,1,96361
32865589882665,0,96361
32865589886356,1,96361
32865589896341,0,96361
32865589899977,1,96361
32865589909876,0,96361
32865589913241,1,96361
32865589923107,0,96361
32865589926733,1,96361
32865589936621,0,96361
32865589939920,1,96361
32865589949862,0,96361
32865589953488,1,96361
32865589963419,0,96361
32865589967261,1,96361
32865589977214,0,96361
32865589980785,1,96361
32865589990641,0,96361
32865589994342,1,96361
32865590004317,0,96361
32865590008159,1,96361
32865590018069,0,96361
32865590021727,1,96361
32865590031604,0,96361
32865590035446,1,96361
32865590045356,0,96361
32865590048970,1,96361
32865590058815,0,96361
32865590062516,1,96361
32865590072360,0,96361
32865590075834,1,96361
32865590085700,0,96361
32865590089716,1,96361
32865590099615,0,96361
32865590103349,1,96361
32865590113269,0,96361
32865590116721,1,96361
32865590126587,0,96361
32865590130332,1,96361
32865590140241,0,96361
32865590143465,1,96361
32865590153407,0,96361
32865590156837,1,96361
32865590167572,0,96361
32865590170784,1,96361
32865590180672,0,96361
32865590184450,1,96361
32865590194489,0,96361
32865590198017,1,96361
32865590207959,0,96361
32865590211867,1,96361
32865590221863,0,96361
32865590225825,1,96361
32865590235843,0,96361
32865590239642,1,96361
32865590249563,0,96361
32865590253394,1,96361
32865590263358,0,96361
32865590266723,1,96361
32865590276643,0,96361
32865590280594,1,96361
32865590316608,0,96361
32865590322751,1,96361
32865590337317,0,96361
32865590341279,1,96361
32865590351232,0,96361
32865590356333,1,96361
32865590366373,0,96361
32865590370606,1,96361
32865590380451,0,96361
32865590383805,1,96361
32865590393693,0,96361
32865590396927,1,96361
32865590406869,0,96361
32865590410712,1,96361
32865590420643,0,96361
32865590423758,1,96361
32865590433635,0,96361
32865590437380,1,96361
32865590447366,0,96361
32865590450719,1,96361
32865590460629,0,96361
32865590464059,1,96361
32865590474045,0,96361
32865590477420,1,96361
32865590487373,0,96361
32865590490423,1,96361
32865590500366,0,96361
32865590503795,1,96361
32865590513716,0,96361
32865590517124,1,96361
32865590527023,0,96361
32865590530626,1,96361
32865590540580,0,96361
32865590543836,1,96361
32865590553745,0,96361
32865590557262,1,96361
32865590567150,0,96361
32865590570287,1,96361
32865590580175,0,96361
32865590583257,1,96361
32865590593145,0,96361
32865590596467,1,96361
32865590606344,0,96361
32865590609567,1,96361
32865590619423,0,96361
32865590623385,1,96361
32865590633338,0,96361
32865590637223,1,96361
32865590647133,0,96361
32865590651388,1,96361
32865590661406,0,96361
32865590665433,1,96361
32865590675364,0,96361
32865590678555,1,96361
32865590688411,0,96361
32865590691689,1,96361
32865590701566,0,96361
32865590704952,1,96361
32865590714851,0,96361
32865590718563,1,96361
32865590728527,0,96361
32865590731892,1,96361
32865590741834,0,96361
32865590745611,1,96361
32865590755532,0,96361
32865590758528,1,96361
32865590848290,0,96361
32865590854129,1,96361
32865590864397,0,96361
32865590868218,1,96361
32865590878171,0,96361
32865590882057,1,96361
32865590892032,0,96361
32865590895852,1,96361
32865590905838,0,96361
32865590909420,1,96361
32865590919351,0,96361
32865590923215,1,96361
32865590933114,0,96361
32865590936544,1,96361
32865590946464,0,96361
32865590950784,1,96361
32865590960759,0,96361
32865590964069,1,96361
32865590973936,0,96361
32865590977257,1,96361
32865590987145,0,96361
32865590990900,1,96361
32865591000799,0,96361
32865591004414,1,96361
32865591014356,0,96361
32865591018394,1,96361
32865591028325,0,96361
32865591031559,1,96361
32865591041437,0,96361
32865591044964,1,96361
32865591054874,0,96361
32865591058814,1,96361
32865591068799,0,96361
32865591072935,1,96361
32865591082877,0,96361
32865591086643,1,96361
32865591096716,0,96361
32865591100287,1,96361
32865591110815,0,96361
32865591113833,1,96361
32865591123862,0,96361
32865591127205,1,96361
32865591137104,0,96361
32865591140870,1,96361
32865591150769,0,96361
32865591154980,1,96361
32865591164966,0,96361
32865591168396,1,96361
32865591178544,0,96361
32865591182603,1,96361
32865591192687,0,96361
32865591196377,1,96361
32865591206287,0,96361
32865591209445,1,96361
32865591219301,0,96361
32865591223089,1,96361
32865591233064,0,96361
32865591236179,1,96361
32865591246012,0,96361
32865591249920,1,96361
32865591259895,0,96361
32865591263683,1,96361
32865591273647,0,96361
32865591276708,1,96361
32865591286574,0,96361
32865591290622,1,96361
32865591300521,0,96361
32865591304060,1,96361
32865591313948,0,96361
32865591317757,1,96361
32865591327678,0,96361
32865591331010,1,96361
32865591340855,0,96361
32865591343915,1,96361
32865591353782,0,96361
32865591357526,1,96361
32865591367436,0,96361
32865591416941,1,96361
32865591432668,0,96361
32865591437466,1,96361
32865591447538,0,96361
32865591451728,1,96361
32865591461714,0,96361
32865591465111,1,96361
32865591475075,0,96361
32865591478516,1,96361
32865591488545,0,96361
32865591493331,1,96361
32865591504066,0,96361
32865591507072,1,96361
32865591517123,0,96361
32865591520694,1,96361
32865591530571,0,96361
32865591534620,1,96361
32865591544519,0,96361
32865591547655,1,96361
32865591557543,0,96361
32865591561277,1,96361
32865591571176,0,96361
32865591575691,1,96361
32865591585623,0,96361
32865591589291,1,96361
32865591599538,0,96361
32865591603412,1,96361
32865591613583,0,96361
32865591617164,1,96361
32865591627031,0,96361
32865591630732,1,96361
32865591640598,0,96361
32865591644755,1,96361
32865591654817,0,96361
32865591658735,1,96361
32865591668699,0,96361
32865591672248,1,96361
32865591682191,0,96361
32865591685458,1,96361
32865591695356,0,96361
32865591698862,1,96361
32865591708805,0,96361
32865591712560,1,96361
32865591722546,0,96361
32865591726388,1,96361
32865591736352,0,96361
32865591739695,1,96361
32865591749594,0,96361
32865591753458,1,96361
32865591763411,0,96361
32865591766765,1,96361
32865591776761,0,96361
32865591779757,1,96361
32865591789645,0,96361
32865591793292,1,96361
32865591803137,0,96361
32865591806349,1,96361
32865591816226,0,96361
32865591819928,1,96361
32865591829892,0,96361
32865591833115,1,96361
32865591843025,0,96361
32865591846770,1,96361
32865591858709,0,96361
32865591861965,1,96361
32865591872309,0,96361
32865591876716,1,96361
32865591886647,0,96361
32865591889719,1,96361
32865591899596,0,96361
32865591903536,1,96361
32865591913446,0,96361
32865591916745,1,96361
32865591926655,0,96361
32865591930486,1,96361
32865591940461,0,96361
32865591944293,1,96361
32865591954191,0,96361
32865591957925,1,96361
32865591967954,0,96361
32865591971807,1,96361
32865591981771,0,96361
32865591985473,1,96361
32865591995382,0,96361
32865591998964,1,96361
32865592008863,0,96361
32865592012282,1,96361
32865592022202,0,96361
32865592025795,1,96361
32865592035737,0,96361
32865592040003,1,96361
32865592049978,0,96361
32865592053505,1,96361
32865592063458,0,96361
32865592067236,1,96361
32865592077254,0,96361
32865592080749,1,96361
32865592090648,0,96361
32865592094164,1,96361
32865592104063,0,96361
32865592107634,1,96361
32865592117511,0,96361
32865592121126,1,96361
32865592131111,0,96361
32865592134693,1,96361
32865592144581,0,96361
32865592148054,1,96361
32865592157953,0,96361
32865592161296,1,96361
32865592171173,0,96361
32865592174668,1,96361
32865592184589,0,96361
32865592188062,1,96361
32865592197950,0,96361
32865592201174,1,96361
32865592211051,0,96361
32865592214611,1,96361
32865592224542,0,96361
32865592228157,1,96361
32865592238012,0,96361
32865592241420,1,96361
32865592251308,0,96361
32865592254792,1,96361
32865592264702,0,96361
32865592268751,1,96361
32865592278758,0,96361
32865592282698,1,96361
32865592292640,0,96361
32865592296255,1,96361
32865592306230,0,96361
32865592309714,1,96361
32865592319612,0,96361
32865592322999,1,96361
32865592332887,0,96361
32865592336241,1,96361
32865592346118,0,96361
32865592349483,1,96361
32865592359349,0,96361
32865592362518,1,96361
32865592372395,0,96361
32865592375825,1,96361
32865592385778,0,96361
32865592389284,1,96361
32865592399150,0,96361
32865592402515,1,96361
32865592412381,0,96361
32865592415388,1,96361
32865592425254,0,96361
32865592429151,1,96361
32865592439104,0,96361
32865592442523,1,96361
32865592452487,0,96361
32865592493743,1,96361
32865592512010,0,96361
32865592516070,1,96361
32865592526261,0,96361
32865592530961,1,96361
32865592541218,0,96361
32865592546320,1,96361
32865592556392,0,96361
32865592560603,1,96361
32865592570643,0,96361
32865592573867,1,96361
32865592583929,0,96361
32865592587890,1,96361
32865592598245,0,96361
32865592601566,1,96361
32865592611487,0,96361
32865592614743,1,96361
32865592624696,0,96361
32865592628832,1,96361
32865592638785,0,96361
32865592642117,1,96361
32865592652048,0,96361
32865592655815,1,96361
32865592665746,0,96361
32865592669458,1,96361
32865592679444,0,96361
32865592682830,1,96361
32865592692729,0,96361
32865592696213,1,96361
32865592706177,0,96361
32865592710128,1,96361
32865592720048,0,96361
32865592723630,1,96361
32865592733616,0,96361
32865592736709,1,96361
32865592746576,0,96361
32865592750027,1,96361
32865592760024,0,96361
32865592763605,1,96361
32865592773483,0,96361
32865592819341,1,96361
32865592834884,0,96361
32865592839030,1,96361
32865592849026,0,96361
32865592852098,1,96361
32865592862008,0,96361
32865592865698,1,96361
32865592875619,0,96361
32865592879081,1,96361
32865592889067,0,96361
32865592893908,1,96361
32865592903991,0,96361
32865592907486,1,96361
32865592917428,0,96361
32865592920945,1,96361
32865592930833,0,96361
32865592934675,1,96361
32865592944607,0,96361
32865592948112,1,96361
32865592958055,0,96361
32865592961853,1,96361
32865592971817,0,96361
32865592974737,1,96361
32865592984625,0,96361
32865592987979,1,96361
32865592997889,0,96361
32865593001916,1,96361
32865593011890,0,96361
32865593014951,1,96361
32865593024915,0,96361
32865593028942,1,96361
32865593038993,0,96361
32865593043204,1,96361
32865593053244,0,96361
32865593056750,1,96361
32865593066670,0,96361
32865593069666,1,96361
32865593079554,0,96361
32865593082854,1,96361
32865593092677,0,96361
32865593096345,1,96361
32865593106342,0,96361
32865593110499,1,96361
32865593120441,0,96361
32865593123990,1,96361
32865593133954,0,96361
32865593137688,1,96361
32865593147630,0,96361
32865593151212,1,96361
32865593161111,0,96361
32865593164519,1,96361
32865593174505,0,96361
32865593178130,1,96361
32865593187975,0,96361
32865593191057,1,96361
32865593200923,0,96361
32865593204397,1,96361
32865593214350,0,96361
32865593218029,1,96361
32865593227917,0,96361
32865593231749,1,96361
32865593241637,0,96361
32865593245240,1,96361
32865593255172,0,96361
32865593258938,1,96361
32865593268804,0,96361
32865593272234,1,96361
32865593282144,0,96361
32865593285226,1,96361
32865593295114,0,96361
32865593298294,1,96361
32865593308215,0,96361
32865593312285,1,96361
32865593322195,0,96361
32865593325169,1,96361
32865593335046,0,96361
32865593338194,1,96361
32865593348114,0,96361
32865593351316,1,96361
32865593361226,0,96361
32865593364319,1,96361
32865593374175,0,96361
32865593377539,1,96361
32865593387503,0,96361
32865593391194,1,96361
32865593401179,0,96361
32865593404696,1,96361
32865593414595,0,96361
32865593418622,1,96361
32865593428520,0,96361
32865593432450,1,96361
32865593442370,0,96361
32865593453702,1,96361
32865593464132,0,96361
32865593467996,1,96361
32865593477993,0,96361
32865593482313,1,96361
32865593492374,0,96361
32865593496173,1,96361
32865593506116,0,96361
32865593510240,1,96361
32865593520247,0,96361
32865593523341,1,96361
32865593533218,0,96361
32865593536995,1,96361
32865593577795,0,96361
32865593582745,1,96361
32865593592904,0,96361
32865593596963,1,96361
32865593606884,0,96361
32865593610281,1,96361
32865593620180,0,96361
32865593624120,1,96361
32865593634008,0,96361
32865593637720,1,96361
32865593647586,0,96361
32865593650940,1,96361
32865593660850,0,96361
32865593664269,1,96361
32865593674211,0,96361
32865593678119,1,96361
32865593688137,0,96361
32865593691892,1,96361
32865593732454,0,96360
32865593737750,1,96360
32865593754205,0,96360
32865593757657,1,96360
32865593767631,0,96360
32865593771300,1,96360
32865593784553,0,96360
32865593788721,1,96360
32865593845444,0,96360
32865593857904,1,96360
32865593915593,0,96360
32865593921595,1,96360
32865593939005,0,96360
32865593942815,1,96360
32865593952779,0,96360
32865593956426,1,96360
32865593966400,0,96360
32865593971057,1,96360
32865593981824,0,96360
32865593986035,1,96360
32865593995956,0,96360
32865593999700,1,96360
32865594009675,0,96360
32865594013659,1,96360
32865594067332,0,96360
32865594072357,1,96360
32865594082842,0,96362
32865594092144,1,96362
32865594110932,0,96359
32865594117097,1,96359
32865594174189,0,96359
32865594180441,1,96359
32865594190785,0,96359
32865594194508,1,96359
32865594204472,0,96359
32865594208260,1,96359
32865594218191,0,96359
32865594222413,1,96359
32865594232410,0,96359
32865594236209,1,96359
32865594246933,0,96359
32865594250547,1,96359
32865594307487,0,96359
32865594312480,1,96359
32865594321076,0,96360
32865594328620,1,96360
32865594392029,0,96360
32865594410090,1,96360
32865594467106,0,96360
32865594472848,1,96360
32865594490366,0,96360
32865594494642,1,96360
32865594504661,0,96360
32865594508318,1,96360
32865594518174,0,96360
32865594521582,1,96360
32865594531524,0,96360
32865594535128,1,96360
32865594544972,0,96360
32865594549053,1,96360
32865594559104,0,96360
32865594564520,1,96360
32865594574680,0,96360
32865594578631,1,96360
32865594588605,0,96360
32865594591970,1,96360
32865594601934,0,96360
32865594604995,1,96360
32865594615035,0,96360
32865594618649,1,96360
32865594628624,0,96360
32865594632184,1,96360
32865594642137,0,96360
32865594645437,1,96360
32865594655379,0,96360
32865594658874,1,96360
32865594668762,0,96360
32865594672116,1,96360
32865594682036,0,96360
32865594685531,1,96360
32865594695398,0,96360
32865594698350,1,96360
32865594708216,0,96360
32865594711559,1,96360
32865594721556,0,96360
32865594725398,1,96360
32865594735525,0,96360
32865594738542,1,96360
32865594748365,0,96360
32865594751752,1,96360
32865594761672,0,96360
32865594765341,1,96360
32865594775261,0,96360
32865594778159,1,96360
32865594787993,0,96360
32865594791293,1,96360
32865594801191,0,96360
32865594804730,1,96360
32865594814585,0,96360
32865594818362,1,96360
32865594828240,0,96360
32865594831941,1,96360
32865594841894,0,96360
32865594846344,1,96360
32865594856699,0,96360
32865594860226,1,96360
32865594870288,0,96360
32865594873826,1,96360
32865594883986,0,96360
32865594888588,1,96360
32865594898541,0,96360
32865594902166,1,96360
32865594912087,0,96360
32865594915994,1,96360
32865594925904,0,96360
32865594929366,1,96360
32865594939439,0,96360
32865594943183,1,96360
32865594953223,0,96360
32865594956208,1,96360
32865594966053,0,96360
32865594969537,1,96360
32865594979403,0,96360
32865594982876,1,96360
32865594992764,0,96360
32865594995912,1,96360
32865595005757,0,96360
32865595009447,1,96360
32865595019313,0,96360
32865595022732,1,96360
32865595032577,0,96360
32865595036289,1,96360
32865595046155,0,96360
32865595049965,1,96360
32865595059853,0,96360
32865595063749,1,96360
32865595073637,0,96360
32865595076861,1,96360
32865595086912,0,96360
32865595090179,1,96360
32865595100045,0,96360
32865595103811,1,96360
32865595113689,0,96360
32865595116804,1,96360
32865595126648,0,96360
32865595130339,1,96360
32865595140194,0,96360
32865595143591,1,96360
32865595153501,0,96360
32865595157072,1,96360
32865595166949,0,96360
32865595174123,1,96360
32865595184109,0,96360
32865595188114,1,96360
32865595198078,0,96360
32865595202832,1,96360
32865595212948,0,96360
32865595216747,1,96360
32865595226765,0,96360
32865595230065,1,96360
32865595239975,0,96360
32865595242938,1,96360
32865595252869,0,96360
32865595255778,1,96360
32865595265644,0,96360
32865595268325,1,96360
32865595278202,0,96360
32865595281578,1,96360
32865595291477,0,96360
32865595295308,1,96360
32865595305153,0,96360
32865595308756,1,96360
32865595318644,0,96360
32865595321531,1,96360
32865595331550,0,96360
32865595335316,1,96360
32865595345280,0,96360
32865595349394,1,96360
32865595359368,0,96360
32865595362787,1,96360
32865595372719,0,96360
32865595376832,1,96360
32865595386829,0,96360
32865595390682,1,96360
32865595400581,0,96360
32865595404510,1,96360
32865595414398,0,96360
32865595417665,1,96360
32865595427618,0,96360
32865595431982,1,96360
32865595442076,0,96360
32865595445278,1,96360
32865595455177,0,96360
32865595459290,1,96360
32865595469319,0,96360
32865595512855,1,96360
32865595527952,0,96360
32865595531806,1,96360
32865595541889,0,96360
32865595545862,1,96360
32865595589874,0,96360
32865595596604,1,96360
32865595610975,0,96360
32865595614904,1,96360
32865595625030,0,96360
32865595629285,1,96360
32865595639900,0,96360
32865595643580,1,96360
32865595653457,0,96360
32865595657386,1,96360
32865595667274,0,96360
32865595671236,1,96360
32865595681167,0,96360
32865595685400,1,96360
32865595695364,0,96360
32865595699120,1,96360
32865595709019,0,96360
32865595712036,1,96360
32865595721935,0,96360
32865595726450,1,96360
32865595736544,0,96360
32865595740213,1,96360
32865595750264,0,96360
32865595753650,1,96360
32865595763516,0,96360
32865595767250,1,96360
32865595777203,0,96360
32865595781263,1,96360
32865595791248,0,96360
32865595795080,1,96360
32865595805044,0,96360
32865595807866,1,96360
32865595817765,0,96360
32865595821053,1,96360
32865595830974,0,96360
32865595834838,1,96360
32865595844954,0,96360
32865595848297,1,96360
32865595858131,0,96360
32865595861810,1,96360
32865595871763,0,96360
32865595874683,1,96360
32865595884647,0,96360
32865595888543,1,96360
32865595898866,0,96360
32865595902784,1,96360
32865595912813,0,96360
32865595916004,1,96360
32865595925946,0,96360
32865595929886,1,96360
32865595939850,0,96360
32865595943975,1,96360
32865595953906,0,96360
32865595957358,1,96360
32865595967485,0,96360
32865595971229,1,96360
32865595981204,0,96360
32865595984764,1,96360
32865595994609,0,96360
32865595998071,1,96360
32865596007959,0,96360
32865596011639,1,96360
32865596021602,0,96360
32865596025163,1,96360
32865596035105,0,96360
32865596039208,1,96360
32865596049258,0,96360
32865596053079,1,96360
32865596063162,0,96360
32865596066842,1,96360
32865596076773,0,96360
32865596080301,1,96360
32865596090254,0,96360
32865596093695,1,96360
32865596103583,0,96360
32865596107121,1,96360
32865596117063,0,96360
32865596120352,1,96360
32865596130229,0,96360
32865596133507,1,96360
32865596143504,0,96360
32865596147216,1,96360
32865596157190,0,96360
32865596161065,1,96360
32865596171008,0,96360
32865596174351,1,96360
32865596220122,0,96360
32865596225929,1,96360
32865596236153,0,96360
32865596239594,1,96360
32865596249569,0,96360
32865596253541,1,96360
32865596263549,0,96360
32865596266675,1,96360
32865596277333,0,96360
32865596281045,1,96360
32865596291194,0,96360
32865596294797,1,96360
32865596304674,0,96360
32865596307648,1,96360
32865596317525,0,96360
32865596320695,1,96360
32865596330550,0,96360
32865596334045,1,96360
32865596343944,0,96360
32865596347613,1,96360
32865596357566,0,96360
32865596362244,1,96360
32865596372273,0,96360
32865596375942,1,96360
32865596385819,0,96360
32865596389694,1,96360
32865596399625,0,96360
32865596403109,1,96360
32865596413084,0,96360
32865596417056,1,96360
32865596427172,0,96360
32865596430526,1,96360
32865596440393,0,96360
32865596444170,1,96360
32865596454036,0,96360
32865596457737,1,96360
32865596467571,0,96360
32865596471381,1,96360
32865596481290,0,96360
32865596484742,1,96360
32865596494630,0,96360
32865596498624,1,96360
32865596508610,0,96360
32865596512441,1,96360
32865596522329,0,96360
32865596525379,1,96360
32865596535376,0,96360
32865596539305,1,96360
32865596549139,0,96360
32865596552666,1,96360
32865596562500,0,96360
32865596565658,1,96360
32865596575481,0,96360
32865596579703,1,96360
32865596589678,0,96360
32865596593032,1,96360
32865596603007,0,96360
32865596606752,1,96360
32865596616900,0,96360
32865596621122,1,96360
32865596631021,0,96360
32865596634722,1,96360
32865596644621,0,96360
32865596648485,1,96360
32865596658427,0,96360
32865596662096,1,96360
32865596672038,0,96360
32865596675685,1,96360
32865596685573,0,96360
32865596688862,1,96360
32865596698815,0,96360
32865596702234,1,96360
32865596712133,0,96360
32865596716648,1,96360
32865596726645,0,96360
32865596730378,1,96360
32865596740397,0,96360
32865596751620,1,96360
32865596762039,0,96360
32865596766479,1,96360
32865596776464,0,96360
32865596780090,1,96360
32865596789967,0,96360
32865596793711,1,96360
32865596803589,0,96360
32865596806856,1,96360
32865596816722,0,96360
32865596819707,1,96360
32865596829573,0,96360
32865596833274,1,96360
32865596843173,0,96360
32865596846820,1,96360
32865596856784,0,96360
32865596860941,1,96360
32865596870970,0,96360
32865596874215,1,96360
32865596884093,0,96360
32865596887642,1,96360
32865596897562,0,96360
32865596900612,1,96360
32865596910511,0,96360
32865596914050,1,96360
32865596923948,0,96360
32865596927487,1,96360
32865596937386,0,96360
32865596940772,1,96360
32865596950649,0,96360
32865596954600,1,96360
32865596964575,0,96360
32865596968189,1,96360
32865596978164,0,96360
32865596981583,1,96360
32865596991482,0,96360
32865596995248,1,96360
32865597005169,0,96360
32865597009141,1,96360
32865597019181,0,96360
32865597023425,1,96360
32865597033487,0,96360
32865597037514,1,96360
32865597047662,0,96360
32865597050940,1,96360
32865597060893,0,96360
32865597064616,1,96360
32865597074623,0,96360
32865597078183,1,96360
32865597088321,0,96360
32865597091990,1,96360
32865597101997,0,96360
32865597105590,1,96360
32865597115478,0,96360
32865597119211,1,96360
32865597129110,0,96360
32865597132182,1,96360
32865597142179,0,96360
32865597145467,1,96360
32865597155616,0,96360
32865597159295,1,96360
32865597169335,0,96360
32865597172960,1,96360
32865597182935,0,96360
32865597187136,1,96360
32865597197013,0,96360
32865597200312,1,96360
32865597210157,0,96360
32865597213370,1,96360
32865597223323,0,96360
32865597227046,1,96360
32865597237097,0,96360
32865597241004,1,96360
32865597251001,0,96360
32865597254506,1,96360
32865597264351,0,96360
32865597268172,1,96360
32865597278027,0,96360
32865597281283,1,96360
32865597291269,0,96360
32865597295165,1,96360
32865597305108,0,96360
32865597308451,1,96360
32865597318295,0,96360
32865597321682,1,96360
32865597331635,0,96360
32865597335586,1,96360
32865597345593,0,96360
32865597349218,1,96360
32865597359236,0,96360
32865597363676,1,96360
32865597373607,0,96360
32865597377319,1,96360
32865597387294,0,96360
32865597390984,1,96360
32865597400829,0,96360
32865597404639,1,96360
32865597414538,0,96360
32865597417989,1,96360
32865597427986,0,96360
32865597431470,1,96360
32865597441379,0,96360
32865597444798,1,96360
32865597454708,0,96360
32865597458225,1,96360
32865597468102,0,96360
32865597472150,1,96360
32865597482114,0,96360
32865597485316,1,96360
32865597495161,0,96360
32865597498569,1,96360
32865597508468,0,96360
32865597512202,1,96360
32865597522090,0,96360
32865597525498,1,96360
32865597535462,0,96360
32865597538968,1,96360
32865597548942,0,96360
32865597552253,1,96360
32865597562108,0,96360
32865597565668,1,96360
32865597575621,0,96360
32865597578823,1,96360
32865597588679,0,96360
32865597592185,1,96360
32865597602192,0,96360
32865597606262,1,96360
32865597616194,0,96360
32865597619569,1,96360
32865597629436,0,96360
32865597633202,1,96360
32865597643101,0,96360
32865597646976,1,96360
32865597657015,0,96360
32865597660174,1,96360
32865597670116,0,96360
32865597673633,1,96360
32865597683575,0,96360
32865597686810,1,96360
32865597696709,0,96360
32865597700301,1,96360
32865597710189,0,96360
32865597713359,1,96360
32865597723268,0,96360
32865597726850,1,96360
32865597736836,0,96360
32865597740233,1,96360
32865597750175,0,96360
32865597753410,1,96360
32865597763167,0,96360
32865597766380,1,96360
32865597776312,0,96360
32865597779850,1,96360
32865597789955,0,96360
32865597793483,1,96360
32865597803360,0,96360
32865597806746,1,96360
32865597816797,0,96360
32865597820476,1,96360
32865597830343,0,96360
32865597833849,1,96360
32865597843813,0,96360
32865597847308,1,96360
32865597857304,0,96360
32865597860973,1,96360
32865597870893,0,96360
32865597873867,1,96360
32865597883777,0,96360
32865597887152,1,96360
32865597897551,0,96360
32865597900720,1,96360
32865597910575,0,96360
32865597914287,1,96360
32865597924371,0,96360
32865597928072,1,96360
32865597938915,0,96360
32865597945058,1,96360
32865597954990,0,96360
32865597958539,1,96360
32865597968785,0,96360
32865597972248,1,96360
32865597982092,0,96360
32865597985207,1,96360
32865597995128,0,96360
32865597999437,1,96360
32865598009433,0,96360
32865598012842,1,96360
32865598022838,0,96360
32865598026170,1,96360
32865598036026,0,96360
32865598039890,1,96360
32865598049778,0,96360
32865598053056,1,96360
32865598062933,0,96360
32865598066428,1,96360
32865598076283,0,96360
32865598079637,1,96360
32865598089558,0,96360
32865598093291,1,96360
32865598103190,0,96360
32865598106284,1,96360
32865598116193,0,96360
32865598119634,1,96360
32865598129696,0,96360
32865598133071,1,96360
32865598142948,0,96360
32865598146519,1,96360
32865598156494,0,96360
32865598159870,1,96360
32865598169747,0,96360
32865598172992,1,96360
32865598182837,0,96360
32865598186136,1,96360
32865598196013,0,96360
32865598199888,1,96360
32865598209863,0,96360
32865598213608,1,96360
32865598223659,0,96360
32865598226806,1,96360
32865598236672,0,96360
32865598240200,1,96360
32865598250077,0,96360
32865598253572,1,96360
32865598263471,0,96360
32865598266662,1,96360
32865598276550,0,96360
32865598279687,1,96360
32865598289640,0,96360
32865598293222,1,96360
32865598303153,0,96360
32865598306583,1,96360
32865598316536,0,96360
32865598320226,1,96360
32865598330277,0,96360
32865598333783,1,96360
32865598343704,0,96360
32865598346884,1,96360
32865598384080,0,96360
32865598390517,1,96360
32865598405202,0,96360
32865598410304,1,96360
32865598420333,0,96360
32865598423882,1,96360
32865598433813,0,96360
32865598437243,1,96360
32865598447218,0,96360
32865598451353,1,96360
32865598461827,0,96360
32865598465225,1,96360
32865598475113,0,96360
32865598478825,1,96360
32865598488669,0,96360
32865598491513,1,96360
32865598501434,0,96360
32865598505374,1,96360
32865598515609,0,96360
32865598519397,1,96360
32865598529426,0,96360
32865598532845,1,96360
32865598542755,0,96360
32865598545859,1,96360
32865598555704,0,96360
32865598559687,1,96360
32865598569662,0,96360
32865598573016,1,96360
32865598583121,0,96360
32865598586713,1,96360
32865598596829,0,96360
32865598599565,1,96360
32865598609431,0,96360
32865598613284,1,96360
32865598623161,0,96360
32865598626689,1,96360
32865598636555,0,96360
32865598640321,1,96360
32865598650177,0,96360
32865598653813,1,96360
32865598663788,0,96360
32865598667413,1,96360
32865598677409,0,96360
32865598680839,1,96360
32865598690738,0,96360
32865598695036,1,96360
32865598705000,0,96360
32865598708267,1,96360
32865598718199,0,96360
32865598721455,1,96360
32865598731310,0,96360
32865598734534,1,96360
32865598744389,0,96360
32865598747841,1,96360
32865598757924,0,96360
32865598760898,1,96360
32865598770743,0,96360
32865598773912,1,96360
32865598783778,0,96360
32865598787512,1,96360
32865598797454,0,96360
32865598800580,1,96360
32865598810425,0,96360
32865598814039,1,96360
32865598823949,0,96360
32865598827259,1,96360
32865598837104,0,96360
32865598840295,1,96360
32865598850107,0,96360
32865598853493,1,96360
32865598863468,0,96360
32865598867007,1,96360
32865598876895,0,96360
32865598880357,1,96360
32865598890256,0,96360
32865598893707,1,96360
32865598903541,0,96360
32865598906580,1,96360
32865598916523,0,96360
32865598919714,1,96360
32865598929797,0,96360
32865598933368,1,96360
32865598943310,0,96360
32865598947098,1,96360
32865598957062,0,96360
32865598961295,1,96360
32865598971216,0,96360
32865598974808,1,96360
32865598984653,0,96360
32865598988246,1,96360
32865598998264,0,96360
32865599001911,1,96360
32865599011820,0,96360
32865599015457,1,96360
32865599025410,0,96360
32865599029502,1,96360
32865599039411,0,96360
32865599042624,1,96360
32865599052512,0,96360
32865599056213,1,96360
32865599066156,0,96360
32865599069097,1,96360
32865599079039,0,96360
32865599083066,1,96360
32865599093236,0,96360
32865599096840,1,96360
32865599106793,0,96360
32865599109854,1,96360
32865599119742,0,96360
32865599123074,1,96360
32865599132951,0,96360
32865599136120,1,96360
32865599145987,0,96360
32865599148971,1,96360
32865599158903,0,96360
32865599162246,1,96360
32865599172134,0,96360
32865599175531,1,96360
32865599185441,0,96360
32865599189272,1,96360
32865599199225,0,96360
32865599202634,1,96360
32865599212511,0,96360
32865599216570,1,96360
32865599226523,0,96360
32865599229942,1,96360
32865599239808,0,96360
32865599243499,1,96360
32865599253441,0,96360
32865599256795,1,96360
32865599266650,0,96360
32865599269679,1,96360
32865599279599,0,96360
32865599282812,1,96360
32865599292754,0,96360
32865599295826,1,96360
32865599305670,0,96360
32865599309426,1,96360
32865599319314,0,96360
32865599322277,1,96360
32865599332165,0,96360
32865599343019,1,96360
32865599353276,0,96360
32865599356749,1,96360
32865599366713,0,96360
32865599370675,1,96360
32865599380661,0,96360
32865599384253,1,96360
32865599394250,0,96360
32865599398027,1,96360
32865599407991,0,96360
32865599411822,1,96360
32865599421667,0,96360
32865599424760,1,96360
32865599434670,0,96360
32865599438132,1,96360
32865599447999,0,96360
32865599451363,1,96360
32865599461251,0,96360
32865599464670,1,96360
32865599474547,0,96360
32865599477695,1,96360
32865599487616,0,96360
32865599490763,1,96360
32865599500651,0,96360
32865599503528,1,96360
32865599513372,0,96360
32865599516574,1,96360
32865599526419,0,96360
32865599529653,1,96360
32865599539552,0,96360
32865599542841,1,96360
32865599552902,0,96360
32865599556376,1,96360
32865599566264,0,96360
32865599570258,1,96360
32865599580254,0,96360
32865599583587,1,96360
32865599593453,0,96360
32865599597718,1,96360
32865599607693,0,96360
32865599610928,1,96360
32865599620881,0,96360
32865599624734,1,96360
32865599634731,0,96360
32865599638453,1,96360
32865599648385,0,96360
32865599652195,1,96360
32865599662235,0,96360
32865599665784,1,96360
32865599675672,0,96360
32865599679308,1,96360
32865599689261,0,96360
32865599692669,1,96360
32865599702525,0,96360
32865599705716,1,96360
32865599716222,0,96360
32865599723418,1,96360
32865599733393,0,96360
32865599736704,1,96360
32865599746689,0,96360
32865599750586,1,96360
32865599760691,0,96360
32865599764077,1,96360
32865599773955,0,96360
32865599777678,1,96360
32865599787587,0,96360
32865599790550,1,96360
32865599800427,0,96360
32865599804161,1,96360
32865599814028,0,96360
32865599817544,1,96360
32865599827486,0,96360
32865599830775,1,96360
32865599840696,0,96360
32865599843865,1,96360
32865599853699,0,96360
32865599857639,1,96360
32865599867679,0,96360
32865599871640,1,96360
32865599881865,0,96360
32865599885620,1,96360
32865599895563,0,96360
32865599898949,1,96360
32865599908902,0,96360
32865599912234,1,96360
32865599922166,0,96360
32865599925889,1,96360
32865599935842,0,96360
32865599939000,1,96360
32865599948921,0,96360
32865599952861,1,96360
32865599962998,0,96360
32865599967090,1,96360
32865599977000,0,96360
32865599980484,1,96360
32865599990416,0,96360
32865599994160,1,96360
32865600004168,0,96360
32865600007934,1,96360
32865600017822,0,96360
32865600022088,1,96360
32865600032768,0,96360
32865600036154,1,96360
32865600046878,0,96360
32865600050633,1,96360
32865600060608,0,96360
32865600064505,1,96360
32865600074447,0,96360
32865600078051,1,96360
32865600087906,0,96360
32865600091596,1,96360
32865600101550,0,96360
32865600104871,1,96360
32865600114791,0,96360
32865600118764,1,96360
32865600128847,0,96360
32865600131832,1,96360
32865600141709,0,96360
32865600144987,1,96360
32865600154853,0,96360
32865600158001,1,96360
32865600167846,0,96360
32865600170917,1,96360
32865600180827,0,96360
32865600184507,1,96360
32865600194536,0,96360
32865600198248,1,96360
32865600208212,0,96360
32865600211218,1,96360
32865600221063,0,96360
32865600224189,1,96360
32865600234109,0,96360
32865600237420,1,96360
32865600247416,0,96360
32865600250900,1,96360
32865600260799,0,96360
32865600264283,1,96360
32865600274226,0,96360
32865600277015,1,96360
32865600286860,0,96360
32865600290311,1,96360
32865600300210,0,96360
32865600303759,1,96360
32865600313680,0,96360
32865600316893,1,96360
32865600326791,0,96360
32865600330265,1,96360
32865600340261,0,96360
32865600343192,1,96360
32865600353134,0,96360
32865600356716,1,96360
32865600366626,0,96360
32865600370110,1,96360
32865600380041,0,96360
32865600383742,1,96360
32865600393674,0,96360
32865600396995,1,96360
32865600406981,0,96360
32865600410269,1,96360
32865600420168,0,96360
32865600423533,1,96360
32865600433464,0,96360
32865600437317,1,96360
32865600447184,0,96360
32865600450950,1,96360
32865600460914,0,96360
32865600464496,1,96360
32865600474449,0,96360
32865600477282,1,96360
32865600487224,0,96360
32865600490838,1,96360
32865600500868,0,96360
32865600504406,1,96360
32865600514348,0,96360
32865600517626,1,96360
32865600527916,0,96360
32865600531932,1,96360
32865600575326,0,96360
32865600580775,1,96360
32865600591021,0,96360
32865600594646,1,96360
32865600604545,0,96360
32865600607996,1,96360
32865600617841,0,96360
32865600621260,1,96360
32865600631246,0,96360
32865600634220,1,96360
32865600644086,0,96360
32865600647342,1,96360
32865600657263,0,96360
32865600661051,1,96360
32865600671807,0,96360
32865600675628,1,96360
32865600685602,0,96360
32865600689456,1,96360
32865600699343,0,96360
32865600702665,1,96360
32865600712520,0,96360
32865600716015,1,96360
32865600725968,0,96360
32865600729300,1,96360
32865600739373,0,96360
32865600743009,1,96360
32865600753071,0,96360
32865600756924,1,96360
32865600766877,0,96360
32865600832587,1,96360
32865600894368,0,96360
32865600900587,1,96360
32865600989329,0,96360
32865600994528,1,96360
32865601004568,0,96361
32865601014228,1,96361
32865601068672,0,96362
32865601074370,1,96362
32865601133373,0,96362
32865601138365,1,96362
32865601154115,0,96359
32865601161788,1,96359
32865601224731,0,96359
32865601230548,1,96359
32865601298049,0,96359
32865601303422,1,96359
32865601359342,0,96359
32865601364530,1,96359
32865601420156,0,96359
32865601426636,1,96359
32865601440660,0,96363
32865601448485,1,96363
32865601468761,0,96363
32865601472994,1,96363
32865601483110,0,96363
32865601487408,1,96363
32865601497393,0,96363
32865601501257,1,96363
32865601511156,0,96363
32865601515118,1,96363
32865601525158,0,96363
32865601528664,1,96363
32865601539290,0,96363
32865601542144,1,96363
32865601552141,0,96363
32865601556168,1,96363
32865601566360,0,96363
32865601571092,1,96363
32865601581110,0,96363
32865601584920,1,96363
32865601594841,0,96363
32865601598585,1,96363
32865601608462,0,96363
32865601612294,1,96363
32865601622323,0,96363
32865601626469,1,96363
32865601636845,0,96363
32865601640178,1,96363
32865601650076,0,96363
32865601653767,1,96363
32865601663774,0,96363
32865601669038,1,96363
32865601679100,0,96363
32865601682280,1,96363
32865601692526,0,96363
32865601700037,1,96363
32865601710555,0,96363
32865601714039,1,96363
32865601723927,0,96363
32865601727834,1,96363
32865601737853,0,96363
32865601741380,1,96363
32865601751409,0,96363
32865601818519,1,96363
32865601833954,0,96363
32865601839413,1,96363
32865601849681,0,96363
32865601854327,1,96363
32865601864996,0,96363
32865601868165,1,96363
32865601878184,0,96363
32865601882102,1,96363
32865601887822,3,96361
32865601891968,0,96363
32865601895138,1,96363
32865601906024,0,96363
32865601909704,1,96363
32865601919635,0,96363
32865601923933,1,96363
32865601934006,0,96363
32865601937805,1,96363
32865601947986,0,96363
32865601950992,1,96363
32865601960902,0,96363
32865601964245,1,96363
32865601974155,0,96363
32865601977975,1,96363
32865601987852,0,96363
32865601991760,1,96363
32865602001680,0,96363
32865602005219,1,96363
32865602015139,0,96363
32865602019079,1,96363
32865602028978,0,96363
32865602032223,1,96363
32865602042068,0,96363
32865602045259,1,96363
32865602055104,0,96363
32865602058783,1,96363
32865602068758,0,96363
32865602072633,1,96363
32865602082597,0,96363
32865602085994,1,96363
32865602096153,0,96363
32865602100267,1,96363
32865602110285,0,96363
32865602114019,1,96363
32865602124059,0,96363
32865602127543,1,96363
32865602137409,0,96363
32865602140405,1,96363
32865602150326,0,96363
32865602153441,1,96363
32865602163329,0,96363
32865602167236,1,96363
32865602177102,0,96363
32865602179805,1,96363
32865602189693,0,96363
32865602193242,1,96363
32865602203195,0,96363
32865602206831,1,96363
32865602216839,0,96363
32865602220052,1,96363
32865602229907,0,96363
32865602233663,1,96363
32865602243540,0,96363
32865602246937,1,96363
32865602256825,0,96363
32865602259484,1,96363
32865602269318,0,96363
32865602272911,1,96363
32865602282755,0,96363
32865602285848,1,96363
32865602295736,0,96363
32865602299524,1,96363
32865602309391,0,96363
32865602312180,1,96363
32865602322047,0,96363
32865602325357,1,96363
32865602335202,0,96363
32865602338946,1,96363
32865602348954,0,96363
32865602353197,1,96363
32865602363378,0,96363
32865602366331,1,96363
32865602376251,0,96363
32865602380365,1,96363
32865602390394,0,96363
32865602394725,1,96363
32865602404602,0,96363
32865602408075,1,96363
32865602417985,0,96363
32865602421404,1,96363
32865602431411,0,96363
32865602434233,1,96363
32865602444110,0,96363
32865602447746,1,96363
32865602457743,0,96363
32865602461347,1,96363
32865602471180,0,96363
32865602474415,1,96363
32865602484227,0,96363
32865602487114,1,96363
32865602497056,0,96363
32865602500519,1,96363
32865602510396,0,96363
32865602513891,1,96363
32865602523768,0,96363
32865602527556,1,96363
32865602537466,0,96363
32865602541112,1,96363
32865602551076,0,96363
32865602554843,1,96363
32865602564926,0,96363
32865602568584,1,96363
32865602578472,0,96363
32865602582140,1,96363
32865602592104,0,96363
32865602595567,1,96363
32865602605466,0,96363
32865602609341,1,96363
32865602619207,0,96363
32865602622886,1,96363
32865602632829,0,96363
32865602636627,1,96363
32865602646526,0,96363
32865602649750,1,96363
32865602659627,0,96363
32865602662916,1,96363
32865602672880,0,96363
32865602676559,1,96363
32865602686588,0,96363
32865602690518,1,96363
32865602700481,0,96363
32865602703694,1,96363
32865602713636,0,96363
32865602717283,1,96363
32865602727291,0,96363
32865602731079,1,96363
32865602741065,0,96363
32865602744733,1,96363
32865602754762,0,96363
32865602758529,1,96363
32865602768438,0,96363
32865602771868,1,96363
32865602781734,0,96363
32865602785425,1,96363
32865602795400,0,96363
32865602799057,1,96363
32865602809065,0,96363
32865602812571,1,96363
32865602822600,0,96363
32865602825530,1,96363
32865602835418,0,96363
32865602838848,1,96363
32865602848693,0,96363
32865602852155,1,96363
32865602862032,0,96363
32865602865723,1,96363
32865602875676,0,96363
32865602879062,1,96363
32865602888939,0,96363
32865602892488,1,96363
32865602902420,0,96363
32865602913361,1,96363
32865602923759,0,96363
32865602927189,1,96363
32865602937077,0,96363
32865602940268,1,96363
32865602950134,0,96363
32865602953607,1,96363
32865602963549,0,96363
32865602967674,1,96363
32865602977779,0,96363
32865602981784,1,96363
32865602991640,0,96363
32865602995645,1,96363
32865603005522,0,96363
32865603009201,1,96363
32865603019111,0,96363
32865603022649,1,96363
32865603032570,0,96363
32865603035587,1,96363
32865603045464,0,96363
32865603049328,1,96363
32865603059271,0,96363
32865603062950,1,96363
32865603072903,0,96363
32865603076822,1,96363
32865603086851,0,96363
32865603089803,1,96363
32865603099658,0,96363
32865603103262,1,96363
32865603113248,0,96363
32865603116428,1,96363
32865603126305,0,96363
32865603130212,1,96363
32865603140220,0,96363
32865603143747,1,96363
32865603153863,0,96363
32865603157944,1,96363
32865603167854,0,96363
32865603171251,1,96363
32865603181118,0,96363
32865603184352,1,96363
32865603194294,0,96363
32865603198050,1,96363
32865603207938,0,96363
32865603211747,1,96363
32865603221646,0,96363
32865603225261,1,96363
32865603235149,0,96363
32865603238633,1,96363
32865603248564,0,96363
32865603251907,1,96363
32865603261958,0,96363
32865603265638,1,96363
32865603275601,0,96363
32865603279107,1,96363
32865603289082,0,96363
32865603325845,1,96363
32865603341637,0,96363
32865603344980,1,96363
32865603355020,0,96363
32865603358960,1,96363
32865603369054,0,96363
32865603371974,1,96363
32865603382090,0,96363
32865603384966,1,96363
32865603395136,0,96363
32865603398859,1,96363
32865603408780,0,96363
32865603413751,1,96363
32865603423813,0,96363
32865603427742,1,96363
32865603437662,0,96363
32865603441548,1,96363
32865603451610,0,96363
32865603455224,1,96363
32865603465177,0,96363
32865603468498,1,96363
32865603478419,0,96363
32865603482131,1,96363
32865603492008,0,96363
32865603495384,1,96363
32865603505250,0,96363
32865603508799,1,96363
32865603518774,0,96363
32865603522909,1,96363
32865603533047,0,96363
32865603536097,1,96363
32865603546018,0,96363
32865603549947,1,96363
32865603559954,0,96363
32865603562928,1,96363
32865603572816,0,96363
32865603575855,1,96363
32865603585732,0,96363
32865603589575,1,96363
32865603599625,0,96363
32865603603359,1,96363
32865603613453,0,96363
32865603616970,1,96363
32865603626934,0,96363
32865603629854,1,96363
32865603639742,0,96363
32865603643855,1,96363
32865603653808,0,96363
32865603657271,1,96363
32865603667267,0,96363
32865603671131,1,96363
32865603681247,0,96363
32865603684905,1,96363
32865603694858,0,96363
32865603698516,1,96363
32865603708437,0,96363
32865603711584,1,96363
32865603721440,0,96363
32865603724609,1,96363
32865603734562,0,96363
32865603738546,1,96363
32865603748444,0,96363
32865603751994,1,96363
32865603762001,0,96363
32865603765756,1,96363
32865603775644,0,96363
32865603779248,1,96363
32865603789114,0,96363
32865603792338,1,96363
32865603802280,0,96363
32865603806133,1,96363
32865603816260,0,96363
32865603819299,1,96363
32865603829220,0,96363
32865603832606,1,96363
32865603842570,0,96363
32865603846174,1,96363
32865603856094,0,96363
32865603859752,1,96363
32865603869640,0,96363
32865603872885,1,96363
32865603882849,0,96363
32865603886616,1,96363
32865603896677,0,96363
32865603900606,1,96363
32865603910559,0,96363
32865603914380,1,96363
32865603924409,0,96363
32865603927589,1,96363
32865603937477,0,96363
32865603940831,1,96363
32865603950828,0,96363
32865603954703,1,96363
32865603964677,0,96363
32865603968140,1,96363
32865603978126,0,96363
32865603981512,1,96363
32865603991519,0,96363
32865603995438,1,96363
32865604005369,0,96363
32865604008636,1,96363
32865604018524,0,96363
32865604021628,1,96363
32865604031527,0,96363
32865604035076,1,96363
32865604045171,0,96363
32865604048948,1,96363
32865604058890,0,96363
32865604062342,1,96363
32865604072447,0,96363
32865604075876,1,96363
32865604085786,0,96363
32865604089118,1,96363
32865604099006,0,96363
32865604102349,1,96363
32865604112292,0,96363
32865604115732,1,96363
32865604125642,0,96363
32865604129463,1,96363
32865604139427,0,96363
32865604142379,1,96363
32865604152321,0,96363
32865604156044,1,96363
32865604166030,0,96363
32865604169611,1,96363
32865604179630,0,96363
32865604183515,1,96363
32865604193425,0,96363
32865604196964,1,96363
32865604206851,0,96363
32865604210401,1,96363
32865604220332,0,96363
32865604223892,1,96363
32865604233759,0,96363
32865604237395,1,96363
32865604247261,0,96363
32865604250300,1,96363
32865604260155,0,96363
32865604264085,1,96363
32865604274092,0,96363
32865604277565,1,96363
32865604287605,0,96363
32865604290601,1,96363
32865604300521,0,96363
32865604304233,1,96363
32865604314208,0,96363
32865604317747,1,96363
32865604327700,0,96363
32865604331227,1,96363
32865604341159,0,96363
32865604344882,1,96363
32865604354770,0,96363
32865604358503,1,96363
32865604368587,0,96363
32865604371919,1,96363
32865604381981,0,96363
32865604384846,1,96363
32865604394756,0,96363
32865604397925,1,96363
32865604407835,0,96363
32865604411568,1,96363
32865604421456,0,96363
32865604424799,1,96363
32865604434720,0,96363
32865604438475,1,96363
32865604448342,0,96363
32865604451457,1,96363
32865604461334,0,96363
32865604464796,1,96363
32865604474706,0,96363
32865604477702,1,96363
32865604487590,0,96363
32865604491128,1,96363
32865604501027,0,96363
32865604503871,1,96363
32865604513856,0,96363
32865604517710,1,96363
32865604527717,0,96363
32865604531310,1,96363
32865604541208,0,96363
32865604544465,1,96363
32865604554374,0,96363
32865604557934,1,96363
32865604567844,0,96363
32865604571231,1,96363
32865604581216,0,96363
32865604584603,1,96363
32865604594469,0,96363
32865604598051,1,96363
32865604608004,0,96363
32865604611130,1,96363
32865604621061,0,96363
32865604624350,1,96363
32865604634260,0,96363
32865604638026,1,96363
32865604648022,0,96363
32865604651224,1,96363
32865604661232,0,96363
32865604665128,1,96363
32865604675136,0,96363
32865604678207,1,96363
32865604688128,0,96363
32865604691286,1,96363
32865604701207,0,96363
32865604705353,1,96363
32865604715317,0,96363
32865604718801,1,96363
32865604728809,0,96363
32865604732597,1,96363
32865604742496,0,96363
32865604746490,1,96363
32865604756508,0,96363
32865604760242,1,96363
32865604770217,0,96363
32865604773777,1,96363
32865604783632,0,96363
32865604787138,1,96363
32865604797113,0,96363
32865604800510,1,96363
32865604810713,0,96363
32865604814295,1,96363
32865604824226,0,96363
32865604827070,1,96363
32865604836936,0,96363
32865604840333,1,96363
32865604850232,0,96363
32865604853391,1,96363
32865604863322,0,96363
32865604867186,1,96363
32865604877063,0,96363
32865604880265,1,96363
32865604890164,0,96363
32865604894137,1,96363
32865604904111,0,96363
32865604907986,1,96363
32865604917907,0,96363
32865604921489,1,96363
32865604931485,0,96363
32865604935023,1,96363
32865604945009,0,96363
32865604948515,1,96363
32865604958642,0,96363
32865604962593,1,96363
32865604972513,0,96363
32865604975878,1,96363
32865604985864,0,96363
32865604988772,1,96363
32865604998704,0,96363
32865605002470,1,96363
32865605012391,0,96363
32865605022474,1,96363
32865605032818,0,96363
32865605035770,1,96363
32865605045702,0,96363
32865605049186,1,96363
32865605059150,0,96363
32865605062938,1,96363
32865605073021,0,96363
32865605076473,1,96363
32865605086415,0,96363
32865605089237,1,96363
32865605099147,0,96363
32865605102479,1,96363
32865605112388,0,96363
32865605115167,1,96363
32865605125174,0,96363
32865605128680,1,96363
32865605138677,0,96363
32865605142074,1,96363
32865605152157,0,96363
32865605155045,1,96363
32865605165030,0,96363
32865605171065,1,96363
32865605186120,0,96363
32865605191177,1,96363
32865605206579,0,96363
32865605212896,1,96363
32865605226670,0,96363
32865605232629,1,96363
32865605247922,0,96363
32865605253490,1,96363
32865605266938,0,96363
32865605272789,1,96363
32865605286302,0,96363
32865605290274,1,96363
32865605300336,0,96363
32865605303646,1,96363
32865605313567,0,96363
32865605317572,1,96363
32865605327525,0,96363
32865605332887,1,96363
32865605350047,0,96363
32865605357059,1,96363
32865605373817,0,96363
32865605379006,1,96363
32865605393290,0,96363
32865605397772,1,96363
32865605410385,0,96363
32865605415475,1,96363
32865605428825,0,96363
32865605433384,1,96363
32865605447462,0,96363
32865605452704,1,96363
32865605467639,0,96363
32865605506355,1,96363
32865605534218,0,96363
32865605544334,1,96363
32865605554818,0,96363
32865605562666,1,96363
32865605572825,0,96363
32865605579859,1,96363
32865605590420,0,96363
32865605594066,1,96363
32865605604139,0,96363
32865605608046,1,96363
32865605618868,0,96363
32865605622558,1,96363
32865605632468,0,96363
32865605635876,1,96363
32865605645775,0,96363
32865605649226,1,96363
32865605659266,0,96363
32865605663174,1,96363
32865605673116,0,96363
32865605676155,1,96363
32865605686097,0,96363
32865605689115,1,96363
32865605698959,0,96363
32865605702498,1,96363
32865605712429,0,96363
32865605716044,1,96363
32865605726214,0,96363
32865605729578,1,96363
32865605739564,0,96363
32865605742820,1,96363
32865605752773,0,96363
32865605755813,1,96363
32865605765831,0,96363
32865605769282,1,96363
32865605779170,0,96363
32865605783577,1,96363
32865605793606,0,96363
32865605797622,1,96363
32865605807521,0,96363
32865605811309,1,96363
32865605821251,0,96363
32865605824464,1,96363
32865605834406,0,96363
32865605838357,1,96363
32865605848549,0,96363
32865605852413,1,96363
32865605862464,0,96363
32865605866013,1,96363
32865605876075,0,96363
32865605879624,1,96363
32865605889534,0,96363
32865605892996,1,96363
32865605902949,0,96363
32865605906965,1,96363
32865605916918,0,96363
32865605920478,1,96363
32865605930388,0,96363
32865605933688,1,96363
32865605943619,0,96363
32865605946951,1,96363
32865605956926,0,96363
32865605960616,1,96363
32865605970624,0,96363
32865605974748,1,96363
32865605984723,0,96363
32865605988576,1,96363
32865605998486,0,96363
32865606002556,1,96363
32865606012498,0,96363
32865606016124,1,96363
32865606026055,0,96363
32865606028855,1,96363
32865606038732,0,96363
32865606042293,1,96363
32865606052170,0,96363
32865606055426,1,96363
32865606065368,0,96363
32865606069200,1,96363
32865606079196,0,96363
32865606082897,1,96363
32865606092861,0,96363
32865606096226,1,96363
32865606106136,0,96363
32865606109587,1,96363
32865606119475,0,96363
32865606122764,1,96363
32865606132695,0,96363
32865606136266,1,96363
32865606146306,0,96363
32865606150181,1,96363
32865606160134,0,96363
32865606163456,1,96363
32865606173409,0,96363
32865606177077,1,96363
32865606187052,0,96363
32865606190742,1,96363
32865606200782,0,96363
32865606204386,1,96363
32865606214350,0,96363
32865606217248,1,96363
32865606227255,0,96363
32865606231477,1,96363
32865606241463,0,96363
32865606244763,1,96363
32865606254694,0,96363
32865606258385,1,96363
32865606268338,0,96363
32865606271974,1,96363
32865606281927,0,96363
32865606284857,1,96363
32865606294941,0,96363
32865606298718,1,96363
32865606308714,0,96363
32865606312231,1,96363
32865606322108,0,96363
32865606325158,1,96363
32865606335111,0,96363
32865606338910,1,96363
32865606348831,0,96363
32865606351946,1,96363
32865606361790,0,96363
32865606364591,1,96363
32865606374479,0,96363
32865606377474,1,96363
32865606387362,0,96363
32865606390673,1,96363
32865606400550,0,96363
32865606404002,1,96363
32865606413911,0,96363
32865606417504,1,96363
32865606427566,0,96363
32865606431560,1,96363
32865606441643,0,96363
32865606444910,1,96363
32865606454907,0,96363
32865606458673,1,96363
32865606468583,0,96363
32865606471806,1,96363
32865606481716,0,96363
32865606485320,1,96363
32865606495338,0,96363
32865606498344,1,96363
32865606508276,0,96363
32865606511944,1,96363
32865606521919,0,96363
32865606524774,1,96363
32865606534814,0,96363
32865606538493,1,96363
32865606548511,0,96363
32865606551876,1,96363
32865606561938,0,96363
32865606565455,1,96363
32865606575408,0,96363
32865606578317,1,96363
32865606588237,0,96363
32865606591699,1,96363
32865606601620,0,96363
32865606604974,1,96363
32865606614949,0,96363
32865606618531,1,96363
32865606628581,0,96363
32865606632608,1,96363
32865606642540,0,96363
32865606645611,1,96363
32865606655521,0,96363
32865606658734,1,96363
32865606668665,0,96363
32865606692414,1,96363
32865606707360,0,96363
32865606711918,1,96363
32865606723489,0,96363
32865606733181,1,96363
32865606743189,0,96363
32865606747986,1,96363
32865606758417,0,96363
32865606762476,1,96363
32865606772592,0,96363
32865606776413,1,96363
32865606786973,0,96363
32865606790751,1,96363
32865606800758,0,96363
32865606803645,1,96363
32865606813533,0,96363
32865606816724,1,96363
32865606826634,0,96363
32865606830107,1,96363
32865606840071,0,96363
32865606843751,1,96363
32865606853704,0,96363
32865606856841,1,96363
32865606866783,0,96363
32865606870462,1,96363
32865606880405,0,96363
32865606884041,1,96363
32865606894146,0,96363
32865606897554,1,96363
32865606907518,0,96363
32865606911197,1,96363
32865606921064,0,96363
32865606924222,1,96363
32865606934121,0,96363
32865606937540,1,96363
32865606947460,0,96363
32865606951498,1,96363
32865606961473,0,96363
32865606965163,1,96363
32865606975073,0,96363
32865606978383,1,96363
32865606988315,0,96363
32865606999288,1,96363
32865607036181,0,96362
32865607040153,1,96362
32865607099959,0,96362
32865607106439,1,96362
32865607123523,0,96359
32865607132228,1,96359
32865607207229,0,96360
32865607215630,1,96360
32865607236871,0,96360
32865607241082,1,96360
32865607251318,0,96360
32865607255051,1,96360
32865607265884,0,96360
32865607270399,1,96360
32865607280656,0,96360
32865607283804,1,96360
32865607293681,0,96360
32865607297740,1,96360
32865607307704,0,96360
32865607311123,1,96360
32865607321326,0,96360
32865607324962,1,96360
32865607335089,0,96360
32865607338779,1,96360
32865607348689,0,96360
32865607352021,1,96360
32865607361996,0,96360
32865607365632,1,96360
32865607375650,0,96360
32865607378809,1,96360
32865607388762,0,96360
32865607392658,1,96360
32865607402861,0,96360
32865607406638,1,96360
32865607416722,0,96360
32865607420141,1,96360
32865607430050,0,96360
32865607433806,1,96360
32865607443726,0,96360
32865607447612,1,96360
32865607457533,0,96360
32865607460865,1,96360
32865607471057,0,96360
32865607474758,1,96360
32865607484765,0,96360
32865607487685,1,96360
32865607497508,0,96360
32865607501404,1,96360
32865607511260,0,96360
32865607514277,1,96360
32865607524143,0,96360
32865607528691,1,96360
32865607538699,0,96360
32865607542031,1,96360
32865607552016,0,96360
32865607555653,1,96360
32865607565834,0,96360
32865607570088,1,96360
32865607580215,0,96360
32865607583938,1,96360
32865607593804,0,96360
32865607597820,1,96360
32865607607730,0,96360
32865607611084,1,96360
32865607621156,0,96360
32865607625237,1,96360
32865607635288,0,96360
32865607638968,1,96360
32865607648921,0,96360
32865607651830,1,96360
32865607661805,0,96360
32865607664485,1,96360
32865607674482,0,96360
32865607678433,1,96360
32865607688408,0,96360
32865607692033,1,96360
32865607701964,0,96360
32865607705253,1,96360
32865607715119,0,96360
32865607718538,1,96360
32865607728502,0,96360
32865607731552,1,96360
32865607741418,0,96360
32865607744870,1,96360
32865607754747,0,96360
32865607758123,1,96360
32865607768076,0,96360
32865607771886,1,96360
32865607781741,0,96360
32865607785279,1,96360
32865607795243,0,96360
32865607799596,1,96360
32865607809712,0,96360
32865607813370,1,96360
32865607823366,0,96360
32865607827165,1,96360
32865607837031,0,96360
32865607841015,1,96360
32865607850924,0,96360
32865607854126,1,96360
32865607864090,0,96360
32865607867303,1,96360
32865607877191,0,96360
32865607880936,1,96360
32865607890791,0,96360
32865607894221,1,96360
32865607904098,0,96360
32865607907853,1,96360
32865607917948,0,96360
32865607920726,1,96360
32865607930690,0,96360
32865607934261,1,96360
32865607944127,0,96360
32865607947362,1,96360
32865607957228,0,96360
32865607960419,1,96360
32865607970242,0,96360
32865607973574,1,96360
32865607983462,0,96360
32865607987218,1,96360
32865607997127,0,96360
32865608001013,1,96360
32865608010966,0,96360
32865608014592,1,96360
32865608024447,0,96360
32865608028029,1,96360
32865608037960,0,96360
32865608041564,1,96360
32865608051690,0,96360
32865608054827,1,96360
32865608064748,0,96360
32865608068677,1,96360
32865608078554,0,96360
32865608082234,1,96360
32865608092078,0,96360
32865608095421,1,96360
32865608105374,0,96360
32865608109043,1,96360
32865608119007,0,96360
32865608122524,1,96360
32865608132444,0,96360
32865608136297,1,96360
32865608146391,0,96360
32865608149539,1,96360
32865608159416,0,96360
32865608162965,1,96360
32865608172886,0,96360
32865608177325,1,96360
32865608187257,0,96360
32865608190730,1,96360
32865608200683,0,96360
32865608204449,1,96360
32865608214370,0,96360
32865608217507,1,96360
32865608227460,0,96360
32865608231085,1,96360
32865608241168,0,96360
32865608244891,1,96360
32865608255105,0,96360
32865608265536,1,96360
32865608275825,0,96360
32865608278810,1,96360
32865608288785,0,96360
32865608292671,1,96360
32865608302656,0,96360
32865608305999,1,96360
32865608315920,0,96360
32865608319143,1,96360
32865608329097,0,96360
32865608332624,1,96360
32865608342664,0,96360
32865608346723,1,96360
32865608356666,0,96360
32865608359933,1,96360
32865608369810,0,96360
32865608373229,1,96360
32865608383149,0,96360
32865608387035,1,96360
32865608397053,0,96360
32865608400461,1,96360
32865608410371,0,96360
32865608414485,1,96360
32865608424514,0,96360
32865608428041,1,96360
32865608438038,0,96360
32865608442162,1,96360
32865608452061,0,96360
32865608455773,1,96360
32865608465802,0,96360
32865608468798,1,96360
32865608478675,0,96360
32865608482366,1,96360
32865608492243,0,96360
32865608495694,1,96360
32865608505593,0,96360
32865608509229,1,96360
32865608519106,0,96360
32865608522742,1,96360
32865608532674,0,96360
32865608536831,1,96360
32865608546784,0,96360
32865608550496,1,96360
32865608560493,0,96360
32865608564324,1,96360
32865608574364,0,96360
32865608577436,1,96360
32865608587269,0,96360
32865608590862,1,96360
32865608600750,0,96360
32865608604332,1,96360
32865608614176,0,96360
32865608617411,1,96360
32865608627331,0,96360
32865608631141,1,96360
32865608641018,0,96360
32865608644589,1,96360
32865608654542,0,96360
32865608657961,1,96360
32865608667849,0,96360
32865608671214,1,96360
32865608681124,0,96360
32865608684858,1,96360
32865608694865,0,96360
32865608697980,1,96360
32865608707846,0,96360
32865608711797,1,96360
32865608721685,0,96360
32865608725006,1,96360
32865608734981,0,96360
32865608738693,1,96360
32865608748733,0,96360
32865608752174,1,96360
32865608762138,0,96360
32865608765329,1,96360
32865608775271,0,96360
32865608779493,1,96360
32865608789533,0,96360
32865608793159,1,96360
32865608803155,0,96360
32865608806194,1,96360
32865608816136,0,96360
32865608819512,1,96360
32865608829400,0,96360
32865608833014,1,96360
32865608842967,0,96360
32865608846452,1,96360
32865608856513,0,96360
32865608859368,1,96360
32865608869354,0,96360
32865608873098,1,96360
32865608883030,0,96360
32865608886177,1,96360
32865608896033,0,96360
32865608899321,1,96360
32865608909188,0,96360
32865608912324,1,96360
32865608922191,0,96360
32865608925816,1,96360
32865608935747,0,96360
32865608938765,1,96360
32865608948805,0,96360
32865608952386,1,96360
32865608962329,0,96360
32865608965769,1,96360
32865608975679,0,96360
32865608978794,1,96360
32865608988661,0,96360
32865608991526,1,96360
32865609001403,0,96360
32865609005528,1,96360
32865609015502,0,96360
32865609019366,1,96360
32865609029450,0,96360
32865609032912,1,96360
32865609042909,0,96360
32865609046892,1,96360
32865609056856,0,96360
32865609060264,1,96360
32865609107012,0,96360
32865609112374,1,96360
32865609123315,0,96360
32865609126387,1,96360
32865609136481,0,96360
32865609140095,1,96360
32865609150027,0,96360
32865609154965,1,96360
32865609164951,0,96360
32865609168337,1,96360
32865609178204,0,96360
32865609181254,1,96360
32865609191120,0,96360
32865609194506,1,96360
32865609204351,0,96360
32865609208215,1,96360
32865609218168,0,96360
32865609221164,1,96360
32865609231008,0,96360
32865609234829,1,96360
32865609244749,0,96360
32865609248016,1,96360
32865609257991,0,96360
32865609261660,1,96360
32865609271765,0,96360
32865609275857,1,96360
32865609285799,0,96360
32865609289772,1,96360
32865609299714,0,96360
32865609303241,1,96360
32865609313075,0,96360
32865609316288,1,96360
32865609326154,0,96360
32865609329584,1,96360
32865609339494,0,96360
32865609343358,1,96360
32865609353267,0,96360
32865609356469,1,96360
32865609366379,0,96360
32865609369896,1,96360
32865609379751,0,96360
32865609383333,1,96360
32865609393221,0,96360
32865609396792,1,96360
32865609406875,0,96360
32865609409904,1,96360
32865609419770,0,96360
32865609423569,1,96360
32865609433435,0,96360
32865609436854,1,96360
32865609446796,0,96360
32865609450617,1,96360
32865609460472,0,96360
32865609464228,1,96360
32865609474094,0,96360
32865609477437,1,96360
32865609487314,0,96360
32865609490505,1,96360
32865609500361,0,96360
32865609503671,1,96360
32865609513603,0,96360
32865609517358,1,96360
32865609527289,0,96360
32865609530752,1,96360
32865609540586,0,96360
32865609544341,1,96360
32865609554240,0,96360
32865609557561,1,96360
32865609567525,0,96360
32865609571074,1,96360
32865609580951,0,96360
32865609584989,1,96360
32865609594910,0,96360
32865609598112,1,96360
32865609608021,0,96360
32865609612048,1,96360
32865609621980,0,96360
32865609625551,1,96360
32865609655453,0,96362
32865609659708,1,96362
32865609718016,0,96362
32865609724159,1,96362
32865609738540,0,96359
32865609747332,1,96359
32865609757144,0,96363
32865609774869,1,96363
32865609860735,0,96363
32865609866118,1,96363
32865609874671,0,96362
32865609881303,1,96362
32865609953438,0,96362
32865609960027,1,96362
32865610016511,0,96362
32865610022025,1,96362
32865610078270,0,96362
32865610083089,1,96362
32865610092359,0,96359
32865610099283,1,96359
32865610120145,0,96359
32865610126266,1,96359
32865610136372,0,96359
32865610139411,1,96359
32865610149331,0,96359
32865610152804,1,96359
32865610162747,0,96359
32865610167121,1,96359
32865610177096,0,96359
32865610187570,1,96359
32865610198554,0,96359
32865610202472,1,96359
32865610212447,0,96359
32865610216398,1,96359
32865610226329,0,96359
32865610230107,1,96359
32865610240027,0,96359
32865610244228,1,96359
32865610254170,0,96359
32865610257198,1,96359
32865610267097,0,96359
32865610270592,1,96359
32865610280480,0,96359
32865610284539,1,96359
32865610294416,0,96359
32865610298052,1,96359
32865610308006,0,96359
32865610311935,1,96359
32865610322170,0,96359
32865610325502,1,96359
32865610335401,0,96359
32865610338994,1,96359
32865610348882,0,96359
32865610352691,1,96359
32865610362623,0,96359
32865610366758,1,96359
32865610376722,0,96359
32865610380467,1,96359
32865610390431,0,96359
32865610393481,1,96359
32865610403466,0,96359
32865610406972,1,96359
32865610417077,0,96359
32865610421864,1,96359
32865610431893,0,96359
32865610435247,1,96359
32865610445167,0,96359
32865610448760,1,96359
32865610458648,0,96359
32865610462523,1,96359
32865610472476,0,96359
32865610475862,1,96359
32865610485707,0,96359
32865610488594,1,96359
32865610498526,0,96359
32865610502552,1,96359
32865610512538,0,96359
32865610516489,1,96359
32865610526529,0,96359
32865610530317,1,96359
32865610540205,0,96359
32865610543743,1,96359
32865610553664,0,96359
32865610557615,1,96359
32865610567546,0,96359
32865610570748,1,96359
32865610580614,0,96359
32865610583979,1,96359
32865610593845,0,96359
32865610597308,1,96359
32865610607250,0,96359
32865610611288,1,96359
32865610621338,0,96359
32865610624866,1,96359
32865610634721,0,96359
32865610638466,1,96359
32865610648332,0,96359
32865610652185,1,96359
32865610662128,0,96359
32865610665796,1,96359
32865610675728,0,96359
32865610679060,1,96359
32865610688948,0,96359
32865610692606,1,96359
32865610702461,0,96359
32865610705771,1,96359
32865610715725,0,96359
32865610719643,1,96359
32865610729846,0,96359
32865610733851,1,96359
32865610743847,0,96359
32865610747874,1,96359
32865610757838,0,96359
32865610761496,1,96359
32865610791431,0,96359
32865610795653,1,96359
32865610805672,0,96359
32865610809242,1,96359
32865610819217,0,96359
32865610823125,1,96359
32865610833045,0,96359
32865610837224,1,96359
32865610847177,0,96359
32865610850162,1,96359
32865610860017,0,96359
32865610863567,1,96359
32865610873487,0,96359
32865610877102,1,96359
32865610887022,0,96359
32865610891201,1,96359
32865610901425,0,96359
32865610904497,1,96359
32865610914439,0,96359
32865610917500,1,96359
32865610927464,0,96359
32865610931100,1,96359
32865610940988,0,96359
32865610944602,1,96359
32865610954490,0,96359
32865610958463,1,96359
32865610968394,0,96359
32865610972150,1,96359
32865610982070,0,96359
32865610985837,1,96359
32865610995725,0,96359
32865610998959,1,96359
32865611008934,0,96359
32865611012505,1,96359
32865611022426,0,96359
32865611026463,1,96359
32865611036536,0,96359
32865611039900,1,96359
32865611049962,0,96359
32865611053815,1,96359
32865611063747,0,96359
32865611067144,1,96359
32865611077054,0,96359
32865611080863,1,96359
32865611090806,0,96359
32865611094138,1,96359
32865611104058,0,96359
32865611107640,1,96359
32865611117517,0,96359
32865611121403,1,96359
32865611131324,0,96359
32865611134037,1,96359
32865611143914,0,96359
32865611147344,1,96359
32865611157221,0,96359
32865611160456,1,96359
32865611170387,0,96359
32865611174219,1,96359
32865611184378,0,96359
32865611188036,1,96359
32865611197956,0,96359
32865611201343,1,96359
32865611211339,0,96359
32865611214270,1,96359
32865611224169,0,96359
32865611227577,1,96359
32865611237486,0,96359
32865611241231,1,96359
32865611251086,0,96359
32865611254940,1,96359
32865611264860,0,96359
32865611268616,1,96359
32865611278645,0,96359
32865611281879,1,96359
32865611291756,0,96359
32865611295360,1,96359
32865611305345,0,96359
32865611308048,1,96359
32865611317904,0,96359
32865611321323,1,96359
32865611331221,0,96359
32865611335075,1,96359
32865611344995,0,96359
32865611349152,1,96359
32865611359051,0,96359
32865611362752,1,96359
32865611372694,0,96359
32865611376211,1,96359
32865611386175,0,96359
32865611389692,1,96359
32865611399580,0,96359
32865611403086,1,96359
32865611412963,0,96359
32865611416458,1,96359
32865611426378,0,96359
32865611430014,1,96359
32865611440000,0,96359
32865611443202,1,96359
32865611453122,0,96359
32865611456976,1,96359
32865611466864,0,96359
32865611470185,1,96359
32865611480095,0,96359
32865611483926,1,96359
32865611493836,0,96359
32865611497472,1,96359
32865611507338,0,96359
32865611511050,1,96359
32865611520960,0,96359
32865611524791,1,96359
32865611534788,0,96359
32865611538305,1,96359
32865611548399,0,96359
32865611552132,1,96359
32865611562053,0,96359
32865611565483,1,96359
32865611575371,0,96359
32865611579072,1,96359
32865611588960,0,96359
32865611592748,1,96359
32865611602636,0,96359
32865611605947,1,96359
32865611615791,0,96359
32865611619319,1,96359
32865611629185,0,96359
32865611632409,1,96359
32865611642307,0,96359
32865611646009,1,96359
32865611656114,0,96359
32865611659739,1,96359
32865611669735,0,96359
32865611673415,1,96359
32865611683444,0,96359
32865611686939,1,96359
32865611696827,0,96359
32865611700539,1,96359
32865611710503,0,96359
32865611714714,1,96359
32865611724646,0,96359
32865611728434,1,96359
32865611738343,0,96359
32865611741654,1,96359
32865611751640,0,96359
32865611755167,1,96359
32865611765077,0,96359
32865611768463,1,96359
32865611778514,0,96359
32865611782172,1,96359
32865611792223,0,96359
32865611795772,1,96359
32865611805725,0,96359
32865611809242,1,96359
32865611819151,0,96359
32865611822451,1,96359
32865611832437,0,96359
32865611836344,1,96359
32865611846579,0,96359
32865611850194,1,96359
32865611860179,0,96359
32865611863750,1,96359
32865611873617,0,96359
32865611877144,1,96359
32865611887054,0,96359
32865611890885,1,96359
32865611900773,0,96359
32865611904084,1,96359
32865611914026,0,96359
32865611917727,1,96359
32865611927821,0,96359
32865611931284,1,96359
32865611941193,0,96359
32865611944526,1,96359
32865611988115,0,96359
32865611994107,1,96359
32865612005395,0,96359
32865612009259,1,96359
32865612019266,0,96359
32865612022370,1,96359
32865612032931,0,96359
32865612036643,1,96359
32865612046521,0,96359
32865612050526,1,96359
32865612060381,0,96359
32865612064039,1,96359
32865612073905,0,96359
32865612077226,1,96359
32865612087147,0,96359
32865612091141,1,96359
32865612101029,0,96359
32865612104698,1,96359
32865612114629,0,96359
32865612118352,1,96359
32865612128598,0,96359
32865612132517,1,96359
32865612142546,0,96359
32865612146540,1,96359
32865612156417,0,96359
32865612159901,1,96359
32865612169822,0,96359
32865612173566,1,96359
32865612183411,0,96359
32865612187025,1,96359
32865612196859,0,96359
32865612200180,1,96359
32865612210014,0,96359
32865612213368,1,96359
32865612223267,0,96359
32865612227142,1,96359
32865612237149,0,96359
32865612240818,1,96359
32865612250836,0,96359
32865612254472,1,96359
32865612264523,0,96359
32865612267996,1,96359
32865612277906,0,96359
32865612281466,1,96359
32865612291386,0,96359
32865612296520,1,96359
32865612306539,0,96359
32865612310489,1,96359
32865612320410,0,96359
32865612324263,1,96359
32865612334238,0,96359
32865612337798,1,96359
32865612347784,0,96359
32865612350888,1,96359
32865612360798,0,96359
32865612364607,1,96359
32865612374636,0,96359
32865612378186,1,96359
32865612388117,0,96359
32865612402423,1,96359
32865612412734,0,96359
32865612416620,1,96359
32865612426584,0,96359
32865612430241,1,96359
32865612440173,0,96359
32865612444449,1,96359
32865612454576,0,96359
32865612458332,1,96359
32865612468426,0,96359
32865612471769,1,96359
32865612481657,0,96359
32865612485293,1,96359
32865612495311,0,96359
32865612499088,1,96359
32865612509009,0,96359
32865612512254,1,96359
32865612522218,0,96359
32865612526028,1,96359
32865612535992,0,96359
32865612539660,1,96359
32865612549657,0,96359
32865612552848,1,96359
32865612562725,0,96359
32865612566068,1,96359
32865612575924,0,96359
32865612579158,1,96359
32865612589100,0,96359
32865612592932,1,96359
32865612602874,0,96359
32865612607194,1,96359
32865612617093,0,96359
32865612620577,1,96359
32865612630476,0,96359
32865612633461,1,96359
32865612643370,0,96359
32865612647375,1,96359
32865612657361,0,96359
32865612660552,1,96359
32865612670364,0,96359
32865612673490,1,96359
32865612683335,0,96359
32865612687383,1,96359
32865612697401,0,96359
32865612701157,1,96359
32865612711088,0,96359
32865612714399,1,96359
32865612724319,0,96359
32865612727630,1,96359
32865612737583,0,96359
32865612741490,1,96359
32865612751530,0,96359
32865612755145,1,96359
32865612765098,0,96359
32865612768701,1,96359
32865612778589,0,96359
32865612782008,1,96359
32865612791929,0,96359
32865612795630,1,96359
32865612805637,0,96359
32865612809252,1,96359
32865612819216,0,96359
32865612823047,1,96359
32865612833011,0,96359
32865612836224,1,96359
32865612846144,0,96359
32865612850128,1,96359
32865612860135,0,96359
32865612863771,1,96359
32865612873703,0,96359
32865612877556,1,96359
32865612887444,0,96359
32865612891253,1,96359
32865612901196,0,96359
32865612904626,1,96359
32865612914535,0,96359
32865612919615,1,96359
32865612929644,0,96359
32865612933074,1,96359
32865612942994,0,96359
32865612949105,1,96359
32865612959047,0,96359
32865612962195,1,96359
32865612972224,0,96359
32865612975556,1,96359
32865612985455,0,96359
32865612989091,1,96359
32865612999001,0,96359
32865613002637,1,96359
32865613012558,0,96359
32865613016335,1,96359
32865613026310,0,96359
32865613030228,1,96359
32865613040148,0,96359
32865613043774,1,96359
32865613053651,0,96359
32865613057200,1,96359
32865613067121,0,96359
32865613071288,1,96359
32865613081263,0,96359
32865613084563,1,96359
32865613094559,0,96359
32865613098467,1,96359
32865613108301,0,96359
32865613111633,1,96359
32865613121488,0,96359
32865613124842,1,96359
32865613134730,0,96359
32865613138138,1,96359
32865613148037,0,96359
32865613151727,1,96359
32865613161713,0,96359
32865613165002,1,96359
32865613174922,0,96359
32865613178775,1,96359
32865613188739,0,96359
32865613192180,1,96359
32865613202198,0,96359
32865613205552,1,96359
32865613215386,0,96359
32865613219098,1,96359
32865613228943,0,96359
32865613232003,1,96359
32865613241902,0,96359
32865613245636,1,96359
32865613255535,0,96359
32865613258444,1,96359
32865613268256,0,96359
32865613271262,1,96359
32865613281139,0,96359
32865613285014,1,96359
32865613294870,0,96359
32865613298104,1,96359
32865613307981,0,96359
32865613311693,1,96359
32865613358604,0,96363
32865613363120,1,96363
32865613380681,0,96363
32865613384903,1,96363
32865613395009,0,96363
32865613399025,1,96363
32865613408978,0,96363
32865613412614,1,96363
32865613422599,0,96363
32865613426235,1,96363
32865613436156,0,96363
32865613440237,1,96363
32865613448736,0,96362
32865613456127,1,96362
32865613517886,0,96362
32865613523867,1,96362
32865613580004,0,96362
32865613586256,1,96362
32865613605348,0,96363
32865613611480,1,96363
32865613672957,0,96363
32865613679502,1,96363
32865613696467,0,96363
32865613700613,1,96363
32865613731417,0,96362
32865613746276,1,96362
32865613759029,0,96360
32865613763197,1,96360
32865613779098,0,96360
32865613782832,1,96360
32865613792840,0,96360
32865613796302,1,96360
32865613806255,0,96360
32865613810510,1,96360
32865613817446,0,96362
32865613822851,1,96362
32865613834899,0,96360
32865613839468,1,96360
32865613896169,0,96360
32865613901325,1,96360
32865613912516,0,96363
32865613920450,1,96363
32865613983805,0,96363
32865613988743,1,96363
32865614002473,0,96362
32865614012133,1,96362
32865614036403,0,96362
32865614040191,1,96362
32865614050545,0,96362
32865614055234,1,96362
32865614065339,0,96362
32865614070625,1,96362
32865614080741,0,96362
32865614088361,1,96362
32865614098281,0,96362
32865614105987,1,96362
32865614115962,0,96362
32865614123115,1,96362
32865614135239,0,96362
32865614138994,1,96362
32865614149034,0,96362
32865614152736,1,96362
32865614162917,0,96362
32865614166802,1,96362
32865614176799,0,96362
32865614180652,1,96362
32865614190529,0,96362
32865614194404,1,96362
32865614204314,0,96362
32865614208297,1,96362
32865614218174,0,96362
32865614222071,1,96362
32865614231937,0,96362
32865614237049,1,96362
32865614247122,0,96362
32865614250367,1,96362
32865614260309,0,96362
32865614264391,1,96362
32865614274637,0,96362
32865614278121,1,96362
32865614288258,0,96362
32865614291211,1,96362
32865614301153,0,96362
32865614304181,1,96362
32865614314091,0,96362
32865614317912,1,96362
32865614327973,0,96362
32865614331761,1,96362
32865614341660,0,96362
32865614345578,1,96362
32865614355575,0,96362
32865614359146,1,96362
32865614369207,0,96362
32865614373592,1,96362
32865614383806,0,96362
32865614387301,1,96362
32865614397211,0,96362
32865614401259,1,96362
32865614411136,0,96362
32865614415293,1,96362
32865614425279,0,96362
32865614429610,1,96362
32865614439650,0,96362
32865614443221,1,96362
32865614453141,0,96362
32865614456028,1,96362
32865614466220,0,96362
32865614469889,1,96362
32865614479940,0,96362
32865614483782,1,96362
32865614493746,0,96362
32865614497024,1,96362
32865614506901,0,96362
32865614509994,1,96362
32865614519893,0,96362
32865614523301,1,96362
32865614533179,0,96362
32865614536326,1,96362
32865614546171,0,96362
32865614549318,1,96362
32865614559217,0,96362
32865614562647,1,96362
32865614572579,0,96362
32865614576019,1,96362
32865614585961,0,96362
32865614589793,1,96362
32865614599931,0,96362
32865614603512,1,96362
32865614613520,0,96362
32865614617460,1,96362
32865614627348,0,96362
32865614630843,1,96362
32865614640687,0,96362
32865614644095,1,96362
32865614653983,0,96362
32865614657826,1,96362
32865614667790,0,96362
32865614671523,1,96362
32865614681444,0,96362
32865614685471,1,96362
32865614695380,0,96362
32865614699027,1,96362
32865614709263,0,96362
32865614712085,1,96362
32865614767223,0,96362
32865614772020,1,96362
32865614782408,0,96362
32865614786435,1,96362
32865614796420,0,96362
32865614799839,1,96362
32865614810150,0,96362
32865614814004,1,96362
32865614823989,0,96362
32865614827452,1,96362
32865614837372,0,96362
32865614841128,1,96362
32865614850994,0,96362
32865614854956,1,96362
32865614864811,0,96362
32865614868512,1,96362
32865614878411,0,96362
32865614882774,1,96362
32865614892662,0,96362
32865614896494,1,96362
32865614906393,0,96362
32865614910105,1,96362
32865614920275,0,96362
32865614923227,1,96362
32865614933235,0,96362
32865614936903,1,96362
32865614946759,0,96362
32865614950449,1,96362
32865614960304,0,96362
32865614963691,1,96362
32865614973709,0,96362
32865614977400,1,96362
32865614987483,0,96362
32865614990750,1,96362
32865615000605,0,96362
32865615004003,1,96362
32865615013912,0,96362
32865615017505,1,96362
32865615027371,0,96362
32865615030714,1,96362
32865615040657,0,96362
32865615045313,1,96362
32865615055375,0,96362
32865615059369,1,96362
32865615069344,0,96362
32865615073023,1,96362
32865615083150,0,96362
32865615086156,1,96362
32865615096164,0,96362
32865615099496,1,96362
32865615109406,0,96362
32865615112987,1,96362
32865615122941,0,96362
32865615126739,1,96362
32865615136638,0,96362
32865615140643,1,96362
32865615150597,0,96362
32865615153940,1,96362
32865615164131,0,96362
32865615167648,1,96362
32865615177786,0,96362
32865615181747,1,96362
32865615191635,0,96362
32865615195065,1,96362
32865615204932,0,96362
32865615208361,1,96362
32865615218304,0,96362
32865615222059,1,96362
32865615231925,0,96362
32865615235203,1,96362
32865615245059,0,96362
32865615249042,1,96362
32865615258974,0,96362
32865615262501,1,96362
32865615272432,0,96362
32865615276524,1,96362
32865615286456,0,96362
32865615319213,1,96362
32865615329839,0,96362
32865615332922,1,96362
32865615342983,0,96362
32865615347151,1,96362
32865615357072,0,96362
32865615360480,1,96362
32865615370357,0,96362
32865615374221,1,96362
32865615384163,0,96362
32865615387409,1,96362
32865615397470,0,96362
32865615401291,1,96362
32865615411287,0,96362
32865615415000,1,96362
32865615425061,0,96362
32865615428013,1,96362
32865615437967,0,96362
32865615441364,1,96362
32865615451208,0,96362
32865615454736,1,96362
32865615464635,0,96362
32865615468998,1,96362
32865615478919,0,96362
32865615482837,1,96362
32865615492725,0,96362
32865615496025,1,96362
32865615506043,0,96362
32865615509690,1,96362
32865615519697,0,96362
32865615523062,1,96362
32865615532982,0,96362
32865615536315,1,96362
32865615546289,0,96362
32865615549122,1,96362
32865615559151,0,96362
32865615562646,1,96362
32865615572534,0,96362
32865615576344,1,96362
32865615586210,0,96362
32865615589477,1,96362
32865615599506,0,96362
32865615603153,1,96362
32865615613269,0,96362
32865615616775,1,96362
32865615626663,0,96362
32865615630766,1,96362
32865615640708,0,96362
32865615644605,1,96362
32865615654504,0,96362
32865615658118,1,96362
32865615668114,0,96362
32865615672445,1,96362
32865615682398,0,96362
32865615686317,1,96362
32865615696259,0,96362
32865615700557,1,96362
32865615710467,0,96362
32865615713897,1,96362
32865615723860,0,96362
32865615727594,1,96362
32865615737515,0,96362
32865615740673,1,96362
32865615750507,0,96362
32865615754328,1,96362
32865615764172,0,96362
32865615767342,1,96362
32865615777251,0,96362
32865615780768,1,96362
32865615790678,0,96362
32865615794021,1,96362
32865615803876,0,96362
32865615807512,1,96362
32865615817389,0,96362
32865615820765,1,96362
32865615830599,0,96362
32865615834289,1,96362
32865615844318,0,96362
32865615848030,1,96362
32865615894974,0,96362
32865615900476,1,96362
32865615910755,0,96362
32865615914652,1,96362
32865615924670,0,96362
32865615929402,1,96362
32865615939507,0,96362
32865615942590,1,96362
32865615952554,0,96362
32865615956255,1,96362
32865615966230,0,96362
32865615969768,1,96362
32865615979678,0,96362
32865615983390,1,96362
32865615993463,0,96362
32865615997880,1,96362
32865616007844,0,96362
32865616011958,1,96362
32865616021943,0,96362
32865616026014,1,96362
32865616036683,0,96362
32865616039722,1,96362
32865616049795,0,96362
32865616053485,1,96362
32865616063438,0,96362
32865616067215,1,96362
32865616077136,0,96362
32865616080870,1,96362
32865616090844,0,96362
32865616094795,1,96362
32865616104738,0,96362
32865616108276,1,96362
32865616118273,0,96362
32865616122017,1,96362
32865616131916,0,96362
32865616135161,1,96362
32865616145310,0,96362
32865616149109,1,96362
32865616159311,0,96362
32865616162850,1,96362
32865616172749,0,96362
32865616176189,1,96362
32865616186088,0,96362
32865616189659,1,96362
32865616199569,0,96362
32865616203574,1,96362
32865616213484,0,96362
32865616216881,1,96362
32865616226780,0,96362
32865616230025,1,96362
32865616239881,0,96362
32865616243397,1,96362
32865616253274,0,96362
32865616256921,1,96362
32865616266918,0,96362
32865616270749,1,96362
32865616280594,0,96362
32865616284501,1,96362
32865616294476,0,96362
32865616298090,1,96362
32865616307968,0,96362
32865616311300,1,96362
32865616321144,0,96362
32865616324661,1,96362
32865616334582,0,96362
32865616338218,1,96362
32865616348106,0,96362
32865616351470,1,96362
32865616361347,0,96362
32865616365190,1,96362
32865616375089,0,96362
32865616378508,1,96362
32865616388439,0,96362
32865616391967,1,96362
32865616401844,0,96362
32865616405208,1,96362
32865616415086,0,96362
32865616418906,1,96362
32865616428816,0,96362
32865616432311,1,96362
32865616442155,0,96362
32865616446019,1,96362
32865616455962,0,96362
32865616458914,1,96362
32865616468758,0,96362
32865616472373,1,96362
32865616482293,0,96362
32865616486309,1,96362
32865616496208,0,96362
32865616500224,1,96362
32865616510156,0,96362
32865616514313,1,96362
32865616524363,0,96362
32865616528141,1,96362
32865616538007,0,96362
32865616541534,1,96362
32865616551390,0,96362
32865616554928,1,96362
32865616564805,0,96362
32865616568365,1,96362
32865616578253,0,96362
32865616581955,1,96362
32865616591832,0,96362
32865616595001,1,96362
32865616604965,0,96362
32865616608731,1,96362
32865616618652,0,96362
32865616622473,1,96362
32865616632404,0,96362
32865616635834,1,96362
32865616645689,0,96362
32865616649705,1,96362
32865616659571,0,96362
32865616663316,1,96362
32865616673172,0,96362
32865616676840,1,96362
32865616686717,0,96362
32865616690798,1,96362
32865616700773,0,96362
32865616704442,1,96362
32865616714395,0,96362
32865616718053,1,96362
32865616728006,0,96362
32865616732141,1,96362
32865616742018,0,96362
32865616745546,1,96362
32865616755445,0,96362
32865616758972,1,96362
32865616768882,0,96362
32865616772475,1,96362
32865616782525,0,96362
32865616786216,1,96362
32865616796158,0,96362
32865616799848,1,96362
32865616810029,0,96362
32865616814045,1,96362
32865616824009,0,96362
32865616828166,1,96362
32865616838011,0,96362
32865616841701,1,96362
32865616851633,0,96362
32865616855063,1,96362
32865616865005,0,96362
32865616868836,1,96362
32865616879300,0,96362
32865616882740,1,96362
32865616892693,0,96362
32865616896221,1,96362
32865616906087,0,96362
32865616909191,1,96362
32865616919112,0,96362
32865616922053,1,96362
32865616931876,0,96362
32865616935295,1,96362
32865616945172,0,96362
32865616948841,1,96362
32865616958740,0,96362
32865616962300,1,96362
32865616972253,0,96362
32865616976128,1,96362
32865616986103,0,96362
32865616989370,1,96362
32865616999214,0,96362
32865617002774,1,96362
32865617012706,0,96362
32865617016396,1,96362
32865617026360,0,96362
32865617029312,1,96362
32865617039157,0,96362
32865617041892,1,96362
32865617051737,0,96362
32865617055091,1,96362
32865617065000,0,96362
32865617068267,1,96362
32865617078134,0,96362
32865617081726,1,96362
32865617091647,0,96362
32865617095478,1,96362
32865617105399,0,96362
32865617108308,1,96362
32865617118196,0,96362
32865617121843,1,96362
32865617131698,0,96362
32865617134846,1,96362
32865617144712,0,96362
32865617148098,1,96362
32865617158106,0,96362
32865617162046,1,96362
32865617172031,0,96362
32865617176026,1,96362
32865617186001,0,96362
32865617189105,1,96362
32865617199025,0,96362
32865617202368,1,96362
32865617212235,0,96362
32865617216261,1,96362
32865617226149,0,96362
32865617229438,1,96362
32865617239283,0,96362
32865617243418,1,96362
32865617253295,0,96362
32865617256258,1,96362
32865617266125,0,96362
32865617269772,1,96362
32865617279714,0,96362
32865617283241,1,96362
32865617293097,0,96362
32865617296657,1,96362
32865617306523,0,96362
32865617310724,1,96362
32865617320579,0,96362
32865617323694,1,96362
32865617333604,0,96362
32865617337305,1,96362
32865617347204,0,96362
32865617350666,1,96362
32865617360522,0,96362
32865617363984,1,96362
32865617373948,0,96362
32865617376846,1,96362
32865617386680,0,96362
32865617390121,1,96362
32865617399965,0,96362
32865617404122,1,96362
32865617414010,0,96362
32865617417321,1,96362
32865617427198,0,96362
32865617431007,1,96362
32865617440950,0,96362
32865617444271,1,96362
32865617454181,0,96362
32865617458012,1,96362
32865617467911,0,96362
32865617471471,1,96362
32865617481348,0,96362
32865617485321,1,96362
32865617495220,0,96362
32865617498183,1,96362
32865617508092,0,96362
32865617511696,1,96362
32865617521693,0,96362
32865617525133,1,96362
32865617535075,0,96362
32865617538028,1,96362
32865617547861,0,96362
32865617551660,1,96362
32865617561592,0,96362
32865617565130,1,96362
32865617575029,0,96362
32865617578383,1,96362
32865617588293,0,96362
32865617591831,1,96362
32865617601708,0,96362
32865617605095,1,96362
32865617615004,0,96362
32865617618749,1,96362
32865617628637,0,96362
32865617632121,1,96362
32865617641976,0,96362
32865617645309,1,96362
32865617655229,0,96362
32865617659061,1,96362
32865617669057,0,96362
32865617672563,1,96362
32865617682505,0,96362
32865617686141,1,96362
32865617696029,0,96362
32865617706254,1,96362
32865617716543,0,96362
32865617720809,1,96362
32865617730675,0,96362
32865617734257,1,96362
32865617744145,0,96362
32865617747401,1,96362
32865617757332,0,96362
32865617761338,1,96362
32865617771302,0,96362
32865617774699,1,96362
32865617784652,0,96362
32865617787550,1,96362
32865617797427,0,96362
32865617800705,1,96362
32865617810604,0,96362
32865617813578,1,96362
32865617823487,0,96362
32865617826711,1,96362
32865617836621,0,96362
32865617839986,1,96362
32865617849950,0,96362
32865617853727,1,96362
32865617863626,0,96362
32865617867424,1,96362
32865617877399,0,96362
32865617880601,1,96362
32865617890533,0,96362
32865617893734,1,96362
32865617903644,0,96362
32865617907259,1,96362
32865617917147,0,96362
32865617920099,1,96362
32865617929998,0,96362
32865617933330,1,96362
32865617943272,0,96362
32865617947201,1,96362
32865617957198,0,96362
32865617960649,1,96362
32865617970494,0,96362
32865617973685,1,96362
32865617983638,0,96362
32865617987849,1,96362
32865617997792,0,96362
32865618001471,1,96362
32865618011348,0,96362
32865618015570,1,96362
32865618025469,0,96362
32865618029301,1,96362
32865618072478,0,96362
32865618077829,1,96362
32865618087945,0,96362
32865618093263,1,96362
32865618103412,0,96362
32865618107308,1,96362
32865618117207,0,96362
32865618120854,1,96362
32865618130742,0,96362
32865618134454,1,96362
32865618144505,0,96362
32865618148499,1,96362
32865618158507,0,96362
32865618225942,1,96362
32865618241279,0,96362
32865618246250,1,96362
32865618256355,0,96362
32865618260317,1,96362
32865618270248,0,96362
32865618273656,1,96362
32865618283544,0,96362
32865618286931,1,96362
32865618296786,0,96362
32865618300759,1,96362
32865618310712,0,96362
32865618314522,1,96362
32865618324410,0,96362
32865618327438,1,96362
32865618337369,0,96362
32865618341396,1,96362
32865618351382,0,96362
32865618355365,1,96362
32865618365307,0,96362
32865618368520,1,96362
32865618378484,0,96362
32865618382717,1,96362
32865618392616,0,96362
32865618396458,1,96362
32865618406444,0,96362
32865618409722,1,96362
32865618419675,0,96362
32865618423289,1,96362
32865618433167,0,96362
32865618436835,1,96362
32865618446777,0,96362
32865618450772,1,96362
32865618460649,0,96362
32865618464415,1,96362
32865618474303,0,96362
32865618478330,1,96362
32865618488251,0,96362
32865618491908,1,96362
32865618501894,0,96362
32865618504944,1,96362
32865618514865,0,96362
32865618519369,1,96362
32865618529365,0,96362
32865618533479,1,96362
32865618543486,0,96362
32865618547209,1,96362
32865618557097,0,96362
32865618560581,1,96362
32865618570459,0,96362
32865618573541,1,96362
32865618583440,0,96362
32865618586848,1,96362
32865618596725,0,96362
32865618600307,1,96362
32865618610293,0,96362
32865618613755,1,96362
32865618623795,0,96362
32865618627171,1,96362
32865618637786,0,96362
32865618641433,1,96362
32865618651342,0,96362
32865618655000,1,96362
32865618664943,0,96362
32865618668383,1,96362
32865618678510,0,96362
32865618681365,1,96362
32865618691350,0,96362
32865618695279,1,96362
32865618705189,0,96362
32865618708869,1,96362
32865618718800,0,96362
32865618722599,1,96362
32865618732509,0,96362
32865618736318,1,96362
32865618746239,0,96362
32865618749549,1,96362
32865618759644,0,96362
32865618763497,1,96362
32865618773569,0,96362
32865618777466,1,96362
32865618787354,0,96362
32865618791088,1,96362
32865618800943,0,96362
32865618803971,1,96362
32865618813881,0,96362
32865618817799,1,96362
32865618827817,0,96362
32865618831562,1,96362
32865618841428,0,96362
32865618845108,1,96362
32865618855017,0,96362
32865618858469,1,96362
32865618868400,0,96362
32865618872373,1,96362
32865618882489,0,96362
32865618885430,1,96362
32865618895459,0,96362
32865618899508,1,96362
32865618909450,0,96362
32865618913303,1,96362
32865618923191,0,96362
32865618926350,1,96362
32865618936238,0,96362
32865618940124,1,96362
32865618949936,0,96362
32865618953062,1,96362
32865618962917,0,96362
32865618966976,1,96362
32865618976875,0,96362
32865618980403,1,96362
32865618990226,0,96362
32865618993460,1,96362
32865619003359,0,96362
32865619006734,1,96362
32865619016840,0,96362
32865619020562,1,96362
32865619078935,0,96360
32865619084037,1,96360
32865619144547,0,96360
32865619150040,1,96360
32865619166896,0,96360
32865619171064,1,96360
32865619255812,0,96360
32865619260609,1,96360
32865619316323,0,96360
32865619322075,1,96360
32865619332267,0,96360
32865619336109,1,96360
32865619346106,0,96360
32865619350480,1,96360
32865619360422,0,96360
32865619366034,1,96360
32865619376052,0,96360
32865619379721,1,96360
32865619389620,0,96360
32865619393646,1,96360
32865619403599,0,96360
32865619407691,1,96360
32865619419685,0,96360
32865619422605,1,96360
32865619432547,0,96360
32865619444660,1,96360
32865619455568,0,96360
32865619459541,1,96360
32865619469527,0,96360
32865619476886,3,96359
32865619502751,1,96360
32865619513420,0,96360
32865619517045,1,96360
32865619526955,0,96360
32865619537885,1,96360
32865619548500,0,96360
32865619552581,1,96360
32865619562632,0,96360
32865619568233,1,96360
32865619578153,0,96360
32865619581757,1,96360
32865619591873,0,96360
32865619595487,1,96360
32865619651971,0,96360
32865619658125,1,96360
32865619668513,0,96360
32865619672572,1,96360
32865619682569,0,96360
32865619686812,1,96360
32865619696787,0,96360
32865619700445,1,96360
32865619710376,0,96360
32865619716552,1,96360
32865619727265,0,96360
32865619730163,1,96360
32865619740203,0,96360
32865619749082,1,96360
32865619761944,0,96363
32865619771354,1,96363
32865619787972,0,96360
32865619792704,1,96360
32865619851923,0,96360
32865619857784,1,96360
32865619872145,0,96363
32865619879362,1,96363
32865619982714,0,96362
32865619990518,1,96362
32865620012725,0,96362
32865620016774,1,96362
32865620026868,0,96362
32865620030656,1,96362
32865620040815,0,96363
32865620048294,1,96363
32865620106525,0,96363
32865620111887,1,96363
32865620174721,0,96360
32865620181787,1,96360
32865620202963,0,96360
32865620206382,1,96360
32865620216367,0,96360
32865620219808,1,96360
32865620229805,0,96360
32865620235394,1,96360
32865620308583,0,96363
32865620318927,1,96363
32865620382553,0,96363
32865620388783,1,96363
32865620451389,0,96362
32865620457695,1,96362
32865620478578,0,96362
32865620483234,1,96362
32865620493296,0,96362
32865620497301,1,96362
32865620507276,0,96362
32865620510565,1,96362
32865620517913,0,96363
32865620523611,1,96363
32865620581496,0,96363
32865620586847,1,96363
32865620602228,0,96362
32865620625304,1,96362
32865620736492,0,96362
32865620742321,1,96362
32865620752588,0,96362
32865620757071,1,96362
32865620799087,0,96362
32865620804948,1,96362
32865620815737,0,96362
32865620820827,1,96362
32865620830922,0,96362
32865620835242,1,96362
32865620845271,0,96362
32865620848885,1,96362
32865620892332,0,96363
32865620900896,1,96363
32865620962579,0,96363
32865620967529,1,96363
32865620985112,0,96363
32865620990973,1,96363
32865621044386,0,96363
32865621050561,1,96363
32865621115652,0,96360
32865621123815,1,96360
32865621140703,0,96360
32865621144502,1,96360
32865621154564,0,96360
32865621160186,1,96360
32865621170964,0,96360
32865621174112,1,96360
32865621215965,0,96363
32865621221892,1,96363
32865621232279,0,96363
32865621236273,1,96363
32865621246454,0,96363
32865621251686,1,96363
32865621262279,0,96360
32865621269084,1,96360
32865621343988,0,96360
32865621352703,1,96360
32865621363112,0,96360
32865621368919,1,96360
32865621379024,0,96360
32865621383160,1,96360
32865621393080,0,96360
32865621397118,1,96360
32865621407028,0,96360
32865621410599,1,96360
32865621420584,0,96360
32865621423982,1,96360
32865621433295,0,96363
32865621440979,1,96363
32865621473530,0,96363
32865621482040,1,96363
32865621493349,0,96360
32865621530893,1,96360
32865621654292,0,96360
32865621686974,1,96360
32865621783802,0,96360
32865621789457,1,96360
32865621805944,0,96363
32865621815550,1,96363
32865621832775,3,96362
32865621836368,0,96363
32865621840666,1,96363
32865621850988,0,96363
32865621855742,1,96363
32865621865782,0,96363
32865621869299,1,96363
32865621879371,0,96363
32865621883702,1,96363
32865621894437,0,96363
32865621898387,1,96363
32865621958160,0,96363
32865621964629,1,96363
32865622021569,0,96363
32865622026182,1,96363
32865622114903,0,96363
32865622120503,1,96363
32865622130912,0,96363
32865622134624,1,96363
32865622144729,0,96363
32865622148789,1,96363
32865622158699,0,96363
32865622162834,1,96363
32865622217701,0,96363
32865622222759,1,96363
32865622233169,0,96360
32865622242026,1,96360
32865622306010,0,96360
32865622311633,1,96360
32865622326241,0,96363
32865622335412,1,96363
32865622407311,0,96360
32865622414453,1,96360
32865622533108,0,96360
32865622538807,1,96360
32865622595606,0,96360
32865622600772,1,96360
32865622610637,0,96363
32865622619244,1,96363
32865622682816,0,96363
32865622687972,1,96363
32865622777647,0,96363
32865622782977,1,96363
32865622793353,0,96363
32865622799116,1,96363
32865622809221,0,96363
32865622813357,1,96363
32865622822693,0,96360
32865622832092,1,96360
32865622894655,0,96360
32865622901449,1,96360
32865622958226,0,96360
32865622963349,1,96360
32865622982408,0,96363
32865622989256,1,96363
32865623059244,0,96360
32865623121275,1,96360
32865623183219,0,96360
32865623188342,1,96360
32865623244435,0,96360
32865623249819,1,96360
32865623305565,0,96360
32865623310720,1,96360
32865623320901,0,96360
32865623325210,1,96360
32865623345582,0,96363
32865623354460,1,96363
32865623371078,0,96363
32865623376863,1,96363
32865623387836,0,96363
32865623392373,1,96363
32865623448792,0,96363
32865623453926,1,96363
32865623462198,0,96360
32865623470556,1,96360
32865623531848,0,96360
32865623537069,1,96360
32865623553849,0,96360
32865623557171,1,96360
32865623611332,0,96360
32865623616412,1,96360
32865623626767,0,96360
32865623630631,1,96360
32865623695537,0,96360
32865623702495,1,96360
32865623760119,0,96360
32865623765839,1,96360
32865623821834,0,96360
32865623827359,1,96360
32865623837441,0,96363
32865623848089,1,96363
32865623941639,0,96363
32865623946665,1,96363
32865623957736,0,96363
32865623961741,1,96363
32865623971802,0,96363
32865623975981,1,96363
32865624032389,0,96363
32865624037827,1,96363
32865624056997,0,96360
32865624066385,1,96360
32865624126929,0,96360
32865624132443,1,96360
32865624188558,0,96360
32865624194452,1,96360
32865624204795,0,96360
32865624208659,1,96360
32865624273664,0,96360
32865624280024,1,96360
32865624338017,0,96360
32865624343390,1,96360
32865624398886,0,96360
32865624403662,1,96360
32865624411964,0,96363
32865624419486,1,96363
32865624514339,0,96363
32865624519690,1,96363
32865624530055,0,96363
32865624534723,1,96363
32865624544513,0,96363
32865624548431,1,96363
32865624603786,0,96363
32865624608595,1,96363
32865624616628,0,96360
32865624625192,1,96360
32865624686061,0,96360
32865624701072,1,96360
32865624757762,0,96360
32865624764014,1,96360
32865624774271,0,96360
32865624779666,1,96360
32865624893730,0,96360
32865624899646,1,96360
32865624955479,0,96360
32865624960547,1,96360
32865624968773,0,96363
32865624976382,1,96363
32865625099598,0,96360
32865625109128,1,96360
32865625170648,0,96360
32865625176455,1,96360
32865625233351,0,96360
32865625238637,1,96360
32865625248916,0,96360
32865625252921,1,96360
32865625263773,0,96363
32865625284081,1,96363
32865625366365,0,96363
32865625373713,1,96363
32865625384774,0,96363
32865625389430,1,96363
32865625399426,0,96363
32865625402509,1,96363
32865625411172,0,96360
32865625418379,1,96360
32865625479303,0,96360
32865625484404,1,96360
32865625540009,0,96360
32865625544828,1,96360
32865625555063,0,96360
32865625558982,1,96360
32865625578137,0,96363
32865625585225,1,96363
32865625601441,0,96363
32865625607063,1,96363
32865625617049,0,96363
32865625621749,1,96363
32865625637281,0,96363
32865625641112,1,96363
32865625696098,0,96363
32865625702339,1,96363
32865625771307,0,96360
32865625830266,1,96360
32865625893122,0,96360
32865625898679,1,96360
32865625954143,0,96360
32865625958864,1,96360
32865625969827,0,96360
32865625973951,1,96360
32865625991175,0,96363
32865625998078,1,96363
32865626014164,0,96363
32865626018234,1,96363
32865626028968,0,96363
32865626033039,1,96363
32865626039791,0,96360
32865626044057,1,96360
32865626100791,0,96360
32865626105784,1,96360
32865626161106,0,96360
32865626166338,1,96360
32865626176628,0,96360
32865626182608,1,96360
32865626294600,0,96360
32865626300580,1,96360
32865626349206,0,96360
32865626354514,1,96360
32865626372542,0,96360
32865626376949,1,96360
32865626387021,0,96360
32865626391309,1,96360
32865626401294,0,96360
32865626406450,1,96360
32865626416533,0,96360
32865626421038,1,96360
32865626431088,0,96360
32865626434974,1,96360
32865626546260,0,96360
32865626551459,1,96360
32865626607400,0,96360
32865626614401,1,96360
32865626670440,0,96360
32865626675368,1,96360
32865626685712,0,96360
32865626688925,1,96360
32865626801665,0,96360
32865626807016,1,96360
32865626818422,0,96363
32865626826639,1,96363
32865626889961,0,96363
32865626897407,1,96363
32865627018039,0,96360
32865627028383,1,96360
32865627089969,0,96360
32865627096893,1,96360
32865627154637,0,96360
32865627159662,1,96360
32865627215473,0,96360
32865627221193,1,96360
32865627231374,0,96360
32865627234772,1,96360
32865627256424,0,96363
32865627265573,1,96363
32865627282234,0,96363
32865627285447,1,96363
32865627295248,0,96363
32865627298743,1,96363
32865627356486,0,96363
32865627361729,1,96363
32865627371239,0,96360
32865627379336,1,96360
32865627440737,0,96360
32865627446815,1,96360
32865627457148,0,96360
32865627461392,1,96360
32865627477932,0,96363
32865627485714,1,96363
32865627501832,0,96363
32865627507346,1,96363
32865627517603,0,96363
32865627522172,1,96363
32865627528155,0,96360
32865627533745,1,96360
32865627591520,0,96360
32865627597566,1,96360
32865627653768,0,96360
32865627659119,1,96360
32865627669408,0,96360
32865627675020,1,96360
32865627690952,0,96363
32865627698083,1,96363
32865627714266,0,96363
32865627717685,1,96363
32865627728387,0,96363
32865627732002,1,96363
32865627741229,0,96360
32865627746407,1,96360
32865627803520,0,96360
32865627809501,1,96360
32865627865171,0,96360
32865627870424,1,96360
32865627880670,0,96360
32865627885088,1,96360
32865627902615,0,96363
32865627910832,1,96363
32865627926972,0,96363
32865627931606,1,96363
32865627941733,0,96363
32865627945662,1,96363
32865627952111,0,96360
32865627959253,1,96360
32865628016747,0,96360
32865628022489,1,96360
32865628078419,0,96360
32865628083423,1,96360
32865628093615,0,96360
32865628097511,1,96360
32865628211142,0,96360
32865628217469,1,96360
32865628273650,0,96360
32865628278230,1,96360
32865628289897,0,96363
32865628298808,1,96363
32865628371368,0,96360
32865628432519,1,96360
32865628494593,0,96360
32865628500476,1,96360
32865628514237,0,96363
32865628524180,1,96363
32865628587968,0,96363
32865628594361,1,96363
32865628665142,0,96360
32865628724611,1,96360
32865628785969,0,96360
32865628791233,1,96360
32865628847304,0,96360
32865628854327,1,96360
32865628865582,0,96360
32865628869045,1,96360
32865628983109,0,96360
32865628988363,1,96360
32865629044065,0,96360
32865629049720,1,96360
32865629067098,0,96360
32865629070451,1,96360
32865629086134,0,96363
32865629093297,1,96363
32865629109025,0,96363
32865629113160,1,96363
32865629123352,0,96363
32865629128942,1,96363
32865629137073,0,96360
32865629141675,1,96360
32865629197096,0,96360
32865629203434,1,96360
32865629259180,0,96360
32865629264271,1,96360
32865629274495,0,96360
32865629278392,1,96360
32865629295214,0,96363
32865629302291,1,96363
32865629318366,0,96363
32865629322034,1,96363
32865629332161,0,96363
32865629337490,1,96363
32865629345383,0,96360
32865629350202,1,96360
32865629438184,0,96360
32865629444881,1,96360
32865629501539,0,96360
32865629506782,1,96360
32865629517060,0,96360
32865629520599,1,96360
32865629537345,0,96363
32865629545062,1,96363
32865629587655,0,96360
32865629594232,1,96360
32865629604706,0,96360
32865629608733,1,96360
32865629616535,0,96363
32865629622255,1,96363
32865629679195,0,96363
32865629685198,1,96363
32865629704064,0,96360
32865629712085,1,96360
32865629772563,0,96360
32865629777447,1,96360
32865629787759,0,96360
32865629792914,1,96360
32865629817410,0,96363
32865629825757,1,96363
32865629842114,0,96363
32865629846271,1,96363
32865629856344,0,96363
32865629860045,1,96363
32865629917376,0,96363
32865629923975,1,96363
32865629942905,0,96360
32865629950503,1,96360
32865630010591,0,96360
32865630017168,1,96360
32865630073435,0,96360
32865630078396,1,96360
32865630088707,0,96360
32865630092354,1,96360
32865630113572,0,96363
32865630120964,1,96363
32865630137885,0,96363
32865630143193,1,96363
32865630153515,0,96363
32865630157791,1,96363
32865630173334,0,96363
32865630177936,1,96363
32865630233552,0,96363
32865630239142,1,96363
32865630307751,0,96360
32865630365831,1,96360
32865630430054,0,96360
32865630436545,1,96360
32865630515735,0,96360
32865630521607,1,96360
32865630577635,0,96360
32865630582900,1,96360
32865630593244,0,96360
32865630596283,1,96360
32865630606290,0,96360
32865630666584,1,96360
32865630725000,0,96360
32865630730101,1,96360
32865630800468,0,96360
32865630806036,1,96360
32865630816315,0,96360
32865630821297,1,96360
32865630831282,0,96360
32865630835146,1,96360
32865630845132,0,96360
32865630849083,1,96360
32865630859025,0,96360
32865630862715,1,96360
32865630974490,0,96360
32865630981002,1,96360
32865631027119,0,96363
32865631037528,1,96363
32865631100514,0,96363
32865631177208,1,96363
32865631199100,0,96363
32865631203040,1,96363
32865631213449,0,96363
32865631217161,1,96363
32865631227928,0,96363
32865631230837,1,96363
32865631286355,0,96363
32865631291620,1,96363
32865631302745,0,96360
32865631310376,1,96360
32865631373285,0,96360
32865631379722,1,96360
32865631436260,0,96360
32865631441362,1,96360
32865631451673,0,96360
32865631455211,1,96360
32865631471448,0,96363
32865631477722,1,96363
32865631494046,0,96363
32865631498540,1,96363
32865631508558,0,96363
32865631512346,1,96363
32865631522299,0,96363
32865631526641,1,96363
32865631583027,0,96363
32865631588444,1,96363
32865631598301,0,96360
32865631606930,1,96360
32865631672922,0,96360
32865631679825,1,96360
32865631690245,0,96360
32865631693924,1,96360
32865631703910,0,96360
32865631765061,1,96360
32865631825409,0,96360
32865631833300,1,96360
32865631890132,0,96360
32865631895602,1,96360
32865631951663,0,96360
32865631956873,1,96360
32865631967097,0,96360
32865631971168,1,96360
32865631992005,0,96363
32865632000309,1,96363
32865632016861,0,96363
32865632022603,1,96363
32865632033544,0,96363
32865632045635,1,96363
32865632119258,0,96363
32865632126334,1,96363
32865632247304,0,96360
32865632257441,1,96360
32865632353673,0,96360
32865632358242,1,96360
32865632414694,0,96360
32865632420468,1,96360
32865632476117,0,96360
32865632480957,1,96360
32865632491225,0,96360
32865632496869,1,96360
32865632512888,0,96363
32865632520963,1,96363
32865632537299,0,96363
32865632541564,1,96363
32865632551778,0,96363
32865632556076,1,96363
32865632563534,0,96360
32865632568799,1,96360
32865632626184,0,96360
32865632631860,1,96360
32865632719191,0,96360
32865632726062,1,96360
32865632782188,0,96360
32865632787778,1,96360
32865632798165,0,96360
32865632802376,1,96360
32865632916799,0,96360
32865632922042,1,96360
32865632978754,0,96360
32865632984343,1,96360
32865632994979,0,96363
32865633003358,1,96363
32865633076982,0,96360
32865633175080,1,96360
32865633236699,0,96360
32865633241485,1,96360
32865633298631,0,96360
32865633304297,1,96360
32865633360054,0,96360
32865633366664,1,96360
32865633376943,0,96360
32865633380644,1,96360
32865633494904,0,96360
32865633500711,1,96360
32865633557206,0,96360
32865633562991,1,96360
32865633573279,0,96363
32865633583211,1,96363
32865633655879,0,96360
32865633716195,1,96360
32865633778041,0,96360
32865633784021,1,96360
32865633840419,0,96360
32865633847127,1,96360
32865633903220,0,96360
32865633908712,1,96360
32865633918991,0,96360
32865633922833,1,96360
32865633941620,0,96363
32865633949901,1,96363
32865633966519,0,96363
32865633972347,1,96363
32865633982300,0,96363
32865633985915,1,96363
32865633992147,0,96360
32865633997313,1,96360
32865634054090,0,96360
32865634060592,1,96360
32865634117781,0,96360
32865634122644,1,96360
32865634140000,0,96360
32865634144091,1,96360
32865634164094,0,96363
32865634173233,1,96363
32865634188938,0,96363
32865634193758,1,96363
32865634204492,0,96363
32865634208367,1,96363
32865634305706,0,96363
32865634312413,1,96363
32865634368637,0,96363
32865634374390,1,96363
32865634383161,0,96360
32865634390195,1,96360
32865634406530,0,96360
32865634460789,1,96360
32865634520909,0,96360
32865634526673,1,96360
32865634582961,0,96360
32865634588464,1,96360
32865634605006,0,96360
32865634610476,1,96360
32865634723065,0,96360
32865634731129,1,96360
32865634788037,0,96360
32865634793062,1,96360
32865634866240,0,96360
32865634874955,1,96360
32865634931917,0,96360
32865634937702,1,96360
32865634993872,0,96360
32865634999342,1,96360
32865635009545,0,96360
32865635013420,1,96360
32865635126485,0,96360
32865635131576,1,96360
32865635152056,0,96363
32865635160012,1,96363
32865635221294,0,96363
32865635226460,1,96363
32865635347082,0,96360
32865635355776,1,96360
32865635417144,0,96360
32865635422441,1,96360
32865635439276,0,96360
32865635442749,1,96360
32865635497030,0,96360
32865635502619,1,96360
32865635520225,0,96360
32865635523828,1,96360
32865635533781,0,96360
32865635537157,1,96360
32865635547110,0,96360
32865635550789,1,96360
32865635560688,0,96360
32865635564433,1,96360
32865635574408,0,96360
32865635578424,1,96360
32865635642006,0,96360
32865635650505,1,96360
32865635706685,0,96360
32865635712112,1,96360
32865635768281,0,96360
32865635774121,1,96360
32865635791596,0,96360
32865635795460,1,96360
32865635815505,0,96363
32865635824004,1,96363
32865635840242,0,96363
32865635844106,1,96363
32865635854146,0,96363
32865635857760,1,96363
32865635873965,0,96363
32865635879685,1,96363
32865635889855,0,96363
32865635893969,1,96363
32865635949834,0,96363
32865635954491,1,96363
32865635973845,0,96360
32865635981128,1,96360
32865636026758,0,96360
32865636032261,1,96360
32865636042377,0,96360
32865636045905,1,96360
32865636064800,0,96363
32865636072799,1,96363
32865636089124,0,96363
32865636093682,1,96363
32865636103744,0,96363
32865636108520,1,96363
32865636124225,0,96363
32865636127655,1,96363
32865636181914,0,96363
32865636187048,1,96363
32865636256233,0,96360
32865636264960,1,96360
32865636379502,0,96360
32865636386014,1,96360
32865636434922,0,96360
32865636441543,1,96360
32865636482723,0,96360
32865636487564,1,96360
32865636497875,0,96360
32865636502977,1,96360
32865636513114,0,96360
32865636569805,1,96360
32865636630283,0,96360
32865636636350,1,96360
32865636699552,0,96363
32865636706911,1,96363
32865636790736,0,96363
32865636797302,1,96363
32865636812053,0,96363
32865636815939,1,96363
32865636826033,0,96363
32865636829658,1,96363
32865636839579,0,96363
32865636842835,1,96363
32865636852755,0,96363
32865636855968,1,96363
32865636865986,0,96363
32865636868950,1,96363
32865636879424,0,96363
32865636883103,1,96363
32865636893024,0,96363
32865636965018,1,96363
32865636980659,0,96363
32865636984783,1,96363
32865636994726,0,96360
32865637001640,1,96360
32865637129282,0,96363
32865637136316,1,96363
32865637152825,0,96363
32865637157568,1,96363
32865637167901,0,96363
32865637172275,1,96363
32865637182228,0,96363
32865637186602,1,96363
32865637196588,0,96363
32865637200170,1,96363
32865637210101,0,96363
32865637215745,1,96363
32865637225785,0,96363
32865637230203,1,96363
32865637240156,0,96363
32865637310891,1,96363
32865637326499,0,96363
32865637330624,1,96363
32865637341293,0,96363
32865637344929,1,96363
32865637354806,0,96363
32865637358920,1,96363
32865637463422,0,96363
32865637468307,1,96363
32865637504928,0,96363
32865637512982,1,96363
32865637514470,3,96360
32865637527732,0,96363
32865637531759,1,96363
32865637541886,0,96363
32865637545858,1,96363
32865637555822,0,96363
32865637559838,1,96363
32865637569780,0,96363
32865637573677,1,96363
32865637584227,0,96363
32865637588048,1,96363
32865637598131,0,96363
32865637601691,1,96363
32865637678038,0,96363
32865637684377,1,96363
32865637698997,0,96363
32865637703512,1,96363
32865637713596,0,96363
32865637718665,1,96363
32865637729486,0,96363
32865637733437,1,96363
32865637743444,0,96363
32865637746896,1,96363
32865637756795,0,96363
32865637760745,1,96363
32865637770677,0,96363
32865637774725,1,96363
32865637784928,0,96363
32865637788315,1,96363
32865637798387,0,96363
32865637802251,1,96363
32865637812182,0,96363
32865637815276,1,96363
32865637825229,0,96363
32865637829299,1,96363
32865637839328,0,96363
32865637843898,1,96363
32865637853883,0,96363
32865637858171,1,96363
32865637868124,0,96363
32865637871586,1,96363
32865637881474,0,96363
32865637884817,1,96363
32865637894879,0,96363
32865637898624,1,96363
32865637908653,0,96363
32865637912104,1,96363
32865637991772,0,96363
32865637996364,1,96363
32865638006534,0,96363
32865638010018,1,96363
32865638019939,0,96363
32865638023965,1,96363
32865638033886,0,96363
32865638037782,1,96363
32865638048333,0,96363
32865638051719,1,96363
32865638061607,0,96363
32865638065189,1,96363
32865638075066,0,96363
32865638082490,1,96363
32865638093941,0,96363
32865638099553,1,96363
32865638111448,0,96363
32865638118059,1,96363
32865638129846,0,96363
32865638133276,1,96363
32865638143424,0,96363
32865638146811,1,96363
32865638156894,0,96363
32865638160335,1,96363
32865638170223,0,96363
32865638173218,1,96363
32865638183117,0,96363
32865638186200,1,96363
32865638263578,0,96363
32865638269179,1,96363
32865638280608,0,96363
32865638283897,1,96363
32865638294512,0,96363
32865638297801,1,96363
32865638307895,0,96363
32865638311173,1,96363
32865638321137,0,96363
32865638325554,1,96363
32865638335486,0,96363
32865638338796,1,96363
32865638348706,0,96363
32865638352711,1,96363
32865638362577,0,96363
32865638365801,1,96363
32865638375765,0,96363
32865638379564,1,96363
32865638389549,0,96363
32865638394705,1,96363
32865638404799,0,96363
32865638408739,1,96363
32865638418660,0,96363
32865638422144,1,96363
32865638432086,0,96363
32865638436254,1,96363
32865638446294,0,96363
32865638450147,1,96363
32865638460176,0,96363
32865638463465,1,96363
32865638473461,0,96363
32865638477043,1,96363
32865638554617,0,96363
32865638560521,1,96363
32865638666347,0,96363
32865638674738,1,96363
32865638695534,0,96363
32865638699040,1,96363
32865638709742,0,96363
32865638713313,1,96363
32865638723309,0,96363
32865638728682,1,96363
32865638738809,0,96363
32865638741978,1,96363
32865638751931,0,96363
32865638755328,1,96363
32865638765401,0,96363
32865638768570,1,96363
32865638778654,0,96363
32865638782778,1,96363
32865638792742,0,96363
32865638797116,1,96363
32865638807091,0,96363
32865638821950,1,96363
32865638893814,0,96363
32865638900424,1,96363
32865638910747,0,96363
32865638915273,1,96363
32865638925237,0,96363
32865638929839,1,96363
32865638939868,0,96363
32865638945099,1,96363
32865638955150,0,96363
32865638958493,1,96363
32865638969130,0,96363
32865638973244,1,96363
32865638983707,0,96363
32865638988092,1,96363
32865638998327,0,96363
32865639002159,1,96363
32865639012123,0,96363
32865639015390,1,96363
32865639025310,0,96363
32865639029174,1,96363
32865639039171,0,96363
32865639042481,1,96363
32865639052391,0,96363
32865639056266,1,96363
32865639066317,0,96363
32865639069790,1,96363
32865639079732,0,96363
32865639083835,1,96363
32865639094494,0,96363
32865639101994,1,96363
32865639112164,0,96363
32865639117537,1,96363
32865639127512,0,96363
32865639131039,1,96363
32865639140916,0,96363
32865639144096,1,96363
32865639153995,0,96363
32865639158076,1,96363
32865639168105,0,96363
32865639172241,1,96363
32865639182226,0,96363
32865639186112,1,96363
32865639260419,0,96363
32865639266953,1,96363
32865639281627,0,96363
32865639285546,1,96363
32865639295488,0,96363
32865639299460,1,96363
32865639309457,0,96363
32865639313223,1,96363
32865639323817,0,96363
32865639327062,1,96363
32865639336972,0,96363
32865639340944,1,96363
32865639350832,0,96363
32865639353817,1,96363
32865639363716,0,96363
32865639367091,1,96363
32865639377012,0,96363
32865639381093,1,96363
32865639391122,0,96363
32865639394498,1,96363
32865639404581,0,96363
32865639408575,1,96363
32865639418496,0,96363
32865639422360,1,96363
32865639432302,0,96363
32865639437773,1,96363
32865639447878,0,96363
32865639451687,1,96363
32865639461597,0,96363
32865639464940,1,96363
32865639475013,0,96363
32865639479202,1,96363
32865639489286,0,96363
32865639493454,1,96363
32865639513805,0,96363
32865639574142,1,96363
32865639589869,0,96363
32865639594906,1,96363
32865639605076,0,96363
32865639608582,1,96363
32865639618491,0,96363
32865639621726,1,96363
32865639631614,0,96363
32865639635586,1,96363
32865639673217,0,96363
32865639680055,1,96363
32865639694513,0,96363
32865639698453,1,96363
32865639708417,0,96363
32865639712465,1,96363
32865639723070,0,96363
32865639727617,1,96363
32865639737538,0,96363
32865639741272,1,96363
32865639751214,0,96363
32865639756359,1,96363
32865639766388,0,96363
32865639769850,1,96363
32865639779782,0,96363
32865639785057,1,96363
32865639795053,0,96363
32865639809869,1,96363
32865639881809,0,96363
32865639886802,1,96363
32865639897569,0,96363
32865639901704,1,96363
32865639911744,0,96363
32865639916911,1,96363
32865639926907,0,96363
32865639930587,1,96363
32865639940475,0,96363
32865639944165,1,96363
32865639954010,0,96363
32865639958927,1,96363
32865639968999,0,96363
32865639972396,1,96363
32865639982328,0,96363
32865639986886,1,96363
32865639996829,0,96363
32865640000812,1,96363
32865640010798,0,96363
32865640014304,1,96363
32865640024409,0,96363
32865640028707,1,96363
32865640038703,0,96363
32865640042828,1,96363
32865640052705,0,96363
32865640056070,1,96363
32865640065969,0,96363
32865640069529,1,96363
32865640079579,0,96363
32865640090759,1,96363
32865640166476,0,96363
32865640172924,1,96363
32865640187707,0,96363
32865640191419,1,96363
32865640202034,0,96363
32865640205952,1,96363
32865640215873,0,96363
32865640220139,1,96363
32865640230005,0,96363
32865640234162,1,96363
32865640244017,0,96363
32865640247501,1,96363
32865640257487,0,96363
32865640262664,1,96363
32865640272683,0,96363
32865640275895,1,96363
32865640285783,0,96363
32865640290136,1,96363
32865640300393,0,96363
32865640303812,1,96363
32865640313830,0,96363
32865640318128,1,96363
32865640328071,0,96363
32865640331815,1,96363
32865640341844,0,96363
32865640345024,1,96363
32865640354912,0,96363
32865640358863,1,96363
32865640368751,0,96363
32865640371780,1,96363
32865640381678,0,96363
32865640385662,1,96363
32865640395604,0,96363
32865640398980,1,96363
32865640419353,0,96363
32865640490783,1,96363
32865640506391,0,96363
32865640510678,1,96363
32865640521282,0,96363
32865640524951,1,96363
32865640535045,0,96363
32865640539050,1,96363
32865640548895,0,96363
32865640552748,1,96363
32865640562603,0,96363
32865640565675,1,96363
32865640575585,0,96363
32865640578711,1,96363
32865640588718,0,96363
32865640591942,1,96363
32865640601949,0,96363
32865640608516,1,96363
32865640618447,0,96363
32865640621410,1,96363
32865640632981,0,96363
32865640638039,1,96363
32865640648046,0,96363
32865640651877,1,96363
32865640661798,0,96363
32865640666335,1,96363
32865640676625,0,96363
32865640679826,1,96363
32865640689910,0,96363
32865640693665,1,96363
32865640849843,0,96363
32865640856280,1,96363
32865640866623,0,96363
32865640871139,1,96363
32865640881157,0,96363
32865640885314,1,96363
32865640895300,0,96363
32865640899337,1,96363
32865640909247,0,96363
32865640912959,1,96363
32865640922815,0,96363
32865640926234,1,96363
32865640936219,0,96363
32865640940192,1,96363
32865640950210,0,96363
32865640954096,1,96363
32865640964548,0,96363
32865640967956,1,96363
32865640977888,0,96363
32865640981752,1,96363
32865640991716,0,96363
32865640995721,1,96363
32865641005685,0,96363
32865641009820,1,96363
32865641019817,0,96363
32865641023051,1,96363
32865641032961,0,96363
32865641102763,1,96363
32865641118544,0,96363
32865641124134,1,96363
32865641134456,0,96363
32865641138288,1,96363
32865641148892,0,96363
32865641152626,1,96363
32865641162557,0,96363
32865641165596,1,96363
32865641175550,0,96363
32865641179381,1,96363
32865641189280,0,96363
32865641192514,1,96363
32865641202359,0,96363
32865641205810,1,96363
32865641215731,0,96363
32865641220431,1,96363
32865641230460,0,96363
32865641235019,1,96363
32865641245124,0,96363
32865641248586,1,96363
32865641258452,0,96363
32865641262892,1,96363
32865641272921,0,96363
32865641277023,1,96363
32865641398197,0,96363
32865641404395,1,96363
32865641415933,0,96363
32865641420383,1,96363
32865641430369,0,96363
32865641435730,1,96363
32865641445814,0,96363
32865641449873,1,96363
32865641459946,0,96363
32865641464374,1,96363
32865641474902,0,96363
32865641478853,1,96363
32865641488763,0,96363
32865641492508,1,96363
32865641502385,0,96363
32865641506097,1,96363
32865641516104,0,96363
32865641520207,1,96363
32865641530182,0,96363
32865641533438,1,96363
32865641543326,0,96363
32865641546919,1,96363
32865641556796,0,96363
32865641560084,1,96363
32865641570146,0,96363
32865641575063,1,96363
32865641585103,0,96363
32865641589195,1,96363
32865641599083,0,96363
32865641602882,1,96363
32865641612737,0,96363
32865641627043,1,96363
32865641697767,0,96363
32865641706081,1,96363
32865641718260,0,96363
32865641724674,1,96363
32865641736060,0,96363
32865641741411,1,96363
32865641751299,0,96363
32865641754653,1,96363
32865641764660,0,96363
32865641770196,1,96363
32865641780854,0,96363
32865641784252,1,96363
32865641794237,0,96363
32865641798981,1,96363
32865641808966,0,96363
32865641812581,1,96363
32865641822534,0,96363
32865641826561,1,96363
32865641836459,0,96363
32865641839726,1,96363
32865641849690,0,96363
32865641853392,1,96363
32865641863334,0,96363
32865641866764,1,96363
32865641876684,0,96363
32865641880049,1,96363
32865641890122,0,96363
32865641894159,1,96363
32865641969746,0,96363
32865641975987,1,96363
32865641991140,0,96363
32865641994786,1,96363
32865642004837,0,96363
32865642008658,1,96363
32865642018633,0,96363
32865642022312,1,96363
32865642032233,0,96363
32865642036401,1,96363
32865642046386,0,96363
32865642050022,1,96363
32865642059900,0,96363
32865642063275,1,96363
32865642073196,0,96363
32865642077320,1,96363
32865642087306,0,96363
32865642090226,1,96363
32865642100059,0,96363
32865642104097,1,96363
32865642113996,0,96363
32865642117621,1,96363
32865642127531,0,96363
32865642131308,1,96363
32865642141250,0,96363
32865642144930,1,96363
32865642154861,0,96363
32865642160103,1,96363
32865642170143,0,96363
32865642174083,1,96363
32865642183961,0,96363
32865642187097,1,96363
32865642261512,0,96363
32865642268405,1,96363
32865642283502,0,96363
32865642287605,1,96363
32865642297667,0,96363
32865642300966,1,96363
32865642310865,0,96363
32865642314849,1,96363
32865642324748,0,96363
32865642328633,1,96363
32865642338478,0,96363
32865642342114,1,96363
32865642352056,0,96363
32865642356257,1,96363
32865642366199,0,96363
32865642369412,1,96363
32865642379256,0,96363
32865642419872,1,96363
32865642448592,0,96363
32865642508961,1,96363
32865642525090,0,96363
32865642529389,1,96363
32865642539472,0,96363
32865642543108,1,96363
32865642553007,0,96363
32865642558434,1,96363
32865642568539,0,96363
32865642571708,1,96363
32865642581640,0,96363
32865642585287,1,96363
32865642595142,0,96363
32865642598583,1,96363
32865642608601,0,96363
32865642612964,1,96363
32865642623091,0,96363
32865642626586,1,96363
32865642636485,0,96363
32865642640327,1,96363
32865642650193,0,96363
32865642654405,1,96363
32865642664304,0,96363
32865642667571,1,96363
32865642677415,0,96363
32865642680411,1,96363
32865642690342,0,96363
32865642694695,1,96363
32865642704583,0,96363
32865642708382,1,96363
32865642718280,0,96363
32865642721992,1,96363
32865642742203,0,96363
32865642802453,1,96363
32865642818083,0,96363
32865642823293,1,96363
32865642834103,0,96363
32865642838434,1,96363
32865642848550,0,96363
32865642852859,1,96363
32865642862801,0,96363
32865642866329,1,96363
32865642876195,0,96363
32865642879267,1,96363
32865642889144,0,96363
32865642893388,1,96363
32865642903287,0,96363
32865642907042,1,96363
32865642916930,0,96363
32865642921055,1,96363
32865642930975,0,96363
32865642933971,1,96363
32865642944011,0,96363
32865642948114,1,96363
32865642958295,0,96363
32865642962235,1,96363
32865642972209,0,96363
32865642985701,1,96363
32865643056295,0,96363
32865643062460,1,96363
32865643073314,0,96363
32865643077005,1,96363
32865643086979,0,96363
32865643090963,1,96363
32865643100894,0,96363
32865643104704,1,96363
32865643114548,0,96363
32865643118185,1,96363
32865643128170,0,96363
32865643132262,1,96363
32865643142335,0,96363
32865643145862,1,96363
32865643155761,0,96363
32865643158920,1,96363
32865643168753,0,96363
32865643172313,1,96363
32865643182212,0,96363
32865643185870,1,96363
32865643195769,0,96363
32865643199535,1,96363
32865643209456,0,96363
32865643213352,1,96363
32865643223501,0,96363
32865643226833,1,96363
32865643236949,0,96363
32865643240314,1,96363
32865643250202,0,96363
32865643253762,1,96363
32865643263682,0,96363
32865643266786,1,96363
32865643346042,0,96363
32865643351817,1,96363
32865643362106,0,96363
32865643366241,1,96363
32865643376184,0,96363
32865643381329,1,96363
32865643391466,0,96363
32865643395450,1,96363
32865643405381,0,96363
32865643409191,1,96363
32865643419166,0,96363
32865643422964,1,96363
32865643432972,0,96363
32865643436727,1,96363
32865643447321,0,96363
32865643450251,1,96363
32865643460096,0,96363
32865643463710,1,96363
32865643504717,0,96363
32865643520683,1,96363
32865643592308,0,96363
32865643598093,1,96363
32865643608394,0,96363
32865643614136,1,96363
32865643624273,0,96363
32865643628843,1,96363
32865643639447,0,96363
32865643643745,1,96363
32865643653731,0,96363
32865643657649,1,96363
32865643667624,0,96363
32865643671488,1,96363
32865643681376,0,96363
32865643685251,1,96363
32865643695237,0,96363
32865643699394,1,96363
32865643709412,0,96363
32865643712766,1,96363
32865643722708,0,96363
32865643726246,1,96363
32865643736091,0,96363
32865643739846,1,96363
32865643749713,0,96363
32865643753186,1,96363
32865643763096,0,96363
32865643766895,1,96363
32865643776978,0,96363
32865643780549,1,96363
32865643790426,0,96363
32865643794214,1,96363
32865643804113,0,96363
32865643807293,1,96363
32865643817214,0,96363
32865643821566,1,96363
32865643831552,0,96363
32865643834363,1,96363
32865643844251,0,96363
32865643847974,1,96363
32865643857873,0,96363
32865643861465,1,96363
32865643871484,0,96363
32865643875152,1,96363
32865643952585,0,96363
32865643959585,1,96363
32865643970993,0,96363
32865643974662,1,96363
32865643984615,0,96363
32865643988424,1,96363
32865643998399,0,96363
32865644003468,1,96363
32865644013497,0,96363
32865644017307,1,96363
32865644027206,0,96363
32865644031113,1,96363
32865644041131,0,96363
32865644045136,1,96363
32865644055079,0,96363
32865644058270,1,96363
32865644068787,0,96363
32865644071761,1,96363
32865644081606,0,96363
32865644085057,1,96363
32865644094891,0,96363
32865644098321,1,96363
32865644108274,0,96363
32865644119660,1,96363
32865644201727,0,96363
32865644207143,1,96363
32865644217324,0,96363
32865644221676,1,96363
32865644231597,0,96363
32865644235146,1,96363
32865644245067,0,96363
32865644249159,1,96363
32865644259644,0,96363
32865644263291,1,96363
32865644273179,0,96363
32865644276652,1,96363
32865644286507,0,96363
32865644290154,1,96363
32865644300042,0,96363
32865644305100,1,96363
32865644315140,0,96363
32865644318678,1,96363
32865644328556,0,96363
32865644332506,1,96363
32865644342449,0,96363
32865644346519,1,96363
32865644356505,0,96363
32865644360683,1,96363
32865644370821,0,96363
32865644374164,1,96363
32865644384041,0,96363
32865644387959,1,96363
32865644397815,0,96363
32865644401386,1,96363
32865644411241,0,96363
32865644414508,1,96363
32865644494198,0,96363
32865644499907,1,96363
32865644510154,0,96363
32865644514669,1,96363
32865644525143,0,96363
32865644528725,1,96363
32865644538645,0,96363
32865644542574,1,96363
32865644580563,0,96363
32865644586370,1,96363
32865644598299,0,96363
32865644602521,1,96363
32865644612583,0,96363
32865644615947,1,96363
32865644625857,0,96363
32865644629927,1,96363
32865644639924,0,96363
32865644644168,1,96363
32865644654718,0,96363
32865644727852,1,96363
32865644743297,0,96363
32865644747519,1,96363
32865644757548,0,96363
32865644761402,1,96363
32865644771311,0,96363
32865644775034,1,96363
32865644784955,0,96363
32865644788613,1,96363
32865644798490,0,96363
32865644801442,1,96363
32865644811395,0,96363
32865644815487,1,96363
32865644826091,0,96363
32865644829912,1,96363
32865644839887,0,96363
32865644842861,1,96363
32865644852998,0,96363
32865644856439,1,96363
32865644866294,0,96363
32865644871222,1,96363
32865644881230,0,96363
32865644885159,1,96363
32865644895090,0,96363
32865644899345,1,96363
32865644909244,0,96363
32865644913195,1,96363
32865644923104,0,96363
32865644927326,1,96363
32865644937432,0,96363
32865644941914,1,96363
32865645015645,0,96363
32865645022820,1,96363
32865645037494,0,96363
32865645041565,1,96363
32865645051746,0,96363
32865645055696,1,96363
32865645066323,0,96363
32865645070404,1,96363
32865645080389,0,96363
32865645084579,1,96363
32865645094489,0,96363
32865645098070,1,96363
32865645107969,0,96363
32865645111573,1,96363
32865645121439,0,96363
32865645124522,1,96363
32865645134399,0,96363
32865645138632,1,96363
32865645148541,0,96363
32865645152275,1,96363
32865645162174,0,96363
32865645166125,1,96363
32865645176089,0,96363
32865645180474,1,96363
32865645200619,0,96363
32865645260858,1,96363
32865645276521,0,96363
32865645281112,1,96363
32865645291141,0,96363
32865645295190,1,96363
32865645305164,0,96363
32865645308898,1,96363
32865645318808,0,96363
32865645322140,1,96363
32865645332017,0,96363
32865645335393,1,96363
32865645345346,0,96363
32865645350512,1,96363
32865645360487,0,96363
32865645364210,1,96363
32865645374228,0,96363
32865645378114,1,96363
32865645388664,0,96363
32865645392398,1,96363
32865645402384,0,96363
32865645406204,1,96363
32865645416146,0,96363
32865645420130,1,96363
32865645430050,0,96363
32865645433882,1,96363
32865645443770,0,96363
32865645447178,1,96363
32865645457098,0,96363
32865645461277,1,96363
32865645471241,0,96363
32865645474953,1,96363
32865645549943,0,96363
32865645556716,1,96363
32865645571326,0,96363
32865645575472,1,96363
32865645585523,0,96363
32865645590309,1,96363
32865645600903,0,96363
32865645605418,1,96363
32865645615295,0,96363
32865645619181,1,96363
32865645629080,0,96363
32865645671519,1,96363
32865645687040,0,96363
32865645692293,1,96363
32865645702399,0,96363
32865645706751,1,96363
32865645716802,0,96363
32865645719830,1,96363
32865645802331,0,96363
32865645807422,1,96363
32865645817722,0,96363
32865645821684,1,96363
32865645831637,0,96363
32865645834861,1,96363
32865645844824,0,96363
32865645849394,1,96363
32865645859347,0,96363
32865645864872,1,96363
32865645874912,0,96363
32865645882879,1,96363
32865645893353,0,96363
32865645902427,1,96363
32865645914268,0,96363
32865645921616,1,96363
32865645931591,0,96363
32865645935531,1,96363
32865645945712,0,96363
32865645949739,1,96363
32865645959627,0,96363
32865645962796,1,96363
32865645972717,0,96363
32865645975995,1,96363
32865645985926,0,96363
32865645989758,1,96363
32865645999646,0,96363
32865646002609,1,96363
32865646012453,0,96363
32865646016024,1,96363
32865646025934,0,96363
32865646029494,1,96363
32865646039436,0,96363
32865646043268,1,96363
32865646053243,0,96363
32865646067613,1,96363
32865646138446,0,96363
32865646143841,1,96363
32865646154054,0,96363
32865646157213,1,96363
32865646167133,0,96363
32865646172419,1,96363
32865646182448,0,96363
32865646186551,1,96363
32865646196494,0,96363
32865646200130,1,96363
32865646210050,0,96363
32865646213382,1,96363
32865646223259,0,96363
32865646227145,1,96363
32865646237077,0,96363
32865646241885,1,96363
32865646252055,0,96363
32865646256180,1,96363
32865646266860,0,96363
32865646275521,1,96363
32865646285789,0,96363
32865646289849,1,96363
32865646299802,0,96363
32865646304740,1,96363
32865646314769,0,96363
32865646319078,1,96363
32865646329032,0,96363
32865646333199,1,96363
32865646343196,0,96363
32865646346539,1,96363
32865646356470,0,96363
32865646360074,1,96363
32865646370146,0,96363
32865646374282,1,96363
32865646384213,0,96363
32865646387621,1,96363
32865646462405,0,96363
32865646469449,1,96363
32865646484026,0,96363
32865646488151,1,96363
32865646498245,0,96363
32865646503249,1,96363
32865646513929,0,96363
32865646516990,1,96363
32865646526965,0,96363
32865646531187,1,96363
32865646541325,0,96363
32865646545069,1,96363
32865646555033,0,96363
32865646559244,1,96363
32865646569241,0,96363
32865646572465,1,96363
32865646582439,0,96363
32865646586510,1,96363
32865646596452,0,96363
32865646600186,1,96363
32865646609857,0,96363
32865646613210,1,96363
32865646623131,0,96363
32865646626800,1,96363
32865646636850,0,96363
32865646640530,1,96363
32865646650494,0,96363
32865646654456,1,96363
32865646664474,0,96363
32865646668229,1,96363
32865646678215,0,96363
32865646682274,1,96363
32865646692162,0,96363
32865646695950,1,96363
32865646747290,0,96363
32865646810872,1,96363
32865646826969,0,96363
32865646830366,1,96363
32865646840384,0,96363
32865646844411,1,96363
32865646854288,0,96363
32865646858011,1,96363
32865646867953,0,96363
32865646873055,1,96363
32865646883192,0,96363
32865646887491,1,96363
32865646897281,0,96363
32865646901036,1,96363
32865646910914,0,96363
32865646914387,1,96363
32865646924340,0,96363
32865646928497,1,96363
32865646938580,0,96363
32865646942976,1,96363
32865646952875,0,96363
32865646956392,1,96363
32865646966334,0,96363
32865646969710,1,96363
32865646979652,0,96363
32865646983559,1,96363
32865646993523,0,96363
32865647008089,1,96363
32865647079487,0,96363
32865647084566,1,96363
32865647094954,0,96363
32865647099350,1,96363
32865647109194,0,96363
32865647113492,1,96363
32865647123391,0,96363
32865647127494,1,96363
32865647137382,0,96363
32865647141452,1,96363
32865647151340,0,96363
32865647154368,1,96363
32865647164267,0,96363
32865647169358,1,96363
32865647179495,0,96363
32865647184315,1,96363
32865647194365,0,96363
32865647198815,1,96363
32865647208888,0,96363
32865647212991,1,96363
32865647222879,0,96363
32865647226591,1,96363
32865647236457,0,96363
32865647240256,1,96363
32865647250144,0,96363
32865647253856,1,96363
32865647263733,0,96363
32865647267445,1,96363
32865647277463,0,96363
32865647280568,1,96363
32865647300756,0,96363
32865647361365,1,96363
32865647377016,0,96363
32865647381097,1,96363
32865647391050,0,96363
32865647396304,1,96363
32865647406496,0,96363
32865647432502,1,96363
32865647447556,0,96363
32865647452668,1,96363
32865647462904,0,96363
32865647466844,1,96363
32865647477426,0,96363
32865647480856,1,96363
32865647490788,0,96363
32865647493946,1,96363
32865647504105,0,96363
32865647507720,1,96363
32865647517727,0,96363
32865647521602,1,96363
32865647531512,0,96363
32865647546816,1,96363
32865647618962,0,96363
32865647632769,1,96363
32865647643395,0,96363
32865647647975,1,96363
32865647658590,0,96363
32865647662932,1,96363
32865647672863,0,96363
32865647676499,1,96363
32865647686409,0,96363
32865647689415,1,96363
32865647699303,0,96363
32865647702722,1,96363
32865647712762,0,96363
32865647716670,1,96363
32865647726558,0,96363
32865647730834,1,96363
32865647740863,0,96363
32865647744923,1,96363
32865647754811,0,96363
32865647758762,1,96363
32865647768715,0,96363
32865647772318,1,96363
32865647782423,0,96363
32865647786135,1,96363
32865647796338,0,96363
32865647800473,1,96363
32865647810633,0,96363
32865647814117,1,96363
32865647824027,0,96363
32865647828021,1,96363
32865647910023,0,96363
32865647916980,1,96363
32865647927226,0,96363
32865647931524,1,96363
32865647941488,0,96363
32865647945548,1,96363
32865647955512,0,96363
32865647959321,1,96363
32865647969882,0,96363
32865647972846,1,96363
32865647982820,0,96363
32865647987010,1,96363
32865647996920,0,96363
32865648001098,1,96363
32865648011128,0,96363
32865648015285,1,96363
32865648025205,0,96363
32865648029330,1,96363
32865648039424,0,96363
32865648043407,1,96363
32865648053382,0,96363
32865648057387,1,96363
32865648067264,0,96363
32865648070792,1,96363
32865648151893,0,96363
32865648157439,1,96363
32865648167794,0,96363
32865648173297,1,96363
32865648183348,0,96363
32865648186582,1,96363
32865648196503,0,96363
32865648200519,1,96363
32865648210428,0,96363
32865648213576,1,96363
32865648223551,0,96363
32865648228164,1,96363
32865648238822,0,96363
32865648243099,1,96363
32865648252987,0,96363
32865648256992,1,96363
32865648267043,0,96363
32865648270809,1,96363
32865649018866,0,96363
32865649025064,1,96363
32865649035559,0,96363
32865649039532,1,96363
32865649049594,0,96363
32865649055107,1,96363
32865649065234,0,96363
32865649069218,1,96363
32865649079301,0,96363
32865649082807,1,96363
32865649092749,0,96363
32865649097004,1,96363
32865649107000,0,96363
32865649109963,1,96363
32865649119992,0,96363
32865649124226,1,96363
32865649134645,0,96363
32865649138672,1,96363
32865649148940,0,96363
32865649151827,1,96363
32865649161900,0,96363
32865649166144,1,96363
32865649176097,0,96363
32865649179928,1,96363
32865649189914,0,96363
32865649193506,1,96363
32865649203416,0,96363
32865649207172,1,96363
32865649217114,0,96363
32865649220001,1,96363
32865649296305,0,96363
32865649304174,1,96363
32865649319619,0,96363
32865649324633,1,96363
32865649334793,0,96363
32865649339384,1,96363
32865649349370,0,96363
32865649352995,1,96363
32865649362926,0,96363
32865649366410,1,96363
32865649376309,0,96363
32865649379153,1,96363
32865649389171,0,96363
32865649393046,1,96363
32865649402945,0,96363
32865649407091,1,96363
32865649416979,0,96363
32865649420127,1,96363
32865649430015,0,96363
32865649433477,1,96363
32865649443474,0,96363
32865649446535,1,96363
32865649456640,0,96363
32865649460590,1,96363
32865649470511,0,96363
32865649474006,1,96363
32865649483894,0,96363
32865649487910,1,96363
32865649497820,0,96363
32865649501792,1,96363
32865649511756,0,96363
32865649515316,1,96363
32865649593476,0,96363
32865649600140,1,96363
32865649611852,0,96363
32865649615564,1,96363
32865649625669,0,96363
32865649631465,1,96363
32865649641548,0,96363
32865649645032,1,96363
32865649654953,0,96363
32865649658762,1,96363
32865649668802,0,96363
32865649672558,1,96363
32865649683097,0,96363
32865649686777,1,96363
32865649696654,0,96363
32865649700420,1,96363
32865649710362,0,96363
32865649713944,1,96363
32865649723789,0,96363
32865649727512,1,96363
32865649737443,0,96363
32865649741643,1,96363
32865649751640,0,96363
32865649755797,1,96363
32865649765707,0,96363
32865649769191,1,96363
32865649779133,0,96363
32865649783475,1,96363
32865649793406,0,96363
32865649797020,1,96363
32865649806974,0,96363
32865649810403,1,96363
32865649890636,0,96363
32865649895998,1,96363
32865649906331,0,96363
32865649909858,1,96363
32865649919812,0,96363
32865649924023,1,96363
32865649934041,0,96363
32865649939381,1,96363
32865649949389,0,96363
32865649953557,1,96363
32865649963521,0,96363
32865649967873,1,96363
32865649977935,0,96363
32865649982037,1,96363
32865649992056,0,96363
32865649995572,1,96363
32865650005547,0,96363
32865650008934,1,96363
32865650019343,0,96363
32865650025866,1,96363
32865650035808,0,96363
32865650039498,1,96363
32865650050700,0,96363
32865650058623,1,96363
32865650068544,0,96363
32865650072115,1,96363
32865650082035,0,96363
32865650085476,1,96363
32865650095364,0,96363
32865650099369,1,96363
32865650109398,0,96363
32865650113295,1,96363
32865650123194,0,96363
32865650126678,1,96363
32865650136566,0,96363
32865650139616,1,96363
32865650219555,0,96363
32865650224895,1,96363
32865650235641,0,96363
32865650240004,1,96363
32865650249946,0,96363
32865650253344,1,96363
32865650263308,0,96363
32865650268290,1,96363
32865650278384,0,96363
32865650282769,1,96363
32865650293330,0,96363
32865650297595,1,96363
32865650307538,0,96363
32865650310685,1,96363
32865650320584,0,96363
32865650323960,1,96363
32865650333826,0,96363
32865650337690,1,96363
32865650347643,0,96363
32865650351084,1,96363
32865650361221,0,96363
32865650364510,1,96363
32865650374626,0,96363
32865650378479,1,96363
32865650388356,0,96363
32865650391352,1,96363
32865650401359,0,96363
32865650405538,1,96363
32865650415567,0,96363
32865650419605,1,96363
32865650439663,0,96363
32865650500131,1,96363
32865650515956,0,96363
32865650519972,1,96363
32865650530533,0,96363
32865650534375,1,96363
32865650544339,0,96363
32865650549798,1,96363
32865650559838,0,96363
32865650563377,1,96363
32865650606304,0,96363
32865650613262,1,96363
32865650624745,0,96363
32865650628240,1,96363
32865650638161,0,96363
32865650641558,1,96363
32865650651641,0,96363
32865650656363,1,96363
32865650666978,0,96363
32865650669952,1,96363
32865650680025,0,96363
32865650684149,1,96363
32865650694222,0,96363
32865650697337,1,96363
32865650707192,0,96363
32865650710220,1,96363
32865650720141,0,96363
32865650723734,1,96363
32865650733632,0,96363
32865650737486,1,96363
32865650747374,0,96363
32865650751270,1,96363
32865650849444,0,96363
32865650928776,1,96363
32865650972149,0,96363
32865650978780,1,96363
32865650988896,0,96363
32865650992652,1,96363
32865651002637,0,96363
32865651006371,1,96363
32865651016259,0,96363
32865651020742,1,96363
32865651030793,0,96363
32865651034765,1,96363
32865651044827,0,96363
32865651048550,1,96363
32865651058644,0,96363
32865651061705,1,96363
32865651071658,0,96363
32865651074513,1,96363
32865651084325,0,96363
32865651087787,1,96363
32865651097621,0,96363
32865651100519,1,96363
32865651110461,0,96363
32865651114520,1,96363
32865651124484,0,96363
32865651128120,1,96363
32865651137987,0,96363
32865651141341,1,96363
32865651151218,0,96363
32865651155179,1,96363
32865651165165,0,96363
32865651170353,1,96363
32865651250977,0,96363
32865651256458,1,96363
32865651266650,0,96363
32865651270970,1,96363
32865651280858,0,96363
32865651283929,1,96363
32865651293850,0,96363
32865651297898,1,96363
32865651307862,0,96363
32865651312085,1,96363
32865651322396,0,96363
32865651325989,1,96363
32865651335855,0,96363
32865651340913,1,96363
32865651350964,0,96363
32865651354849,1,96363
32865651364737,0,96363
32865651368189,1,96363
32865651378098,0,96363
32865651381713,1,96363
32865651391525,0,96363
32865651394607,1,96363
32865651404582,0,96363
32865651408392,1,96363
32865651418454,0,96363
32865651421699,1,96363
32865651431543,0,96363
32865651435755,1,96363
32865651445719,0,96363
32865651449507,1,96363
32865651459406,0,96363
32865651462868,1,96363
32865651543198,0,96363
32865651550069,1,96363
32865651560956,0,96363
32865651565004,1,96363
32865651574881,0,96363
32865651577920,1,96363
32865651587830,0,96363
32865651592193,1,96363
32865651602081,0,96363
32865651605392,1,96363
32865651615269,0,96363
32865651618742,1,96363
32865651628750,0,96363
32865651632972,1,96363
32865651643109,0,96363
32865651646452,1,96363
32865651656405,0,96363
32865651659455,1,96363
32865651669343,0,96363
32865651673424,1,96363
32865651683302,0,96363
32865651687339,1,96363
32865651697249,0,96363
32865651702567,1,96363
32865651712727,0,96363
32865651716645,1,96363
32865651726609,0,96363
32865651730321,1,96363
32865651740198,0,96363
32865651744464,1,96363
32865651819139,0,96363
32865651825934,1,96363
32865651840739,0,96363
32865651844538,1,96363
32865651854512,0,96363
32865651858159,1,96363
32865651868655,0,96363
32865651871770,1,96363
32865651881571,0,96363
32865651885088,1,96363
32865651895019,0,96363
32865651898514,1,96363
32865651908533,0,96363
32865651912853,1,96363
32865651922762,0,96363
32865651927636,1,96363
32865651937784,0,96363
32865651941333,1,96363
32865651951189,0,96363
32865651954912,1,96363
32865651964789,0,96363
32865651968957,1,96363
32865651978866,0,96363
32865651982535,1,96363
32865651992412,0,96363
32865651995701,1,96363
32865652005665,0,96363
32865652009681,1,96363
32865652019753,0,96363
32865652023759,1,96363
32865652033798,0,96363
32865652037706,1,96363
32865652118785,0,96363
32865652123930,1,96363
32865652134317,0,96363
32865652137921,1,96363
32865652147787,0,96363
32865652151456,1,96363
32865652161344,0,96363
32865652165327,1,96363
32865652175291,0,96363
32865652179470,1,96363
32865652189336,0,96363
32865652192842,1,96363
32865652202817,0,96363
32865652206865,1,96363
32865652216981,0,96363
32865652220313,1,96363
32865652230440,0,96363
32865652233848,1,96363
32865652243758,0,96363
32865652247275,1,96363
32865652257184,0,96363
32865652260592,1,96363
32865652270502,0,96363
32865652275430,1,96363
32865652285448,0,96363
32865652289345,1,96363
32865652299276,0,96363
32865652303303,1,96363
32865652313278,0,96363
32865652317153,1,96363
32865652327203,0,96363
32865652330666,1,96363
32865652409976,0,96363
32865652415262,1,96363
32865652425443,0,96363
32865652430685,1,96363
32865652440703,0,96363
32865652444415,1,96363
32865652454379,0,96363
32865652458287,1,96363
32865652468164,0,96363
32865652471941,1,96363
32865652481797,0,96363
32865652485704,1,96363
32865652495668,0,96363
32865652499858,1,96363
32865652510451,0,96363
32865652514152,1,96363
32865652524160,0,96363
32865652536175,1,96363
32865652546649,0,96363
32865652550285,1,96363
32865652560227,0,96363
32865652564395,1,96363
32865652574348,0,96363
32865652578582,1,96363
32865652588524,0,96363
32865652592605,1,96363
32865652602547,0,96363
32865652606541,1,96363
32865652616440,0,96363
32865652619816,1,96363
32865652701166,0,96363
32865652706127,1,96363
32865652716916,0,96363
32865652720074,1,96363
32865652730016,0,96363
32865652733989,1,96363
32865652743909,0,96363
32865652747220,1,96363
32865652757130,0,96363
32865652760603,1,96363
32865652770469,0,96363
32865652773378,1,96363
32865652783244,0,96363
32865652787217,1,96363
32865652797268,0,96363
32865652803096,1,96363
32865652813201,0,96363
32865652816935,1,96363
32865652826834,0,96363
32865652829862,1,96363
32865652839783,0,96363
32865652843223,1,96363
32865652853274,0,96363
32865652857399,1,96363
32865652867341,0,96363
32865652870489,1,96363
32865652880398,0,96363
32865652885022,1,96363
32865652894943,0,96363
32865652903170,1,96363
32865652913069,0,96363
32865652916130,1,96363
32865652926028,0,96363
32865652936676,1,96363
32865652946662,0,96363
32865652950754,1,96363
32865652960739,0,96363
32865652964517,1,96363
32865653024702,0,96363
32865653107800,1,96363
32865653123712,0,96363
32865653127413,1,96363
32865653137518,0,96363
32865653143086,1,96363
32865653153224,0,96363
32865653156458,1,96363
32865653166314,0,96363
32865653169722,1,96363
32865653179567,0,96363
32865653183333,1,96363
32865653193221,0,96363
32865653197259,1,96363
32865653207212,0,96363
32865653211097,1,96363
32865653221669,0,96363
32865653225099,1,96363
32865653234922,0,96363
32865653238775,1,96363
32865653248641,0,96363
32865653251908,1,96363
32865653261786,0,96363
32865653265758,1,96363
32865653275613,0,96363
32865653278631,1,96363
32865653288475,0,96363
32865653292285,1,96363
32865653302206,0,96363
32865653306287,1,96363
32865653316175,0,96363
32865653319246,1,96363
32865653330307,0,96363
32865653336526,1,96363
32865653346631,0,96363
32865653354153,1,96363
32865653364963,0,96363
32865653368448,1,96363
32865653444002,0,96363
32865653450970,1,96363
32865653465873,0,96363
32865653470128,1,96363
32865653480743,0,96363
32865653497599,1,96363
32865653509484,0,96363
32865653519861,1,96363
32865653530009,0,96363
32865653533841,1,96363
32865653543794,0,96363
32865653547734,1,96363
32865653558208,0,96363
32865653561573,1,96363
32865653571439,0,96363
32865653575042,1,96363
32865653584974,0,96363
32865653588642,1,96363
32865653598476,0,96363
32865653601917,1,96363
32865653611794,0,96363
32865653615690,1,96363
32865653625633,0,96363
32865653629714,1,96363
32865653639667,0,96363
32865653643965,1,96363
32865653653821,0,96363
32865653657098,1,96363
32865653667030,0,96363
32865653670351,1,96363
32865653680413,0,96363
32865653683582,1,96363
32865653693438,0,96363
32865653696488,1,96363
32865653706397,0,96363
32865653709729,1,96363
32865653719682,0,96363
32865653723742,1,96363
32865653733706,0,96363
32865653738058,1,96363
32865653748033,0,96363
32865653751962,1,96363
32865653761883,0,96363
32865653765996,1,96363
32865653776036,0,96363
32865653779759,1,96363
32865653789799,0,96363
32865653792762,1,96363
32865653802705,0,96363
32865653806471,1,96363
32865653816348,0,96363
32865653820190,1,96363
32865653830078,0,96363
32865653834246,1,96363
32865653909475,0,96363
32865653916009,1,96363
32865653931161,0,96363
32865653934722,1,96363
32865653944848,0,96363
32865653949103,1,96363
32865653959002,0,96363
32865653962909,1,96363
32865653972797,0,96363
32865653976119,1,96363
32865653986083,0,96363
32865653989252,1,96363
32865653999303,0,96363
32865654003047,1,96363
32865654012968,0,96363
32865654016734,1,96363
32865654026611,0,96363
32865654030269,1,96363
32865654040157,0,96363
32865654043207,1,96363
32865654053084,0,96363
32865654056373,1,96363
32865654066294,0,96363
32865654071178,1,96363
32865654081294,0,96363
32865654085266,1,96363
32865654095317,0,96363
32865654098345,1,96363
32865654108277,0,96363
32865654112694,1,96363
32865654122799,0,96363
32865654127098,1,96363
32865654137094,0,96363
32865654140546,1,96363
32865654150499,0,96363
32865654155025,1,96363
32865654236061,0,96363
32865654240988,1,96363
32865654251169,0,96363
32865654255088,1,96363
32865654265193,0,96363
32865654270305,1,96363
32865654280942,0,96363
32865654284014,1,96363
32865654293902,0,96363
32865654297679,1,96363
32865654307469,0,96363
32865654312169,1,96363
32865654322144,0,96363
32865654325584,1,96363
32865654335494,0,96363
32865654339597,1,96363
32865654349593,0,96363
32865654353664,1,96363
32865654363769,0,96363
32865654367568,1,96363
32865654377412,0,96363
32865654380668,1,96363
32865654390535,0,96363
32865654393802,1,96363
32865654403679,0,96363
32865654407727,1,96363
32865654417604,0,96363
32865654421034,1,96363
32865654431009,0,96363
32865654434439,1,96363
32865654444294,0,96363
32865654447746,1,96363
32865654529064,0,96363
32865654534632,1,96363
32865654544759,0,96363
32865654548221,1,96363
32865654558250,0,96363
32865654562342,1,96363
32865654572860,0,96363
32865654577288,1,96363
32865654587165,0,96363
32865654590932,1,96363
32865654600841,0,96363
32865654604401,1,96363
32865654614268,0,96363
32865654618002,1,96363
32865654627955,0,96363
32865654632589,1,96363
32865654642564,0,96363
32865654646330,1,96363
32865654656305,0,96363
32865654660278,1,96363
32865654670318,0,96363
32865654673791,1,96363
32865654683690,0,96363
32865654687022,1,96363
32865654696888,0,96363
32865654700731,1,96363
32865654710651,0,96363
32865654714428,1,96363
32865654724490,0,96363
32865654727442,1,96363
32865654737352,0,96363
32865654770782,1,96363
32865654842939,0,96363
32865654849039,1,96363
32865654859112,0,96363
32865654864398,1,96363
32865654874492,0,96363
32865654877607,1,96363
32865654887506,0,96363
32865654891696,1,96363
32865654901605,0,96363
32865654905024,1,96363
32865654914934,0,96363
32865654919395,1,96363
32865654929272,0,96363
32865654933451,1,96363
32865654943545,0,96363
32865654947572,1,96363
32865654958035,0,96363
32865654961693,1,96363
32865654971570,0,96363
32865654975369,1,96363
32865654985289,0,96363
32865654989002,1,96363
32865654998868,0,96363
32865655002612,1,96363
32865655012533,0,96363
32865655016278,1,96363
32865655026209,0,96363
32865655030149,1,96363
32865655290058,0,96363
32865655296104,1,96363
32865655306643,0,96363
32865655310822,1,96363
32865656059400,3,96363




