32870701979223,2,96403
32870702159974,2,96404
32870702314904,2,96405
32870702431996,2,96406
32870702583040,2,96407
32870707025912,0,96404
32870707089820,1,96404
32870707105754,0,96404
32870707108630,1,96404
32870707118855,0,96404
32870707121655,1,96404
32870707131858,0,96404
32870707141029,1,96404
32870707151395,0,96404
32870707154152,1,96404
32870707164930,0,96404
32870707167839,1,96404
32870707177900,0,96404
32870707181482,1,96404
32870707191414,0,96404
32870707193921,1,96404
32870707203885,0,96404
32870707206935,1,96404
32870707217235,0,96404
32870707220144,1,96404
32870707230260,0,96404
32870707232919,1,96404
32870707242840,0,96404
32870707245629,1,96404
32870707255582,0,96404
32870707258166,1,96404
32870707268108,0,96404
32870707270843,1,96404
32870707280709,0,96404
32870707283759,1,96404
32870707293647,0,96404
32870707296339,1,96404
32870707306249,0,96404
32870707309027,1,96404
32870707318894,0,96404
32870707321629,1,96404
32870707331842,0,96404
32870707334426,1,96404
32870707344390,0,96404
32870707347320,1,96404
32870707357208,0,96404
32870707359954,1,96404
32870707369821,0,96404
32870707372610,1,96404
32870707382520,0,96404
32870707385363,1,96404
32870707395403,0,96404
32870707398475,1,96404
32870707408537,0,96404
32870707411565,1,96404
32870707421431,0,96404
32870707424199,1,96404
32870707434033,0,96404
32870707639238,1,96404
32870707700628,0,96404
32870707705361,1,96404
32870707762301,0,96404
32870707767109,1,96404
32870707777865,0,96405
32870707786548,1,96405
32870707851705,0,96405
32870707856925,1,96405
32870707869049,0,96403
32870707877450,1,96403
32870707943518,0,96403
32870707948544,1,96403
32870708006645,0,96403
32870708019008,1,96403
32870708077077,0,96403
32870708082493,1,96403
32870708097256,0,96405
32870708112354,1,96405
32870708160252,0,96405
32870708164941,1,96405
32870708175817,0,96405
32870708178867,1,96405
32870708188907,0,96405
32870708191946,1,96405
32870708201932,0,96405
32870708204406,1,96405
32870708214359,0,96405
32870708218180,1,96405
32870708228415,0,96405
32870708231433,1,96405
32870708241896,0,96405
32870708244631,1,96405
32870708254541,0,96405
32870708257851,1,96405
32870708266848,0,96407
32870708274098,1,96407
32870708342011,0,96407
32870708347113,1,96407
32870708404324,0,96407
32870708409458,1,96407
32870708419650,0,96403
32870708428051,1,96403
32870708449260,0,96403
32870708452625,1,96403
32870708463055,0,96403
32870708466757,1,96403
32870708476234,0,96404
32870708483158,1,96404
32870708503911,0,96404
32870708507124,1,96404
32870708517891,0,96404
32870708521028,1,96404
32870708531024,0,96404
32870708534422,1,96404
32870708542875,0,96406
32870708550028,1,96406
32870708600499,0,96403
32870708607392,1,96403
32870708618582,0,96407
32870708623933,1,96407
32870708681611,0,96407
32870708686680,1,96407
32870708756179,0,96404
32870708762931,1,96404
32870708784346,0,96404
32870708787699,1,96404
32870708797761,0,96404
32870708801289,1,96404
32870708811946,0,96407
32870708818545,1,96407
32870708881357,0,96407
32870708886936,1,96407
32870708943290,0,96407
32870708948641,1,96407
32870708963056,0,96404
32870708969818,1,96404
32870709034139,0,96404
32870709039729,1,96404
32870709097331,0,96404
32870709102118,1,96404
32870709112385,0,96404
32870709116206,1,96404
32870709126528,0,96404
32870709130436,1,96404
32870709140931,0,96404
32870709143678,1,96404
32870709154758,0,96403
32870709162171,1,96403
32870709225504,0,96403
32870709231192,1,96403
32870709288012,0,96403
32870709293385,1,96403
32870709303816,0,96403
32870709307539,1,96403
32870709363567,0,96403
32870709368614,1,96403
32870709377809,0,96405
32870709384126,1,96405
32870709447274,0,96405
32870709452680,1,96405
32870709463067,0,96405
32870709467029,1,96405
32870709477068,0,96405
32870709480444,1,96405
32870709490451,0,96405
32870709493914,1,96405
32870709504343,0,96404
32870709511279,1,96404
32870709572995,0,96404
32870709577781,1,96404
32870709632865,0,96404
32870709637587,1,96404
32870709647833,0,96404
32870709651925,1,96404
32870709708203,0,96404
32870709713727,1,96404
32870709725125,0,96403
32870709732365,1,96403
32870709754399,0,96403
32870709757752,1,96403
32870709767879,0,96403
32870709771179,1,96403
32870709781121,0,96403
32870709784453,1,96403
32870709794406,0,96403
32870709798021,1,96403
32870709808028,0,96403
32870709811415,1,96403
32870709822073,0,96403
32870709825449,1,96403
32870709835358,0,96403
32870709838549,1,96403
32870709848513,0,96403
32870709851346,1,96403
32870709861256,0,96403
32870709864566,1,96403
32870709874596,0,96403
32870709877461,1,96403
32870709887392,0,96403
32870709890605,1,96403
32870709900537,0,96403
32870709903489,1,96403
32870709913355,0,96403
32870709916155,1,96403
32870709926033,0,96403
32870709929104,1,96403
32870709939155,0,96403
32870709942487,1,96403
32870709952625,0,96403
32870709955838,1,96403
32870709965758,0,96403
32870709969036,1,96403
32870709978978,0,96403
32870709982017,1,96403
32870709992003,0,96403
32870709994717,1,96403
32870710004605,0,96403
32870710007774,1,96403
32870710017727,0,96403
32870710020907,1,96403
32870710030774,0,96403
32870710034095,1,96403
32870710044015,0,96403
32870710046903,1,96403
32870710056997,0,96403
32870710060134,1,96403
32870710070043,0,96403
32870710073625,1,96403
32870710083622,0,96403
32870710086682,1,96403
32870710096570,0,96403
32870710099707,1,96403
32870710109704,0,96403
32870710113036,1,96403
32870710122989,0,96403
32870710126039,1,96403
32870710135927,0,96403
32870710139270,1,96403
32870710149266,0,96403
32870710152197,1,96403
32870710162248,0,96403
32870710165471,1,96403
32870710175381,0,96403
32870710178670,1,96403
32870710188666,0,96403
32870710191640,1,96403
32870710201539,0,96403
32870710204426,1,96403
32870710214347,0,96403
32870710217549,1,96403
32870710227502,0,96403
32870710230465,1,96403
32870710240375,0,96403
32870710243479,1,96403
32870710253432,0,96403
32870710256493,1,96403
32870710266468,0,96403
32870710269659,1,96403
32870710279623,0,96403
32870710282608,1,96403
32870710292572,0,96403
32870710295524,1,96403
32870710305466,0,96403
32870710308625,1,96403
32870710318654,0,96403
32870710328683,1,96403
32870710339331,0,96403
32870710342804,1,96403
32870710352746,0,96403
32870710355666,1,96403
32870710365554,0,96403
32870710368864,1,96403
32870710378796,0,96403
32870710381976,1,96403
32870710391896,0,96403
32870710394990,1,96403
32870710404889,0,96403
32870710407797,1,96403
32870710417740,0,96403
32870710421224,1,96403
32870710431242,0,96403
32870710434249,1,96403
32870710444278,0,96403
32870710447556,1,96403
32870710457520,0,96403
32870710460689,1,96403
32870710470577,0,96403
32870710473953,1,96403
32870710483851,0,96403
32870710487433,1,96403
32870710497365,0,96403
32870710500697,1,96403
32870710510682,0,96403
32870710514199,1,96403
32870710524250,0,96403
32870710527734,1,96403
32870710664559,0,96403
32870710669899,1,96403
32870710686146,0,96407
32870710694515,1,96407
32870710758347,0,96407
32870710763785,1,96407
32870710790833,0,96407
32870710795229,1,96407
32870710827400,0,96404
32870710835595,1,96404
32870710856901,0,96404
32870710860451,1,96404
32870710870762,0,96404
32870710874691,1,96404
32870710882082,0,96407
32870710888888,1,96407
32870710940500,0,96405
32870710948011,1,96405
32870710963455,0,96403
32870710970141,1,96403
32870710990232,0,96403
32870710994497,1,96403
32870711004950,0,96403
32870711008738,1,96403
32870711020288,0,96406
32870711026106,1,96406
32870711082210,0,96406
32870711086942,1,96406
32870711097047,0,96406
32870711100520,1,96406
32870711155138,0,96406
32870711159924,1,96406
32870711168346,0,96403
32870711174760,1,96403
32870711194753,0,96403
32870711199008,1,96403
32870711208876,0,96405
32870711213858,1,96405
32870711281097,0,96404
32870711289671,1,96404
32870711333599,0,96405
32870711339352,1,96405
32870711350683,0,96405
32870711354764,1,96405
32870711368536,0,96404
32870711375385,1,96404
32870711432466,0,96404
32870711438848,1,96404
32870711509226,0,96407
32870711515641,1,96407
32870711535851,0,96407
32870711538901,1,96407
32870711549038,0,96407
32870711553043,1,96407
32870711563398,0,96407
32870711566709,1,96407
32870711617745,0,96405
32870711624301,1,96405
32870711638692,0,96406
32870711644846,1,96406
32870711666250,0,96406
32870711669311,1,96406
32870711679709,0,96406
32870711682705,1,96406
32870711701363,0,96407
32870711708418,1,96407
32870711768506,0,96407
32870711774302,1,96407
32870711815645,0,96407
32870711820779,1,96407
32870711831231,0,96407
32870711834921,1,96407
32870711844972,0,96407
32870711848521,1,96407
32870711858420,0,96407
32870711862111,1,96407
32870711917531,0,96407
32870711922991,1,96407
32870711932791,0,96404
32870711940042,1,96404
32870712001280,0,96404
32870712006642,1,96404
32870712075098,0,96404
32870712137682,1,96404
32870712198313,0,96404
32870712203837,1,96404
32870712259996,0,96404
32870712265444,1,96404
32870712274606,0,96403
32870712282268,1,96403
32870712343886,0,96403
32870712348944,1,96403
32870712405060,0,96403
32870712410031,1,96403
32870712419573,0,96406
32870712428484,1,96406
32870712491242,0,96406
32870712495735,1,96406
32870712558753,0,96406
32870712564028,1,96406
32870712621500,0,96406
32870712626439,1,96406
32870712636304,0,96405
32870712642860,1,96405
32870712705226,0,96405
32870712710740,1,96405
32870712768820,0,96405
32870712774236,1,96405
32870712829765,0,96405
32870712834856,1,96405
32870712845330,0,96405
32870712849009,1,96405
32870712904006,0,96405
32870712909271,1,96405
32870712919637,0,96406
32870712926942,1,96406
32870712989385,0,96406
32870712994823,1,96406
32870713050862,0,96406
32870713056539,1,96406
32870713064396,0,96407
32870713071700,1,96407
32870713133112,0,96407
32870713137714,1,96407
32870713151065,0,96404
32870713159553,1,96404
32870713233360,0,96405
32870713239677,1,96405
32870713260983,0,96405
32870713265379,1,96405
32870713276341,0,96405
32870713280249,1,96405
32870713289160,0,96404
32870713302293,1,96404
32870713361958,0,96404
32870713367461,1,96404
32870713375862,0,96406
32870713382580,1,96406
32870713403431,0,96406
32870713406915,1,96406
32870713416987,0,96406
32870713420265,1,96406
32870713427429,0,96404
32870713433822,1,96404
32870713442169,0,96403
32870713446988,1,96403
32870713460490,0,96403
32870713463670,1,96403
32870713473667,0,96403
32870713476641,1,96403
32870713486681,0,96403
32870713490491,1,96403
32870713506413,0,96407
32870713515020,1,96407
32870713578310,0,96407
32870713583715,1,96407
32870713594005,0,96407
32870713598509,1,96407
32870713608896,0,96407
32870713612967,1,96407
32870713622974,0,96407
32870713626502,1,96407
32870713636444,0,96407
32870713639657,1,96407
32870713650283,0,96404
32870713658304,1,96404
32870713722125,0,96404
32870713727466,1,96404
32870713739296,0,96405
32870713748837,1,96405
32870713813364,0,96405
32870713818617,1,96405
32870713875904,0,96405
32870713881386,1,96405
32870713890069,0,96407
32870713898828,1,96407
32870713961662,0,96407
32870713966839,1,96407
32870714022531,0,96407
32870714027980,1,96407
32870714040429,0,96404
32870714048374,1,96404
32870714111143,0,96404
32870714117525,1,96404
32870714174606,0,96404
32870714179338,1,96404
32870714191875,0,96405
32870714200656,1,96405
32870714262611,0,96405
32870714269166,1,96405
32870714286435,0,96407
32870714295433,1,96407
32870714317716,0,96407
32870714322155,1,96407
32870714332314,0,96407
32870714336374,1,96407
32870714346479,0,96407
32870714350636,1,96407
32870714360589,0,96407
32870714364106,1,96407
32870714374081,0,96407
32870714377033,1,96407
32870714386921,0,96407
32870714390307,1,96407
32870714400326,0,96407
32870714403137,1,96407
32870714413057,0,96407
32870714415847,1,96407
32870714425778,0,96407
32870714428470,1,96407
32870714438477,0,96407
32870714441115,1,96407
32870714451035,0,96407
32870714454444,1,96407
32870714464364,0,96407
32870714467740,1,96407
32870714477693,0,96407
32870714481133,1,96407
32870714491032,0,96407
32870714494332,1,96407
32870714504252,0,96407
32870714507737,1,96407
32870714517711,0,96407
32870714520946,1,96407
32870714530986,0,96407
32870714534709,1,96407
32870714544608,0,96407
32870714547809,1,96407
32870714557719,0,96407
32870714560954,1,96407
32870714570918,0,96407
32870714574380,1,96407
32870714584301,0,96407
32870714587209,1,96407
32870714597054,0,96407
32870714600006,1,96407
32870714609905,0,96407
32870714613324,1,96407
32870714623288,0,96407
32870714626566,1,96407
32870714636432,0,96407
32870714639754,1,96407
32870714649674,0,96407
32870714653451,1,96407
32870714663394,0,96407
32870714666520,1,96407
32870714676549,0,96407
32870714680022,1,96407
32870714690876,0,96407
32870714693459,1,96407
32870714703401,0,96407
32870714707124,1,96407
32870714717164,0,96407
32870714720865,1,96407
32870714730764,0,96407
32870714733706,1,96407
32870714743496,0,96407
32870714746622,1,96407
32870714756564,0,96407
32870714759853,1,96407
32870714770001,0,96407
32870714773572,1,96407
32870714783482,0,96407
32870714786825,1,96407
32870714796800,0,96407
32870714799904,1,96407
32870714809836,0,96407
32870714825302,1,96407
32870714835668,0,96407
32870714878302,1,96407
32870714894898,0,96407
32870714899479,1,96407
32870714909692,0,96407
32870714913393,1,96407
32870714923911,0,96407
32870714927482,1,96407
32870714937424,0,96407
32870714941777,1,96407
32870714951849,0,96407
32870714955333,1,96407
32870714965297,0,96407
32870714969281,1,96407
32870714979407,0,96407
32870714982881,1,96407
32870714992855,0,96407
32870714996318,1,96407
32870715006195,0,96407
32870715009625,1,96407
32870715019524,0,96407
32870715022574,1,96407
32870715032505,0,96407
32870715035685,1,96407
32870715045584,0,96407
32870715048862,1,96407
32870715058761,0,96407
32870715061919,1,96407
32870715071927,0,96407
32870715075563,1,96407
32870715085679,0,96407
32870715089434,1,96407
32870715099311,0,96407
32870715102502,1,96407
32870715112423,0,96407
32870715115853,1,96407
32870715125762,0,96407
32870715129040,1,96407
32870715138983,0,96407
32870715142152,1,96407
32870715152257,0,96407
32870715155698,1,96407
32870715165749,0,96407
32870715169113,1,96407
32870715179088,0,96407
32870715182409,1,96407
32870715192287,0,96407
32870715195434,1,96407
32870715205322,0,96407
32870715208361,1,96407
32870715218271,0,96407
32870715221614,1,96407
32870715231556,0,96407
32870715234747,1,96407
32870715244711,0,96407
32870715247989,1,96407
32870715257921,0,96407
32870715261253,1,96407
32870715271141,0,96407
32870715274484,1,96407
32870715284697,0,96407
32870715287845,1,96407
32870715297820,0,96407
32870715300967,1,96407
32870715310964,0,96407
32870715314209,1,96407
32870715324173,0,96407
32870715327267,1,96407
32870715337242,0,96407
32870715340943,1,96407
32870715350863,0,96407
32870715353685,1,96407
32870715363595,0,96407
32870715366916,1,96407
32870715376804,0,96407
32870715379453,1,96407
32870715389330,0,96407
32870715392488,1,96407
32870715402431,0,96407
32870715405958,1,96407
32870715416009,0,96407
32870715419667,1,96407
32870715429761,0,96407
32870715433147,1,96407
32870715443155,0,96407
32870715446465,1,96407
32870715456375,0,96407
32870715459913,1,96407
32870715469823,0,96407
32870715472960,1,96407
32870715482913,0,96407
32870715486310,1,96407
32870715496220,0,96407
32870715499595,1,96407
32870715509516,0,96407
32870715512501,1,96407
32870715522465,0,96407
32870715525938,1,96407
32870715536000,0,96407
32870715539440,1,96407
32870715549383,0,96407
32870715552606,1,96407
32870715562527,0,96407
32870715565696,1,96407
32870715575584,0,96407
32870715579047,1,96407
32870715588989,0,96407
32870715592202,1,96407
32870715602046,0,96407
32870715605346,1,96407
32870715615266,0,96407
32870715618512,1,96407
32870715628443,0,96407
32870715631840,1,96407
32870715641783,0,96407
32870715644995,1,96407
32870715654959,0,96407
32870715658292,1,96407
32870715668201,0,96407
32870715671392,1,96407
32870715681378,0,96407
32870715684873,1,96407
32870715694761,0,96407
32870715698093,1,96407
32870715707981,0,96407
32870715711064,1,96407
32870715720908,0,96407
32870715724468,1,96407
32870715734335,0,96407
32870715737667,1,96407
32870715747576,0,96407
32870715750616,1,96407
32870715760558,0,96407
32870715763836,1,96407
32870715773810,0,96407
32870715783253,1,96407
32870715793597,0,96407
32870715797168,1,96407
32870715807143,0,96407
32870715810421,1,96407
32870715820320,0,96407
32870715823489,1,96407
32870715833431,0,96407
32870715837013,1,96407
32870715846890,0,96407
32870715849984,1,96407
32870715859893,0,96407
32870715863475,1,96407
32870715873493,0,96407
32870715876207,1,96407
32870715886128,0,96407
32870715889253,1,96407
32870715899163,0,96407
32870715902550,1,96407
32870715912492,0,96407
32870715916085,1,96407
32870715925983,0,96407
32870715929522,1,96407
32870715939464,0,96407
32870715943024,1,96407
32870715952912,0,96407
32870715956407,1,96407
32870715966404,0,96407
32870715969801,1,96407
32870715979721,0,96407
32870715983271,1,96407
32870715993300,0,96407
32870715996816,1,96407
32870716006824,0,96407
32870716010178,1,96407
32870716020098,0,96407
32870716023224,1,96407
32870716033134,0,96407
32870716036651,1,96407
32870716046560,0,96407
32870716050023,1,96407
32870716059965,0,96407
32870716062678,1,96407
32870716072566,0,96407
32870716075975,1,96407
32870716085906,0,96407
32870716088609,1,96407
32870716098529,0,96407
32870716101992,1,96407
32870716111977,0,96407
32870716115472,1,96407
32870716125599,0,96407
32870716162839,1,96407
32870716178632,0,96407
32870716182951,1,96407
32870716193002,0,96407
32870716196769,1,96407
32870716206667,0,96407
32870716210054,1,96407
32870716219931,0,96407
32870716223469,1,96407
32870716233357,0,96407
32870716236733,1,96407
32870716246588,0,96407
32870716250496,1,96407
32870716260416,0,96407
32870716264183,1,96407
32870716274157,0,96407
32870716277175,1,96407
32870716287399,0,96407
32870716291068,1,96407
32870716301162,0,96407
32870716304321,1,96407
32870716314230,0,96407
32870716317845,1,96407
32870716327722,0,96407
32870716331488,1,96407
32870716341376,0,96407
32870716344795,1,96407
32870716354705,0,96407
32870716357918,1,96407
32870716367903,0,96407
32870716371615,1,96407
32870716381699,0,96407
32870716384955,1,96407
32870716395114,0,96407
32870716398620,1,96407
32870716408530,0,96407
32870716411862,1,96407
32870716421739,0,96407
32870716425375,1,96407
32870716435220,0,96407
32870716438563,1,96407
32870716448494,0,96407
32870716451707,1,96407
32870716461682,0,96407
32870716465274,1,96407
32870716475152,0,96407
32870716478310,1,96407
32870716488252,0,96407
32870716491878,1,96407
32870716501852,0,96407
32870716505130,1,96407
32870716515214,0,96407
32870716518698,1,96407
32870716528835,0,96407
32870716531940,1,96407
32870716541925,0,96407
32870716545236,1,96407
32870716555189,0,96407
32870716558076,1,96407
32870716568083,0,96407
32870716571296,1,96407
32870716581217,0,96407
32870716584527,1,96407
32870716594589,0,96407
32870716598377,1,96407
32870716608330,0,96407
32870716611640,1,96407
32870716621539,0,96407
32870716625197,1,96407
32870716635074,0,96407
32870716638244,1,96407
32870716648273,0,96407
32870716651952,1,96407
32870716661862,0,96407
32870716665183,1,96407
32870716675234,0,96407
32870716678436,1,96407
32870716688346,0,96407
32870716691841,1,96407
32870716701728,0,96407
32870716705223,1,96407
32870716715122,0,96407
32870716724674,1,96407
32870716735039,0,96407
32870716738448,1,96407
32870716748466,0,96407
32870716751657,1,96407
32870716761642,0,96407
32870716765398,1,96407
32870716775427,0,96407
32870716778803,1,96407
32870716788745,0,96407
32870716792164,1,96407
32870716802128,0,96407
32870716805569,1,96407
32870716815619,0,96407
32870716818952,1,96407
32870716828872,0,96407
32870716832443,1,96407
32870716842353,0,96407
32870716845696,1,96407
32870716855681,0,96407
32870716859980,1,96407
32870716869998,0,96407
32870716873569,1,96407
32870716883511,0,96407
32870716886865,1,96407
32870716896851,0,96407
32870716900096,1,96407
32870716910103,0,96407
32870716913175,1,96407
32870716923226,0,96407
32870716926070,1,96407
32870716935957,0,96407
32870716939301,1,96407
32870716949264,0,96407
32870716952532,1,96407
32870716962452,0,96407
32870716965839,1,96407
32870716975868,0,96407
32870716979287,1,96407
32870716989175,0,96407
32870716992257,1,96407
32870717002210,0,96407
32870717005749,1,96407
32870717015756,0,96407
32870717019197,1,96407
32870717029128,0,96407
32870717032406,1,96407
32870717042370,0,96407
32870717045865,1,96407
32870717055764,0,96407
32870717058673,1,96407
32870717068658,0,96407
32870717072045,1,96407
32870717081944,0,96407
32870717085384,1,96407
32870717095283,0,96407
32870717098301,1,96407
32870717108210,0,96407
32870717111684,1,96407
32870717121756,0,96407
32870717124328,1,96407
32870717134282,0,96407
32870717137798,1,96407
32870717147860,0,96407
32870717151138,1,96407
32870717161449,0,96407
32870717164901,1,96407
32870717174886,0,96407
32870717178946,1,96407
32870717188855,0,96407
32870717192318,1,96407
32870717202238,0,96407
32870717205343,1,96407
32870717215296,0,96407
32870717218910,1,96407
32870717228831,0,96407
32870717232217,1,96407
32870717242116,0,96407
32870717245339,1,96407
32870717255282,0,96407
32870717258495,1,96407
32870717268513,0,96407
32870717272279,1,96407
32870717282178,0,96407
32870717285391,1,96407
32870717295344,0,96407
32870717299132,1,96407
32870717309117,0,96407
32870717312623,1,96407
32870717322728,0,96407
32870717326223,1,96407
32870717336155,0,96407
32870717339661,1,96407
32870717349722,0,96407
32870717353098,1,96407
32870717363051,0,96407
32870717366676,1,96407
32870717376586,0,96407
32870717379734,1,96407
32870717389654,0,96407
32870717393008,1,96407
32870717402939,0,96407
32870717406347,1,96407
32870717416290,0,96407
32870717419578,1,96407
32870717429586,0,96407
32870717433265,1,96407
32870717443240,0,96407
32870717446529,1,96407
32870717456460,0,96407
32870717459684,1,96407
32870717469648,0,96407
32870717473002,1,96407
32870717482987,0,96407
32870717486276,1,96407
32870717496186,0,96407
32870717499399,1,96407
32870717509308,0,96407
32870717512597,1,96407
32870717522539,0,96407
32870717526100,1,96407
32870717536042,0,96407
32870717538896,1,96407
32870717548817,0,96407
32870717552073,1,96407
32870717562070,0,96407
32870717564892,1,96407
32870717574790,0,96407
32870717578123,1,96407
32870717587978,0,96407
32870717591462,1,96407
32870717601404,0,96407
32870717604965,1,96407
32870717615048,0,96407
32870717619281,1,96407
32870717629343,0,96407
32870717632610,1,96407
32870717642606,0,96407
32870717649813,1,96407
32870717660049,0,96407
32870717663934,1,96407
32870717673898,0,96407
32870717677089,1,96407
32870717687010,0,96407
32870717690451,1,96407
32870717700425,0,96407
32870717703855,1,96407
32870717713808,0,96407
32870717717195,1,96407
32870717727224,0,96407
32870717730578,1,96407
32870717740487,0,96407
32870717743896,1,96407
32870717753838,0,96407
32870717757127,1,96407
32870717767025,0,96407
32870717770368,1,96407
32870717780300,0,96407
32870717783925,1,96407
32870717793856,0,96407
32870717797037,1,96407
32870717806936,0,96407
32870717810300,1,96407
32870717820297,0,96407
32870717823857,1,96407
32870717833723,0,96407
32870717836968,1,96407
32870717846900,0,96407
32870717850113,1,96407
32870717860055,0,96407
32870717862975,1,96407
32870717872841,0,96407
32870717876358,1,96407
32870717886278,0,96407
32870717889447,1,96407
32870717899433,0,96407
32870717903058,1,96407
32870717912957,0,96407
32870717916148,1,96407
32870717926036,0,96407
32870717929586,1,96407
32870717939506,0,96407
32870717942372,1,96407
32870717952281,0,96407
32870717955429,1,96407
32870717965436,0,96407
32870717968758,1,96407
32870717978700,0,96407
32870717982065,1,96407
32870717991985,0,96407
32870717995686,1,96407
32870718005629,0,96407
32870718008798,1,96407
32870718018794,0,96407
32870718022224,1,96407
32870718032210,0,96407
32870718035347,1,96407
32870718045322,0,96407
32870718048458,1,96407
32870718058379,0,96407
32870718061755,1,96407
32870718071686,0,96407
32870718075061,1,96407
32870718085025,0,96407
32870718088217,1,96407
32870718098202,0,96407
32870718101502,1,96407
32870718111607,0,96407
32870718115015,1,96407
32870718124968,0,96407
32870718128355,1,96407
32870718138394,0,96407
32870718142389,1,96407
32870718152309,0,96407
32870718155772,1,96407
32870718165660,0,96407
32870718168905,1,96407
32870718178793,0,96407
32870718182114,1,96407
32870718192198,0,96407
32870718195291,1,96407
32870718205190,0,96407
32870718208815,1,96407
32870718218703,0,96407
32870718221938,1,96407
32870718231815,0,96407
32870718235299,1,96407
32870718245361,0,96407
32870718248562,1,96407
32870718258505,0,96407
32870718261750,1,96407
32870718271703,0,96407
32870718275393,1,96407
32870718285336,0,96407
32870718288310,1,96407
32870718298198,0,96407
32870718301617,1,96407
32870718345250,0,96407
32870718351784,1,96407
32870718362670,0,96407
32870718366643,1,96407
32870718377302,0,96407
32870718380449,1,96407
32870718390370,0,96407
32870718393756,1,96407
32870718404013,0,96407
32870718407997,1,96407
32870718417906,0,96407
32870718421282,1,96407
32870718431170,0,96407
32870718434676,1,96407
32870718444564,0,96407
32870718448265,1,96407
32870718458229,0,96407
32870718461539,1,96407
32870718471471,0,96407
32870718474390,1,96407
32870718484463,0,96407
32870718487882,1,96407
32870718497792,0,96407
32870718501569,1,96407
32870718511565,0,96407
32870718514887,1,96407
32870718524785,0,96407
32870718528074,1,96407
32870718538060,0,96407
32870718541392,1,96407
32870718551291,0,96407
32870718555339,1,96407
32870718565293,0,96407
32870718568907,1,96407
32870718579034,0,96407
32870718582290,1,96407
32870718592210,0,96407
32870718595597,1,96407
32870718605539,0,96407
32870718608828,1,96407
32870718618716,0,96407
32870718622070,1,96407
32870718631958,0,96407
32870718635919,1,96407
32870718645883,0,96407
32870718649183,1,96407
32870718659082,0,96407
32870718662533,1,96407
32870718672476,0,96407
32870718675840,1,96407
32870718685880,0,96407
32870718689180,1,96407
32870718699155,0,96407
32870718702726,1,96407
32870718712690,0,96407
32870718716597,1,96407
32870718726572,0,96407
32870718729937,1,96407
32870718739836,0,96407
32870718743374,1,96407
32870718753251,0,96407
32870718756627,1,96407
32870718766493,0,96407
32870718769706,1,96407
32870718779561,0,96407
32870718783327,1,96407
32870718793302,0,96407
32870718796786,1,96407
32870718806859,0,96407
32870718810039,1,96407
32870718819981,0,96407
32870718823400,1,96407
32870718833310,0,96407
32870718836729,1,96407
32870718846704,0,96407
32870718849960,1,96407
32870718859924,0,96407
32870718863169,1,96407
32870718873112,0,96407
32870718876780,1,96407
32870718886701,0,96407
32870718890445,1,96407
32870718900323,0,96407
32870718903676,1,96407
32870718913532,0,96407
32870718917352,1,96407
32870718927273,0,96407
32870718930529,1,96407
32870718940450,0,96407
32870718943717,1,96407
32870718953757,0,96407
32870718957067,1,96407
32870718967053,0,96407
32870718970515,1,96407
32870718980468,0,96407
32870718983518,1,96407
32870718993385,0,96407
32870718996435,1,96407
32870719006333,0,96407
32870719009470,1,96407
32870719019304,0,96407
32870719022712,1,96407
32870719032546,0,96407
32870719035379,1,96407
32870719045191,0,96407
32870719048338,1,96407
32870719058226,0,96407
32870719061624,1,96407
32870719071642,0,96407
32870719074486,1,96407
32870719084319,0,96407
32870719087858,1,96407
32870719097724,0,96407
32870719100774,1,96407
32870719110618,0,96407
32870719113267,1,96407
32870719123122,0,96407
32870719126422,1,96407
32870719136266,0,96407
32870719139425,1,96407
32870719149280,0,96407
32870719152775,1,96407
32870719162631,0,96407
32870719165475,1,96407
32870719175341,0,96407
32870719178619,1,96407
32870719188463,0,96407
32870719192143,1,96407
32870719202074,0,96407
32870719205602,1,96407
32870719215620,0,96407
32870719218909,1,96407
32870719228818,0,96407
32870719232335,1,96407
32870719242245,0,96407
32870719251623,1,96407
32870719261945,0,96407
32870719265820,1,96407
32870719275794,0,96407
32870719279257,1,96407
32870719289253,0,96407
32870719292694,1,96407
32870719302560,0,96407
32870719305968,1,96407
32870719315867,0,96407
32870719319265,1,96407
32870719329261,0,96407
32870719332572,1,96407
32870719342460,0,96407
32870719345477,1,96407
32870719355343,0,96407
32870719359272,1,96407
32870719369106,0,96407
32870719372308,1,96407
32870719382185,0,96407
32870719385800,1,96407
32870719395698,0,96407
32870719399258,1,96407
32870719409157,0,96407
32870719412555,1,96407
32870719422508,0,96407
32870719426100,1,96407
32870719435988,0,96407
32870719439483,1,96407
32870719449371,0,96407
32870719452823,1,96407
32870719462711,0,96407
32870719466000,1,96407
32870719475931,0,96407
32870719479513,1,96407
32870719489412,0,96407
32870719492766,1,96407
32870719502686,0,96407
32870719506420,1,96407
32870719516297,0,96407
32870719519705,1,96407
32870719529615,0,96407
32870719533175,1,96407
32870719543215,0,96407
32870719546590,1,96407
32870719556489,0,96407
32870719559811,1,96407
32870719569688,0,96407
32870719573085,1,96407
32870719583082,0,96407
32870719586685,1,96407
32870719596595,0,96407
32870719600046,1,96407
32870719610151,0,96407
32870719613820,1,96407
32870719623730,0,96407
32870719626758,1,96407
32870719636657,0,96407
32870719640271,1,96407
32870719650170,0,96407
32870719653405,1,96407
32870719663347,0,96407
32870719666570,1,96407
32870719676654,0,96407
32870719679530,1,96407
32870719689386,0,96407
32870719692533,1,96407
32870719702356,0,96407
32870719705536,1,96407
32870719715403,0,96407
32870719718854,1,96407
32870719728785,0,96407
32870719732226,1,96407
32870719742060,0,96407
32870719745663,1,96407
32870719755617,0,96407
32870719758905,1,96407
32870719768858,0,96407
32870719772560,1,96407
32870719782415,0,96407
32870719785552,1,96407
32870719795396,0,96407
32870719799184,1,96407
32870719809170,0,96407
32870719812274,1,96407
32870719893473,0,96407
32870719900485,1,96407
32870719912869,0,96407
32870719916831,1,96407
32870719926871,0,96407
32870719930572,1,96407
32870719940547,0,96407
32870719944270,1,96407
32870719954223,0,96407
32870719957305,1,96407
32870719967193,0,96407
32870719971101,1,96407
32870719981000,0,96407
32870719984581,1,96407
32870719994643,0,96407
32870719998105,1,96407
32870720008634,0,96407
32870720011608,1,96407
32870720021550,0,96407
32870720025251,1,96407
32870720035183,0,96407
32870720038764,1,96407
32870720048663,0,96407
32870720052006,1,96407
32870720062035,0,96407
32870720065465,1,96407
32870720075559,0,96407
32870720079098,1,96407
32870720088986,0,96407
32870720092047,1,96407
32870720101880,0,96407
32870720105462,1,96407
32870720115328,0,96407
32870720118606,1,96407
32870720128440,0,96407
32870720132054,1,96407
32870720141888,0,96407
32870720145264,1,96407
32870720155130,0,96407
32870720158451,1,96407
32870720168339,0,96407
32870720171563,1,96407
32870720181538,0,96407
32870720185044,1,96407
32870720194975,0,96407
32870720198654,1,96407
32870720208553,0,96407
32870720211820,1,96407
32870720221839,0,96407
32870720225182,1,96407
32870720235146,0,96407
32870720238847,1,96407
32870720248811,0,96407
32870720252197,1,96407
32870720262226,0,96407
32870720265580,1,96407
32870720275620,0,96407
32870720279072,1,96407
32870720288905,0,96407
32870720292704,1,96407
32870720302636,0,96407
32870720306055,1,96407
32870720315953,0,96407
32870720319253,1,96407
32870720329228,0,96407
32870720332842,1,96407
32870720342785,0,96407
32870720346138,1,96407
32870720355983,0,96407
32870720359066,1,96407
32870720368888,0,96407
32870720372557,1,96407
32870720382434,0,96407
32870720385842,1,96407
32870720395850,0,96407
32870720399312,1,96407
32870720409330,0,96407
32870720412738,1,96407
32870720422605,0,96407
32870720426295,1,96407
32870720436216,0,96407
32870720439070,1,96407
32870720448947,0,96407
32870720452084,1,96407
32870720461961,0,96407
32870720465663,1,96407
32870720475659,0,96407
32870720479241,1,96407
32870720521354,0,96407
32870720527584,1,96407
32870720539708,0,96407
32870720543117,1,96407
32870720553070,0,96407
32870720557053,1,96407
32870720567071,0,96407
32870720570740,1,96407
32870720580736,0,96407
32870720584427,1,96407
32870720594868,0,96407
32870720598700,1,96407
32870720608642,0,96407
32870720612137,1,96407
32870720622112,0,96407
32870720625335,1,96407
32870720635202,0,96407
32870720638816,1,96407
32870720648791,0,96407
32870720652546,1,96407
32870720662402,0,96407
32870720672463,1,96407
32870720682905,0,96407
32870720686736,1,96407
32870720696635,0,96407
32870720700315,1,96407
32870720710181,0,96407
32870720713795,1,96407
32870720723759,0,96407
32870720727341,1,96407
32870720737435,0,96407
32870720741267,1,96407
32870720751307,0,96407
32870720754975,1,96407
32870720764918,0,96407
32870720768619,1,96407
32870720847929,0,96407
32870720852846,1,96407
32870720863114,0,96407
32870720866793,1,96407
32870720876790,0,96407
32870720881305,1,96407
32870720891833,0,96407
32870720895708,1,96407
32870720905618,0,96407
32870720909287,1,96407
32870720919305,0,96407
32870720923039,1,96407
32870720932981,0,96407
32870720936552,1,96407
32870720946472,0,96407
32870720950054,1,96407
32870720960051,0,96407
32870720963556,1,96407
32870720973531,0,96407
32870720977146,1,96407
32870720987055,0,96407
32870720990757,1,96407
32870721000710,0,96407
32870721004150,1,96407
32870721013973,0,96407
32870721017468,1,96407
32870721027486,0,96407
32870721030971,1,96407
32870721041065,0,96407
32870721044950,1,96407
32870721054849,0,96407
32870721058257,1,96407
32870721068308,0,96407
32870721071391,1,96407
32870721081257,0,96407
32870721084774,1,96407
32870721094651,0,96407
32870721097842,1,96407
32870721107752,0,96407
32870721111019,1,96407
32870721120928,0,96407
32870721124510,1,96407
32870721134463,0,96407
32870721138002,1,96407
32870721147966,0,96407
32870721151515,1,96407
32870721161457,0,96407
32870721165093,1,96407
32870721175155,0,96407
32870721178563,1,96407
32870721188451,0,96407
32870721192033,1,96407
32870721201986,0,96407
32870721205611,1,96407
32870721215575,0,96407
32870721219244,1,96407
32870721229121,0,96407
32870721232486,1,96407
32870721242341,0,96407
32870721245858,1,96407
32870721255735,0,96407
32870721259056,1,96407
32870721269031,0,96407
32870721272493,1,96407
32870721282512,0,96407
32870721285724,1,96407
32870721295558,0,96407
32870721299086,1,96407
32870721308952,0,96407
32870721312566,1,96407
32870721322476,0,96407
32870721325993,1,96407
32870721335924,0,96407
32870721339300,1,96407
32870721349144,0,96407
32870721352802,1,96407
32870721362799,0,96407
32870721366131,1,96407
32870721376171,0,96407
32870721379427,1,96407
32870721389304,0,96407
32870721392452,1,96407
32870721402253,0,96407
32870721405769,1,96407
32870721415723,0,96407
32870721419055,1,96407
32870721428921,0,96407
32870721432047,1,96407
32870721441924,0,96407
32870721445028,1,96407
32870721454960,0,96407
32870721458400,1,96407
32870721468299,0,96407
32870721471284,1,96407
32870721481172,0,96407
32870721484439,1,96407
32870721494360,0,96407
32870721497279,1,96407
32870721507254,0,96407
32870721510543,1,96407
32870721520529,0,96407
32870721524067,1,96407
32870721533955,0,96407
32870721537027,1,96407
32870721546925,0,96407
32870721550258,1,96407
32870721560200,0,96407
32870721563478,1,96407
32870721573387,0,96407
32870721576828,1,96407
32870721586727,0,96407
32870721590081,1,96407
32870721600023,0,96407
32870721603638,1,96407
32870721613558,0,96407
32870721616890,1,96407
32870721626767,0,96407
32870721630447,1,96407
32870721640378,0,96407
32870721643873,1,96407
32870721653891,0,96407
32870721657430,1,96407
32870721667329,0,96407
32870721670118,1,96407
32870721679984,0,96407
32870721682850,1,96407
32870721692716,0,96407
32870721696168,1,96407
32870721706034,0,96407
32870721709247,1,96407
32870721719232,0,96407
32870721722651,1,96407
32870721732561,0,96407
32870721735991,1,96407
32870721745879,0,96407
32870721749244,1,96407
32870721759219,0,96407
32870721762562,1,96407
32870721772428,0,96407
32870721775510,1,96407
32870721785420,0,96407
32870721788535,1,96407
32870721798521,0,96407
32870721802113,1,96407
32870721811958,0,96407
32870721814823,1,96407
32870721824668,0,96407
32870721827512,1,96407
32870721837378,0,96407
32870721840276,1,96407
32870721850153,0,96407
32870721853724,1,96407
32870721863699,0,96407
32870721867053,1,96407
32870721876908,0,96407
32870721880468,1,96407
32870721890389,0,96407
32870721894090,1,96407
32870721903978,0,96407
32870721906963,1,96407
32870721916894,0,96407
32870721920389,1,96407
32870721930364,0,96407
32870721933696,1,96407
32870721943660,0,96407
32870721947188,1,96407
32870721957065,0,96407
32870721960234,1,96407
32870721970144,0,96407
32870721972988,1,96407
32870721982887,0,96407
32870721986099,1,96407
32870721995976,0,96407
32870721999395,1,96407
32870722009283,0,96407
32870722012095,1,96407
32870722021983,0,96407
32870722025358,1,96407
32870722035246,0,96407
32870722039099,1,96407
32870722049128,0,96407
32870722052591,1,96407
32870722062446,0,96407
32870722065203,1,96407
32870722075069,0,96407
32870722078423,1,96407
32870722088300,0,96407
32870722091036,1,96407
32870722100989,0,96407
32870722104581,1,96407
32870722114545,0,96407
32870722117986,1,96407
32870722128026,0,96407
32870722131228,1,96407
32870722141192,0,96407
32870722144578,1,96407
32870722154477,0,96407
32870722158102,1,96407
32870722167969,0,96407
32870722171138,1,96407
32870722181048,0,96407
32870722184402,1,96407
32870722194268,0,96407
32870722197817,1,96407
32870722207683,0,96407
32870722210451,1,96407
32870722220328,0,96407
32870722224116,1,96407
32870722234080,0,96407
32870722237261,1,96407
32870722247127,0,96407
32870722250546,1,96407
32870722260455,0,96407
32870722263994,1,96407
32870722274056,0,96407
32870722277464,1,96407
32870722287341,0,96407
32870722290771,1,96407
32870722300724,0,96407
32870722304262,1,96407
32870722314139,0,96407
32870722317851,1,96407
32870722327718,0,96407
32870722330985,1,96407
32870722340818,0,96407
32870722344400,1,96407
32870722354299,0,96407
32870722357544,1,96407
32870722367454,0,96407
32870722370678,1,96407
32870722380522,0,96407
32870722390399,1,96407
32870722400689,0,96407
32870722403978,1,96407
32870722413877,0,96407
32870722417393,1,96407
32870722427303,0,96407
32870722431026,1,96407
32870722441131,0,96407
32870722444626,1,96407
32870722454536,0,96407
32870722458215,1,96407
32870722468081,0,96407
32870722471858,1,96407
32870722481801,0,96407
32870722485155,1,96407
32870722495119,0,96407
32870722498201,1,96407
32870722508046,0,96407
32870722510748,1,96407
32870722520582,0,96407
32870722524023,1,96407
32870722533954,0,96407
32870722537243,1,96407
32870722547272,0,96407
32870722550724,1,96407
32870722560687,0,96407
32870722563933,1,96407
32870722573864,0,96407
32870722576979,1,96407
32870722609357,0,96407
32870722614968,1,96407
32870722626864,0,96407
32870722631271,1,96407
32870722641398,0,96407
32870722645131,1,96407
32870722655052,0,96407
32870722658818,1,96407
32870722699694,0,96407
32870722706163,1,96407
32870722718157,0,96407
32870722721934,1,96407
32870722731942,0,96407
32870722736337,1,96407
32870722746356,0,96407
32870722749905,1,96407
32870722760401,0,96407
32870722764048,1,96407
32870722774012,0,96407
32870722777148,1,96407
32870722787091,0,96407
32870722791128,1,96407
32870722801125,0,96407
32870722804338,1,96407
32870722814215,0,96407
32870722817981,1,96407
32870722827891,0,96407
32870722831234,1,96407
32870722841144,0,96407
32870722844877,1,96407
32870722854939,0,96407
32870722858315,1,96407
32870722868137,0,96407
32870722872164,1,96407
32870722882052,0,96407
32870722885493,1,96407
32870722895457,0,96407
32870722899147,1,96407
32870722908981,0,96407
32870722911901,1,96407
32870722921745,0,96407
32870722925273,1,96407
32870722935128,0,96407
32870722938450,1,96407
32870722948370,0,96407
32870722951995,1,96407
32870722961970,0,96407
32870722965498,1,96407
32870722975527,0,96407
32870722978653,1,96407
32870722988476,0,96407
32870722991819,1,96407
32870723001652,0,96407
32870723004800,1,96407
32870723014666,0,96407
32870723017987,1,96407
32870723027941,0,96407
32870723031533,1,96407
32870723041486,0,96407
32870723044960,1,96407
32870723054880,0,96407
32870723058343,1,96407
32870723068307,0,96407
32870723071704,1,96407
32870723081776,0,96407
32870723085662,1,96407
32870723095550,0,96407
32870723098209,1,96407
32870723108130,0,96407
32870723111581,1,96407
32870723121480,0,96407
32870723124476,1,96407
32870723134386,0,96407
32870723138163,1,96407
32870723148203,0,96407
32870723151698,1,96407
32870723161564,0,96407
32870723164495,1,96407
32870723174697,0,96407
32870723178105,1,96407
32870723188156,0,96407
32870723191923,1,96407
32870723201854,0,96407
32870723204763,1,96407
32870723214792,0,96407
32870723217994,1,96407
32870723227893,0,96407
32870723230899,1,96407
32870723240787,0,96407
32870723243479,1,96407
32870723253378,0,96407
32870723256374,1,96407
32870723266251,0,96407
32870723269398,1,96407
32870723279265,0,96407
32870723282901,1,96407
32870723292832,0,96407
32870723296294,1,96407
32870723306443,0,96407
32870723309743,1,96407
32870723319772,0,96407
32870723322681,1,96407
32870723332644,0,96407
32870723336541,1,96407
32870723346451,0,96407
32870723350163,1,96407
32870723360051,0,96407
32870723363383,1,96407
32870723373347,0,96407
32870723376071,1,96407
32870723385992,0,96407
32870723389161,1,96407
32870723399158,0,96407
32870723402609,1,96407
32870723412638,0,96407
32870723416513,1,96407
32870723426488,0,96407
32870723430178,1,96407
32870723440121,0,96407
32870723443735,1,96407
32870723453677,0,96407
32870723456488,1,96407
32870723466376,0,96407
32870723469806,1,96407
32870723479705,0,96407
32870723483146,1,96407
32870723493153,0,96407
32870723496540,1,96407
32870723506558,0,96407
32870723510259,1,96407
32870723520158,0,96407
32870723523609,1,96407
32870723533519,0,96407
32870723536971,1,96407
32870723546848,0,96407
32870723549702,1,96407
32870723559601,0,96407
32870723563053,1,96407
32870723572963,0,96407
32870723576382,1,96407
32870723586291,0,96407
32870723589613,1,96407
32870723599544,0,96407
32870723603061,1,96407
32870723613025,0,96407
32870723616324,1,96407
32870723626332,0,96407
32870723630152,1,96407
32870723640084,0,96407
32870723642754,1,96407
32870723652609,0,96407
32870723655789,1,96407
32870723665710,0,96407
32870723668727,1,96407
32870723678648,0,96407
32870723682023,1,96407
32870723691933,0,96407
32870723694940,1,96407
32870723704838,0,96407
32870723708203,1,96407
32870723718135,0,96407
32870723721640,1,96407
32870723731637,0,96407
32870723735251,1,96407
32870723745237,0,96407
32870723748732,1,96407
32870723758576,0,96407
32870723761800,1,96407
32870723771677,0,96407
32870723774564,1,96407
32870723784431,0,96407
32870723787817,1,96407
32870723797792,0,96407
32870723801309,1,96407
32870723811197,0,96407
32870723814659,1,96407
32870723824558,0,96407
32870723834185,1,96407
32870723875007,0,96403
32870723879978,1,96403
32870723940109,0,96403
32870723945037,1,96403
32870723955435,0,96403
32870723959842,1,96403
32870723969871,0,96403
32870723973149,1,96403
32870723983124,0,96403
32870723986955,1,96403
32870723996843,0,96403
32870723999719,1,96403
32870724012093,0,96404
32870724021797,1,96404
32870724096711,0,96406
32870724103983,1,96406
32870724124215,0,96406
32870724128513,1,96406
32870724138574,0,96406
32870724142536,1,96406
32870724151773,0,96404
32870724156831,1,96404
32870724181003,0,96407
32870724188372,1,96407
32870724199389,0,96407
32870724204078,1,96407
32870724214292,0,96407
32870724218058,1,96407
32870724226720,0,96403
32870724232917,1,96403
32870724254571,0,96403
32870724259748,1,96403
32870724269832,0,96403
32870724273088,1,96403
32870724281153,0,96404
32870724289033,1,96404
32870724346754,0,96405
32870724354504,1,96405
32870724419280,0,96405
32870724425359,1,96405
32870724442888,0,96405
32870724448347,1,96405
32870724459321,0,96405
32870724463478,1,96405
32870724517368,0,96405
32870724522187,1,96405
32870724577803,0,96405
32870724583762,1,96405
32870724593107,0,96407
32870724602756,1,96407
32870724625614,0,96407
32870724630032,1,96407
32870724640170,0,96407
32870724643827,1,96407
32870724653770,0,96407
32870724657221,1,96407
32870724667218,0,96407
32870724671223,1,96407
32870724682001,0,96407
32870724684910,1,96407
32870724694928,0,96407
32870724698748,1,96407
32870724708756,0,96407
32870724712880,1,96407
32870724722844,0,96407
32870724726611,1,96407
32870724736596,0,96407
32870724740656,1,96407
32870724750609,0,96407
32870724754060,1,96407
32870724764046,0,96407
32870724767704,1,96407
32870724777624,0,96407
32870724781326,1,96407
32870724791539,0,96407
32870724794969,1,96407
32870724804998,0,96407
32870724809101,1,96407
32870724819097,0,96407
32870724823048,1,96407
32870724833001,0,96407
32870724836334,1,96407
32870724846222,0,96407
32870724849738,1,96407
32870724859724,0,96407
32870724863338,1,96407
32870724873367,0,96407
32870724876211,1,96407
32870724886327,0,96407
32870724890017,1,96407
32870724900036,0,96407
32870724903834,1,96407
32870724913755,0,96407
32870724916838,1,96407
32870724926780,0,96407
32870724930253,1,96407
32870724940260,0,96407
32870724943636,1,96407
32870724953665,0,96407
32870724956965,1,96407
32870724966864,0,96407
32870724970489,1,96407
32870724980420,0,96407
32870724984371,1,96407
32870724994281,0,96407
32870724997222,1,96407
32870725007088,0,96407
32870725010518,1,96407
32870725020482,0,96407
32870725024325,1,96407
32870725034267,0,96407
32870725037892,1,96407
32870725047910,0,96407
32870725050895,1,96407
32870725060805,0,96407
32870725064224,1,96407
32870725074101,0,96407
32870725076760,1,96407
32870725086648,0,96407
32870725089655,1,96407
32870725099499,0,96407
32870725103179,1,96407
32870725113088,0,96407
32870725116768,1,96407
32870725126678,0,96407
32870725130021,1,96407
32870725139941,0,96407
32870725143187,1,96407
32870725153118,0,96407
32870725157232,1,96407
32870725167185,0,96407
32870725170615,1,96407
32870725185550,0,96407
32870725191617,1,96407
32870725206313,0,96407
32870725209895,1,96407
32870725220076,0,96407
32870725223636,1,96407
32870725233752,0,96407
32870725237171,1,96407
32870725247146,0,96407
32870725250022,1,96407
32870725260008,0,96407
32870725263492,1,96407
32870725273543,0,96407
32870725276918,1,96407
32870725287045,0,96407
32870725290725,1,96407
32870725300819,0,96407
32870725304184,1,96407
32870725314202,0,96407
32870725318467,1,96407
32870725328453,0,96407
32870725331471,1,96407
32870725341521,0,96407
32870725344788,1,96407
32870725354796,0,96407
32870725358475,1,96407
32870725368483,0,96407
32870725372238,1,96407
32870725382245,0,96407
32870725386088,1,96407
32870725396030,0,96407
32870725399482,1,96407
32870725409424,0,96407
32870725413027,1,96407
32870725422915,0,96407
32870725426150,1,96407
32870725436049,0,96407
32870725439348,1,96407
32870725449280,0,96407
32870725453111,1,96407
32870725463173,0,96407
32870725466353,1,96407
32870725476317,0,96407
32870725480062,1,96407
32870725490134,0,96407
32870725493423,1,96407
32870725503333,0,96407
32870725506610,1,96407
32870725516520,0,96407
32870725520384,1,96407
32870725530305,0,96407
32870725534212,1,96407
32870725544122,0,96407
32870725547345,1,96407
32870725557201,0,96407
32870725560555,1,96407
32870725570454,0,96407
32870725573927,1,96407
32870725583891,0,96407
32870725587549,1,96407
32870725597556,0,96407
32870725600942,1,96407
32870725611167,0,96407
32870725613631,1,96407
32870725623551,0,96407
32870725626807,1,96407
32870725636761,0,96407
32870725640364,1,96407
32870725650447,0,96407
32870725653986,1,96407
32870725663885,0,96407
32870725667119,1,96407
32870725676931,0,96407
32870725680589,1,96407
32870725690531,0,96407
32870725694113,1,96407
32870725704120,0,96407
32870725708082,1,96407
32870725717992,0,96407
32870725721715,1,96407
32870725731765,0,96407
32870725735695,1,96407
32870725745702,0,96407
32870725749479,1,96407
32870725759421,0,96407
32870725762428,1,96407
32870725772435,0,96407
32870725775985,1,96407
32870725785949,0,96407
32870725789585,1,96407
32870725799603,0,96407
32870725803076,1,96407
32870725813062,0,96407
32870725816492,1,96407
32870725826390,0,96407
32870725829951,1,96407
32870725839839,0,96407
32870725843648,1,96407
32870725853829,0,96407
32870725864445,1,96407
32870725874843,0,96407
32870725878457,1,96407
32870725888399,0,96407
32870725892100,1,96407
32870725902075,0,96407
32870725905722,1,96407
32870725915697,0,96407
32870725919246,1,96407
32870725929156,0,96407
32870725932434,1,96407
32870725942420,0,96407
32870725946284,1,96407
32870725956291,0,96407
32870725959927,1,96407
32870725970021,0,96407
32870725973874,1,96407
32870725983827,0,96407
32870725987659,1,96407
32870725997645,0,96407
32870726001031,1,96407
32870726010941,0,96407
32870726014240,1,96407
32870726024172,0,96407
32870726027536,1,96407
32870726037500,0,96407
32870726041158,1,96407
32870726051166,0,96407
32870726054498,1,96407
32870726064690,0,96407
32870726068326,1,96407
32870726078344,0,96407
32870726081893,1,96407
32870726091868,0,96407
32870726095482,1,96407
32870726105392,0,96407
32870726108822,1,96407
32870726118732,0,96407
32870726122411,1,96407
32870726132364,0,96407
32870726135642,1,96407
32870726145595,0,96407
32870726148276,1,96407
32870726158305,0,96407
32870726161258,1,96407
32870726171363,0,96407
32870726174228,1,96407
32870726184116,0,96407
32870726187459,1,96407
32870726197401,0,96407
32870726201005,1,96407
32870726210969,0,96407
32870726214203,1,96407
32870726224113,0,96407
32870726227706,1,96407
32870726237648,0,96407
32870726241165,1,96407
32870726251074,0,96407
32870726255101,1,96407
32870726269048,0,96407
32870726274758,1,96407
32870726285449,0,96407
32870726288998,1,96407
32870726299223,0,96407
32870726302707,1,96407
32870726312790,0,96407
32870726316328,1,96407
32870726326303,0,96407
32870726329538,1,96407
32870726339502,0,96407
32870726342888,1,96407
32870726352819,0,96407
32870726356488,1,96407
32870726366615,0,96407
32870726370186,1,96407
32870726380128,0,96407
32870726383688,1,96407
32870726393652,0,96407
32870726396615,1,96407
32870726406547,0,96407
32870726410302,1,96407
32870726420244,0,96407
32870726423653,1,96407
32870726433530,0,96407
32870726437046,1,96407
32870726479485,0,96407
32870726486356,1,96407
32870726499077,0,96407
32870726503321,1,96407
32870726513448,0,96407
32870726516834,1,96407
32870726526939,0,96407
32870726530564,1,96407
32870726540507,0,96407
32870726543752,1,96407
32870726553618,0,96407
32870726556896,1,96407
32870726566817,0,96407
32870726570442,1,96407
32870726580276,0,96407
32870726583521,1,96407
32870726593485,0,96407
32870726597208,1,96407
32870726607378,0,96407
32870726611133,1,96407
32870726621087,0,96407
32870726624733,1,96407
32870726634600,0,96407
32870726637563,1,96407
32870726647397,0,96407
32870726651206,1,96407
32870726661094,0,96407
32870726664893,1,96407
32870726674770,0,96407
32870726678754,1,96407
32870726688620,0,96407
32870726692365,1,96407
32870726702187,0,96407
32870726705867,1,96407
32870726715766,0,96407
32870726719261,1,96407
32870726729333,0,96407
32870726732514,1,96407
32870726742391,0,96407
32870726745875,1,96407
32870726755708,0,96407
32870726758878,1,96407
32870726768712,0,96407
32870726772185,1,96407
32870726782051,0,96407
32870726784895,1,96407
32870726794848,0,96407
32870726797985,1,96407
32870726807960,0,96407
32870726811324,1,96407
32870726821158,0,96407
32870726824544,1,96407
32870726834400,0,96407
32870726838144,1,96407
32870726848141,0,96407
32870726851755,1,96407
32870726861828,0,96407
32870726865008,1,96407
32870726874918,0,96407
32870726878565,1,96407
32870726888496,0,96407
32870726892306,1,96407
32870726902150,0,96407
32870726905862,1,96407
32870726915685,0,96407
32870726919213,1,96407
32870726929199,0,96407
32870726932802,1,96407
32870726942723,0,96407
32870726946587,1,96407
32870726956518,0,96407
32870726960046,1,96407
32870726969999,0,96407
32870726973950,1,96407
32870726983772,0,96407
32870726987756,1,96407
32870726997611,0,96407
32870727000987,1,96407
32870727010907,0,96407
32870727014272,1,96407
32870727024171,0,96407
32870727027633,1,96407
32870727037467,0,96407
32870727041136,1,96407
32870727051100,0,96407
32870727054454,1,96407
32870727064439,0,96407
32870727067706,1,96407
32870727077703,0,96407
32870727081241,1,96407
32870727091064,0,96407
32870727094689,1,96407
32870727104555,0,96407
32870727107703,1,96407
32870727117624,0,96407
32870727120826,1,96407
32870727130724,0,96407
32870727134187,1,96407
32870727144379,0,96407
32870727146951,1,96407
32870727156763,0,96407
32870727159846,1,96407
32870727169712,0,96407
32870727173164,1,96407
32870727182986,0,96407
32870727186991,1,96407
32870727197107,0,96407
32870727200288,1,96407
32870727210230,0,96407
32870727213605,1,96407
32870727223472,0,96407
32870727226956,1,96407
32870727236790,0,96407
32870727240947,1,96407
32870727250911,0,96407
32870727254742,1,96407
32870727264695,0,96407
32870727268310,1,96407
32870727278230,0,96407
32870727281584,1,96407
32870727291439,0,96407
32870727294913,1,96407
32870727304877,0,96407
32870727308817,1,96407
32870727318759,0,96407
32870727321874,1,96407
32870727331740,0,96407
32870727334866,1,96407
32870727348520,0,96407
32870727354219,1,96407
32870727368524,0,96407
32870727374451,1,96407
32870727388745,0,96407
32870727394552,1,96407
32870727405710,0,96407
32870727408803,1,96407
32870727418724,0,96407
32870727421785,1,96407
32870727431640,0,96407
32870727435417,1,96407
32870727445392,0,96407
32870727448768,1,96407
32870727458623,0,96407
32870727461966,1,96407
32870727471854,0,96407
32870727475414,1,96407
32870727485335,0,96407
32870727489014,1,96407
32870727499130,0,96407
32870727502517,1,96407
32870727512448,0,96407
32870727515607,1,96407
32870727525506,0,96407
32870727528642,1,96407
32870727538552,0,96407
32870727541363,1,96407
32870727551338,0,96407
32870727554269,1,96407
32870727564308,0,96407
32870727567326,1,96407
32870727577290,0,96407
32870727580210,1,96407
32870727590065,0,96407
32870727593701,1,96407
32870727603524,0,96407
32870727606824,1,96407
32870727616722,0,96407
32870727627500,1,96407
32870727637833,0,96407
32870727641567,1,96407
32870727651509,0,96407
32870727655102,1,96407
32870727665077,0,96407
32870727668919,1,96407
32870727678883,0,96407
32870727682736,1,96407
32870727692657,0,96407
32870727696521,1,96407
32870727706409,0,96407
32870727710609,1,96407
32870727720682,0,96407
32870727724644,1,96407
32870727734618,0,96407
32870727738320,1,96407
32870727748316,0,96407
32870727751551,1,96407
32870727761395,0,96407
32870727764944,1,96407
32870727774756,0,96407
32870727778414,1,96407
32870727788367,0,96407
32870727792112,1,96407
32870727802054,0,96407
32870727805669,1,96407
32870727815567,0,96407
32870727819269,1,96407
32870727829233,0,96407
32870727832337,1,96407
32870727842290,0,96407
32870727845253,1,96407
32870727855325,0,96407
32870727858462,1,96407
32870727868426,0,96407
32870727872323,1,96407
32870727882211,0,96407
32870727885662,1,96407
32870727896180,0,96407
32870727901531,1,96407
32870727916032,0,96407
32870727921915,1,96407
32870727934484,0,96407
32870727938337,1,96407
32870727948279,0,96407
32870727951752,1,96407
32870727961695,0,96407
32870727965265,1,96407
32870727975251,0,96407
32870727978746,1,96407
32870727988862,0,96407
32870727992585,1,96407
32870728002701,0,96407
32870728006066,1,96407
32870728016138,0,96407
32870728019752,1,96407
32870728029695,0,96407
32870728033602,1,96407
32870728043479,0,96407
32870728047246,1,96407
32870728057220,0,96407
32870728061356,1,96407
32870728071341,0,96407
32870728074674,1,96407
32870728084616,0,96407
32870728088176,1,96407
32870728098097,0,96407
32870728101863,1,96407
32870728111946,0,96407
32870728115246,1,96407
32870728125156,0,96407
32870728128499,1,96407
32870728138397,0,96407
32870728141762,1,96407
32870728151628,0,96407
32870728155297,1,96407
32870728165207,0,96407
32870728168919,1,96407
32870728179013,0,96407
32870728182725,1,96407
32870728192656,0,96407
32870728195782,1,96407
32870728205735,0,96407
32870728209057,1,96407
32870728218923,0,96407
32870728222516,1,96407
32870728232425,0,96407
32870728236116,1,96407
32870728246091,0,96407
32870728249781,1,96407
32870728259767,0,96407
32870728263348,1,96407
32870728273215,0,96407
32870728276916,1,96407
32870728286771,0,96407
32870728290212,1,96407
32870728300089,0,96407
32870728303823,1,96407
32870728313743,0,96407
32870728317249,1,96407
32870728327268,0,96407
32870728330426,1,96407
32870728340401,0,96407
32870728344287,1,96407
32870728354185,0,96407
32870728357919,1,96407
32870728367916,0,96407
32870728371508,1,96407
32870728381451,0,96407
32870728384913,1,96407
32870728394768,0,96407
32870728397927,1,96407
32870728408010,0,96407
32870728411386,1,96407
32870728421458,0,96407
32870728424812,1,96407
32870728434613,0,96407
32870728437370,1,96407
32870728447226,0,96407
32870728451285,1,96407
32870728461227,0,96407
32870728464505,1,96407
32870728474339,0,96407
32870728477497,1,96407
32870728487364,0,96407
32870728491195,1,96407
32870728501072,0,96407
32870728504698,1,96407
32870728514640,0,96407
32870728517733,1,96407
32870728527686,0,96407
32870728531681,1,96407
32870728541710,0,96407
32870728545422,1,96407
32870728555331,0,96407
32870728558848,1,96407
32870728568845,0,96407
32870728572318,1,96407
32870728582293,0,96407
32870728585560,1,96407
32870728595437,0,96407
32870728599355,1,96407
32870728609265,0,96407
32870728612716,1,96407
32870728662059,0,96407
32870728669342,1,96407
32870728684754,0,96407
32870728688792,1,96407
32870728698875,0,96407
32870728703922,1,96407
32870728713962,0,96407
32870728717240,1,96407
32870728727128,0,96407
32870728730504,1,96407
32870728740403,0,96407
32870728744354,1,96407
32870728754317,0,96407
32870728758377,1,96407
32870728768373,0,96407
32870728772020,1,96407
32870728781952,0,96407
32870728785751,1,96407
32870728795736,0,96407
32870728799633,1,96407
32870728809694,0,96407
32870728813038,1,96407
32870728822980,0,96407
32870728826648,1,96407
32870728836569,0,96407
32870728839847,1,96407
32870728849746,0,96407
32870728853371,1,96407
32870728863357,0,96407
32870728867177,1,96407
32870728877163,0,96407
32870728880669,1,96407
32870728890644,0,96407
32870728893748,1,96407
32870728903723,0,96407
32870728907489,1,96407
32870728917388,0,96407
32870728921523,1,96407
32870728931433,0,96407
32870728934917,1,96407
32870728944859,0,96407
32870728948625,1,96407
32870728958633,0,96407
32870728962334,1,96407
32870728972276,0,96407
32870728975066,1,96407
32870728984975,0,96407
32870728988774,1,96407
32870729000594,0,96407
32870729005696,1,96407
32870729020620,0,96407
32870729026047,1,96407
32870729036673,0,96407
32870729040222,1,96407
32870729050490,0,96407
32870729053616,1,96407
32870729063569,0,96407
32870729066956,1,96407
32870729076833,0,96407
32870729080501,1,96407
32870729090389,0,96407
32870729094134,1,96407
32870729104065,0,96407
32870729107680,1,96407
32870729117785,0,96407
32870729121508,1,96407
32870729131417,0,96407
32870729134815,1,96407
32870729144844,0,96407
32870729148795,1,96407
32870729158791,0,96407
32870729162362,1,96407
32870729172228,0,96407
32870729175973,1,96407
32870729185850,0,96407
32870729189465,1,96407
32870729199374,0,96407
32870729202131,1,96407
32870729212106,0,96407
32870729215666,1,96407
32870729225587,0,96407
32870729228843,1,96407
32870729238666,0,96407
32870729241325,1,96407
32870729251224,0,96407
32870729261361,1,96407
32870729271683,0,96407
32870729275330,1,96407
32870729285262,0,96407
32870729289234,1,96407
32870729299394,0,96407
32870729302509,1,96407
32870729312549,0,96407
32870729315772,1,96407
32870729325660,0,96407
32870729329568,1,96407
32870729339640,0,96407
32870729343721,1,96407
32870729353642,0,96407
32870729356952,1,96407
32870729366905,0,96407
32870729370303,1,96407
32870729380169,0,96407
32870729383946,1,96407
32870729393856,0,96407
32870729396928,1,96407
32870729406859,0,96407
32870729410430,1,96407
32870729420394,0,96407
32870729423921,1,96407
32870729433983,0,96407
32870729437565,1,96407
32870729447442,0,96407
32870729451197,1,96407
32870729461237,0,96407
32870729464678,1,96407
32870729474599,0,96407
32870729478376,1,96407
32870729488296,0,96407
32870729491932,1,96407
32870729501864,0,96407
32870729505598,1,96407
32870729515540,0,96407
32870729519024,1,96407
32870729529064,0,96407
32870729532374,1,96407
32870729542588,0,96407
32870729545844,1,96407
32870729555765,0,96407
32870729558674,1,96407
32870729568583,0,96407
32870729572187,1,96407
32870729582107,0,96407
32870729586015,1,96407
32870729595957,0,96407
32870729599647,1,96407
32870729609633,0,96407
32870729613649,1,96407
32870729623667,0,96407
32870729627824,1,96407
32870729637951,0,96407
32870729641142,1,96407
32870729651041,0,96407
32870729654536,1,96407
32870729664532,0,96407
32870729668397,1,96407
32870729678339,0,96407
32870729681975,1,96407
32870729691885,0,96407
32870729695727,1,96407
32870729705691,0,96407
32870729710206,1,96407
32870729720181,0,96407
32870729723057,1,96407
32870729732978,0,96407
32870729736994,1,96407
32870729747066,0,96407
32870729750822,1,96407
32870729760710,0,96407
32870729764617,1,96407
32870729774548,0,96407
32870729778065,1,96407
32870729787986,0,96407
32870729791383,1,96407
32870729801325,0,96407
32870729804332,1,96407
32870729814198,0,96407
32870729817574,1,96407
32870729827462,0,96407
32870729830859,1,96407
32870729840834,0,96407
32870729844177,1,96407
32870729854206,0,96407
32870729857484,1,96407
32870729867393,0,96407
32870729870932,1,96407
32870729880842,0,96407
32870729884271,1,96407
32870729894214,0,96407
32870729897611,1,96407
32870729907607,0,96407
32870729910864,1,96407
32870729920893,0,96407
32870729924290,1,96407
32870729934135,0,96407
32870729937412,1,96407
32870729947355,0,96407
32870729951186,1,96407
32870729961194,0,96407
32870729964428,1,96407
32870729974349,0,96407
32870729977854,1,96407
32870729987992,0,96407
32870729991541,1,96407
32870730001473,0,96407
32870730005098,1,96407
32870730015062,0,96407
32870730018416,1,96407
32870730028445,0,96407
32870730031940,1,96407
32870730041860,0,96407
32870730045616,1,96407
32870730055493,0,96407
32870730058966,1,96407
32870730068898,0,96407
32870730072349,1,96407
32870730084093,0,96407
32870730089412,1,96407
32870730103468,0,96407
32870730108851,1,96407
32870730123645,0,96407
32870730129745,1,96407
32870730143258,0,96407
32870730147274,1,96407
32870730161276,0,96407
32870730166822,1,96407
32870730179478,0,96407
32870730184275,1,96407
32870730198483,0,96407
32870730203802,1,96407
32870730216512,0,96407
32870730220919,1,96407
32870730234443,0,96407
32870730238480,1,96407
32870730251006,0,96407
32870730255847,1,96407
32870730268947,0,96407
32870730273083,1,96407
32870730285174,0,96407
32870730290395,1,96407
32870730303365,0,96407
32870730307794,1,96407
32870730321188,0,96407
32870730325866,1,96407
32870730338326,0,96407
32870730342928,1,96407
32870730356409,0,96407
32870730360251,1,96407
32870730373319,0,96407
32870730377314,1,96407
32870730390447,0,96407
32870730395125,1,96407
32870730408562,0,96407
32870730412795,1,96407
32870730424735,0,96407
32870730429543,1,96407
32870730441960,0,96407
32870730445954,1,96407
32870730459750,0,96407
32870730463961,1,96407
32870730477192,0,96407
32870730481501,1,96407
32870730494135,0,96407
32870730498759,1,96407
32870730564197,0,96407
32870730570883,1,96407
32870730584017,0,96407
32870730588532,1,96407
32870730604064,0,96407
32870730610121,1,96407
32870730623156,0,96407
32870730626857,1,96407
32870730636876,0,96407
32870730641738,1,96407
32870730651767,0,96407
32870730655371,1,96407
32870730665302,0,96407
32870730668852,1,96407
32870730678740,0,96407
32870730682419,1,96407
32870730692437,0,96407
32870730696855,1,96407
32870730707079,0,96407
32870730710368,1,96407
32870730720223,0,96407
32870730723740,1,96407
32870730733628,0,96407
32870730737677,1,96407
32870730747619,0,96407
32870730751320,1,96407
32870730761208,0,96407
32870730764790,1,96407
32870730859154,0,96407
32870730864831,1,96407
32870730875218,0,96407
32870730880168,1,96407
32870730890186,0,96407
32870730893572,1,96407
32870730903460,0,96407
32870730907042,1,96407
32870730917028,0,96407
32870730921163,1,96407
32870730931800,0,96407
32870730935512,1,96407
32870730945509,0,96407
32870730949655,1,96407
32870730959684,0,96407
32870730962994,1,96407
32870730972872,0,96407
32870730975867,1,96407
32870730985777,0,96407
32870730989619,1,96407
32870730999529,0,96407
32870731003382,1,96407
32870731013281,0,96407
32870731017362,1,96407
32870731027315,0,96407
32870731030376,1,96407
32870731040524,0,96407
32870731044313,1,96407
32870731054428,0,96407
32870731058216,1,96407
32870731068148,0,96407
32870731071154,1,96407
32870731081162,0,96407
32870731084733,1,96407
32870731094805,0,96407
32870731097942,1,96407
32870731107895,0,96407
32870731111477,1,96407
32870731121430,0,96407
32870731125294,1,96407
32870731135193,0,96407
32870731138938,1,96407
32870731148901,0,96407
32870731159701,1,96407
32870731174213,0,96407
32870731180172,1,96407
32870731194890,0,96407
32870731199481,1,96407
32870731209999,0,96407
32870731213439,1,96407
32870731223349,0,96407
32870731226638,1,96407
32870731236493,0,96407
32870731239738,1,96407
32870731249670,0,96407
32870731253501,1,96407
32870731263769,0,96407
32870731267036,1,96407
32870731277120,0,96407
32870731280897,1,96407
32870731290785,0,96407
32870731294486,1,96407
32870731304385,0,96407
32870731307587,1,96407
32870731317486,0,96407
32870731321621,1,96407
32870731331563,0,96407
32870731335601,1,96407
32870731345467,0,96407
32870731349136,1,96407
32870731359067,0,96407
32870731362454,1,96407
32870731372331,0,96407
32870731376010,1,96407
32870731385942,0,96407
32870731389643,1,96407
32870731399574,0,96407
32870731403221,1,96407
32870731413370,0,96407
32870731416376,1,96407
32870731426297,0,96407
32870731429759,1,96407
32870731439625,0,96407
32870731443316,1,96407
32870731453204,0,96407
32870731457079,1,96407
32870731467195,0,96407
32870731470744,1,96407
32870731480719,0,96407
32870731484517,1,96407
32870731494568,0,96407
32870731498378,1,96407
32870731508342,0,96407
32870731511631,1,96407
32870731521508,0,96407
32870731524883,1,96407
32870731534761,0,96407
32870731538169,1,96407
32870731548068,0,96407
32870731551834,1,96407
32870731561841,0,96407
32870731565260,1,96407
32870731575137,0,96407
32870731578773,1,96407
32870731588585,0,96407
32870731591961,1,96407
32870731601860,0,96407
32870731604942,1,96407
32870731614863,0,96407
32870731618553,1,96407
32870731628539,0,96407
32870731631969,1,96407
32870731641835,0,96407
32870731645254,1,96407
32870731655120,0,96407
32870731658257,1,96407
32870731668178,0,96407
32870731672346,1,96407
32870731682266,0,96407
32870731685305,1,96407
32870731695204,0,96407
32870731698699,1,96407
32870731708544,0,96407
32870731712212,1,96407
32870731722155,0,96407
32870731726279,1,96407
32870731736308,0,96407
32870731740020,1,96407
32870731749919,0,96407
32870731752926,1,96407
32870731762835,0,96407
32870731766613,1,96407
32870731776652,0,96407
32870731780755,1,96407
32870731790708,0,96407
32870731793704,1,96407
32870731803538,0,96407
32870731806968,1,96407
32870731816932,0,96407
32870731820199,1,96407
32870731830076,0,96407
32870731833028,1,96407
32870731843003,0,96407
32870731845977,1,96407
32870731855821,0,96407
32870731859609,1,96407
32870731869476,0,96407
32870731872721,1,96407
32870731882652,0,96407
32870731886267,1,96407
32870731896187,0,96407
32870731899368,1,96407
32870731909277,0,96407
32870731912533,1,96407
32870731922443,0,96407
32870731926079,1,96407
32870731935978,0,96407
32870731939842,1,96407
32870731949882,0,96407
32870731953420,1,96407
32870731963308,0,96407
32870731966727,1,96407
32870731976594,0,96407
32870731979535,1,96407
32870731989477,0,96407
32870731993146,1,96407
32870732003088,0,96407
32870732006703,1,96407
32870732016558,0,96407
32870732019836,1,96407
32870732029735,0,96407
32870732033219,1,96407
32870732043205,0,96407
32870732046808,1,96407
32870732056848,0,96407
32870732059779,1,96407
32870732069601,0,96407
32870732073433,1,96407
32870732083288,0,96407
32870732086794,1,96407
32870732096671,0,96407
32870732100329,1,96407
32870732110239,0,96407
32870732113712,1,96407
32870732123643,0,96407
32870732126802,1,96407
32870732136733,0,96407
32870732140250,1,96407
32870732150149,0,96407
32870732153448,1,96407
32870732163412,0,96407
32870732167114,1,96407
32870732177034,0,96407
32870732180062,1,96407
32870732189907,0,96407
32870732193771,1,96407
32870732203594,0,96407
32870732207165,1,96407
32870732217042,0,96407
32870732220211,1,96407
32870732230164,0,96407
32870732233301,1,96407
32870732243124,0,96407
32870732247162,1,96407
32870732261326,0,96407
32870732265961,1,96407
32870732277987,0,96407
32870732281558,1,96407
32870732291511,0,96407
32870732294605,1,96407
32870732304558,0,96407
32870732307977,1,96407
32870732317865,0,96407
32870732321555,1,96407
32870732331823,0,96407
32870732334449,1,96407
32870732344413,0,96407
32870732347952,1,96407
32870732358013,0,96407
32870732361617,1,96407
32870732371527,0,96407
32870732375456,1,96407
32870732385420,0,96407
32870732389121,1,96407
32870732399020,0,96407
32870732402558,1,96407
32870732412446,0,96407
32870732416137,1,96407
32870732426046,0,96407
32870732429975,1,96407
32870732439928,0,96407
32870732443847,1,96407
32870732453746,0,96407
32870732457425,1,96407
32870732467324,0,96407
32870732470732,1,96407
32870732480685,0,96407
32870732484484,1,96407
32870732494470,0,96407
32870732498117,1,96407
32870732507994,0,96407
32870732511890,1,96407
32870732521768,0,96407
32870732525273,1,96407
32870732535183,0,96407
32870732538906,1,96407
32870732548772,0,96407
32870732551649,1,96407
32870732561591,0,96407
32870732565173,1,96407
32870732575115,0,96407
32870732578306,1,96407
32870732588107,0,96407
32870732592047,1,96407
32870732602000,0,96407
32870732605321,1,96407
32870732615296,0,96407
32870732619063,1,96407
32870732628929,0,96407
32870732632880,1,96407
32870732642811,0,96407
32870732646360,1,96407
32870732656281,0,96407
32870732659798,1,96407
32870732669675,0,96407
32870732673050,1,96407
32870732682906,0,96407
32870732686173,1,96407
32870732696082,0,96407
32870732699697,1,96407
32870732709672,0,96407
32870732712993,1,96407
32870732722935,0,96407
32870732726571,1,96407
32870732736524,0,96407
32870732739954,1,96407
32870732749821,0,96407
32870732752675,1,96407
32870732762607,0,96407
32870732766058,1,96407
32870732775979,0,96407
32870732779430,1,96407
32870732789340,0,96407
32870732792867,1,96407
32870732802745,0,96407
32870732806283,1,96407
32870732816204,0,96407
32870732819861,1,96407
32870732829782,0,96407
32870732833537,1,96407
32870732843371,0,96407
32870732846388,1,96407
32870732856287,0,96407
32870732860216,1,96407
32870732870170,0,96407
32870732873860,1,96407
32870732883748,0,96407
32870732887796,1,96407
32870732897728,0,96407
32870732901505,1,96407
32870732911393,0,96407
32870732915257,1,96407
32870732925112,0,96407
32870732928955,1,96407
32870732938864,0,96407
32870732942587,1,96407
32870732952540,0,96407
32870732955927,1,96407
32870732966542,0,96407
32870732970373,1,96407
32870732980218,0,96407
32870732983637,1,96407
32870733024578,0,96407
32870733030515,1,96407
32870733041500,0,96407
32870733046265,1,96407
32870733056304,0,96407
32870733059897,1,96407
32870733069948,0,96407
32870733073769,1,96407
32870733083743,0,96407
32870733087792,1,96407
32870733097854,0,96407
32870733101566,1,96407
32870733112094,0,96407
32870733115415,1,96407
32870733125260,0,96407
32870733128494,1,96407
32870733138382,0,96407
32870733141324,1,96407
32870733151223,0,96407
32870733161132,1,96407
32870733171465,0,96407
32870733174342,1,96407
32870733184219,0,96407
32870733188018,1,96407
32870733197873,0,96407
32870733201259,1,96407
32870733211278,0,96407
32870733215174,1,96407
32870733225171,0,96407
32870733228742,1,96407
32870733238825,0,96407
32870733242526,1,96407
32870733252382,0,96407
32870733255877,1,96407
32870733265743,0,96407
32870733269086,1,96407
32870733279006,0,96407
32870733282241,1,96407
32870733292118,0,96407
32870733295439,1,96407
32870733305317,0,96407
32870733308410,1,96407
32870733318298,0,96407
32870733321717,1,96407
32870733332951,0,96407
32870733338823,1,96407
32870733353378,0,96407
32870733359109,1,96407
32870733374077,0,96407
32870733379677,1,96407
32870733390032,0,96407
32870733394091,1,96407
32870733404109,0,96407
32870733407865,1,96407
32870733417818,0,96407
32870733421530,1,96407
32870733431559,0,96407
32870733435119,1,96407
32870733445105,0,96407
32870733448274,1,96407
32870733458227,0,96407
32870733461701,1,96407
32870733471795,0,96407
32870733475116,1,96407
32870733485015,0,96407
32870733488716,1,96407
32870733498572,0,96407
32870733502533,1,96407
32870733512443,0,96407
32870733516123,1,96407
32870733526076,0,96407
32870733529614,1,96407
32870733539687,0,96407
32870733543355,1,96407
32870733553254,0,96407
32870733556923,1,96407
32870733566908,0,96407
32870733570490,1,96407
32870733580378,0,96407
32870733584329,1,96407
32870733594260,0,96407
32870733597148,1,96407
32870733607079,0,96407
32870733611095,1,96407
32870733621026,0,96407
32870733624695,1,96407
32870733634540,0,96407
32870733637969,1,96407
32870733647847,0,96407
32870733651787,1,96407
32870733661837,0,96407
32870733665680,1,96407
32870733675568,0,96407
32870733678997,1,96407
32870733688929,0,96407
32870733692380,1,96407
32870733702334,0,96407
32870733705991,1,96407
32870733715858,0,96407
32870733719798,1,96407
32870733729707,0,96407
32870733732974,1,96407
32870733742927,0,96407
32870733745923,1,96407
32870733755779,0,96407
32870733759111,1,96407
32870733768966,0,96407
32870733772494,1,96407
32870733782382,0,96407
32870733786148,1,96407
32870733796090,0,96407
32870733799639,1,96407
32870733809560,0,96407
32870733813435,1,96407
32870733823290,0,96407
32870733826807,1,96407
32870733836662,0,96407
32870733840559,1,96407
32870733850642,0,96407
32870733853985,1,96407
32870733863960,0,96407
32870733867162,1,96407
32870733877007,0,96407
32870733880176,1,96407
32870733890053,0,96407
32870733893559,1,96407
32870733903480,0,96407
32870733907430,1,96407
32870733917514,0,96407
32870733920651,1,96407
32870733930712,0,96407
32870733934316,1,96407
32870733944204,0,96407
32870733947981,1,96407
32870733957858,0,96407
32870733961027,1,96407
32870733970915,0,96407
32870733974649,1,96407
32870733984505,0,96407
32870733987511,1,96407
32870733997410,0,96407
32870734001013,1,96407
32870734010977,0,96407
32870734014657,1,96407
32870734024621,0,96407
32870734029874,1,96407
32870734039860,0,96407
32870734043583,1,96407
32870734053438,0,96407
32870734060569,1,96407
32870734070522,0,96407
32870734074321,1,96407
32870734084209,0,96407
32870734087639,1,96407
32870734097527,0,96407
32870734101152,1,96407
32870734111160,0,96407
32870734114655,1,96407
32870734124543,0,96407
32870734127755,1,96407
32870734137633,0,96407
32870734140834,1,96407
32870734150679,0,96407
32870734154261,1,96407
32870734164322,0,96407
32870734167720,1,96407
32870734177868,0,96407
32870734181309,1,96407
32870734191273,0,96407
32870734194551,1,96407
32870734204569,0,96407
32870734207890,1,96407
32870734217767,0,96407
32870734220514,1,96407
32870734230510,0,96407
32870734234309,1,96407
32870734244262,0,96407
32870734247334,1,96407
32870734257178,0,96407
32870734260749,1,96407
32870734270626,0,96407
32870734274110,1,96407
32870734284085,0,96407
32870734287515,1,96407
32870734297609,0,96407
32870734301278,1,96407
32870734311123,0,96407
32870734314672,1,96407
32870734324538,0,96407
32870734327859,1,96407
32870734337704,0,96407
32870734341166,1,96407
32870734351033,0,96407
32870734354647,1,96407
32870734364578,0,96407
32870734368323,1,96407
32870734378309,0,96407
32870734381945,1,96407
32870734391800,0,96407
32870734395425,1,96407
32870734405335,0,96407
32870734408863,1,96407
32870734421421,0,96407
32870734427065,1,96407
32870734438928,0,96407
32870734442749,1,96407
32870734452767,0,96407
32870734455817,1,96407
32870734465651,0,96407
32870734469460,1,96407
32870734479435,0,96407
32870734482887,1,96407
32870734492818,0,96407
32870734495890,1,96407
32870734505724,0,96407
32870734509642,1,96407
32870734519584,0,96407
32870734523036,1,96407
32870734533119,0,96407
32870734536668,1,96407
32870734546632,0,96407
32870734550377,1,96407
32870734560308,0,96407
32870734563814,1,96407
32870734573843,0,96407
32870734577642,1,96407
32870734587671,0,96407
32870734591340,1,96407
32870734601326,0,96407
32870734605114,1,96407
32870734615186,0,96407
32870734618616,1,96407
32870734628515,0,96407
32870734631879,1,96407
32870734641746,0,96407
32870734645056,1,96407
32870734655031,0,96407
32870734663247,1,96407
32870734673515,0,96407
32870734676641,1,96407
32870734686508,0,96407
32870734690209,1,96407
32870734700097,0,96407
32870734703331,1,96407
32870734713198,0,96407
32870734717127,1,96407
32870734727253,0,96407
32870734731193,1,96407
32870734741038,0,96407
32870734744576,1,96407
32870734754497,0,96407
32870734758046,1,96407
32870734795384,0,96403
32870734799953,1,96403
32870734860899,0,96403
32870734865935,1,96403
32870734876257,0,96403
32870734880718,1,96403
32870734890758,0,96403
32870734894937,1,96403
32870734904933,0,96403
32870734908493,1,96403
32870734921561,0,96406
32870734929821,1,96406
32870734993176,0,96406
32870734999678,1,96406
32870735058875,0,96406
32870735064617,1,96406
32870735078901,0,96403
32870735086542,1,96403
32870735109075,0,96403
32870735112700,1,96403
32870735123066,0,96403
32870735127016,1,96403
32870735137816,0,96403
32870735142082,1,96403
32870735152067,0,96403
32870735155910,1,96403
32870735165885,0,96403
32870735169987,1,96403
32870735227600,0,96403
32870735233787,1,96403
32870735291248,0,96403
32870735296621,1,96403
32870735306900,0,96403
32870735310047,1,96403
32870735365348,0,96403
32870735371394,1,96403
32870735384636,0,96404
32870735393699,1,96404
32870735500242,0,96405
32870735509348,1,96405
32870735530980,0,96405
32870735535202,1,96405
32870735545296,0,96405
32870735550430,1,96405
32870735560601,0,96405
32870735564052,1,96405
32870735574059,0,96405
32870735578010,1,96405
32870735585001,0,96407
32870735590330,1,96407
32870735599165,0,96403
32870735603810,1,96403
32870735609672,0,96404
32870735614665,1,96404
32870735624118,0,96403
32870735627960,1,96403
32870735686192,0,96403
32870735692466,1,96403
32870735702907,0,96403
32870735707227,1,96403
32870735763375,0,96403
32870735768747,1,96403
32870735824265,0,96403
32870735829812,1,96403
32870735840112,0,96403
32870735845051,1,96403
32870735855134,0,96403
32870735858911,1,96403
32870735869548,0,96403
32870735872772,1,96403
32870735882703,0,96403
32870735886708,1,96403
32870735896629,0,96403
32870735900167,1,96403
32870735956673,0,96403
32870735962545,1,96403
32870736018519,0,96403
32870736023870,1,96403
32870736034084,0,96403
32870736037774,1,96403
32870736093064,0,96403
32870736098003,1,96403
32870736107979,0,96406
32870736117216,1,96406
32870736163910,0,96406
32870736169793,1,96406
32870736180267,0,96406
32870736184923,1,96406
32870736194876,0,96406
32870736198871,1,96406
32870736208856,0,96406
32870736212634,1,96406
32870736222576,0,96406
32870736226266,1,96406
32870736236295,0,96406
32870736240311,1,96406
32870736249753,0,96404
32870736258458,1,96404
32870736321726,0,96404
32870736327011,1,96404
32870736341308,0,96405
32870736347776,1,96405
32870736410534,0,96405
32870736417264,1,96405
32870736426586,0,96403
32870736443399,1,96403
32870736506862,0,96403
32870736512332,1,96403
32870736580931,0,96407
32870736588192,1,96407
32870736625670,0,96403
32870736632019,1,96403
32870736753736,0,96403
32870736759792,1,96403
32870736815625,0,96403
32870736821617,1,96403
32870736833252,0,96406
32870736840513,1,96406
32870736863339,0,96406
32870736867974,1,96406
32870736878057,0,96406
32870736881617,1,96406
32870736892298,0,96404
32870736901328,1,96404
32870736962632,0,96404
32870736967907,1,96404
32870736982049,0,96405
32870736988366,1,96405
32870737050006,0,96405
32870737055965,1,96405
32870737065874,0,96403
32870737074492,1,96403
32870737097188,0,96403
32870737101790,1,96403
32870737112069,0,96403
32870737117583,1,96403
32870737137001,0,96406
32870737144512,1,96406
32870737164212,0,96406
32870737168076,1,96406
32870737175923,0,96403
32870737180818,1,96403
32870737190381,0,96405
32870737199889,1,96405
32870737230269,0,96406
32870737234991,1,96406
32870737249828,0,96406
32870737253117,1,96406
32870737263395,0,96405
32870737268518,1,96405
32870737279264,0,96407
32870737288924,1,96407
32870737351844,0,96407
32870737356935,1,96407
32870737368528,0,96405
32870737377548,1,96405
32870737439948,0,96405
32870737445917,1,96405
32870737456261,0,96405
32870737461059,1,96405
32870737518357,0,96405
32870737524283,1,96405
32870737579877,0,96405
32870737585814,1,96405
32870737594919,0,96407
32870737601225,1,96407
32870737663451,0,96407
32870737669008,1,96407
32870737682435,0,96403
32870737703340,1,96403
32870737822310,0,96403
32870737828693,1,96403
32870737838048,0,96406
32870737847448,1,96406
32870737909609,0,96406
32870737914341,1,96406
32870737924305,0,96404
32870737932652,1,96404
32870737954013,0,96404
32870737959581,1,96404
32870737969935,0,96404
32870737973550,1,96404
32870737992685,0,96405
32870737999925,1,96405
32870738019430,0,96405
32870738023456,1,96405
32870738033258,0,96404
32870738038663,1,96404
32870738047183,0,96406
32870738054748,1,96406
32870738070422,0,96404
32870738075458,1,96404
32870738086236,0,96405
32870738091706,1,96405
32870738107293,0,96405
32870738111884,1,96405
32870738121826,0,96405
32870738125723,1,96405
32870738132637,0,96404
32870738137629,1,96404
32870738147886,0,96407
32870738154257,1,96407
32870738215658,0,96407
32870738221704,1,96407
32870738278622,0,96407
32870738285048,1,96407
32870738341261,0,96407
32870738346590,1,96407
32870738356163,0,96404
32870738365552,1,96404
32870738385415,0,96406
32870738391178,1,96406
32870738403671,0,96407
32870738409597,1,96407
32870738416131,0,96404
32870738420104,1,96404
32870738425433,0,96407
32870738430665,1,96407
32870738441356,0,96405
32870738449551,1,96405
32870738469609,0,96405
32870738474418,1,96405
32870738484490,0,96405
32870738487855,1,96405
32870738501021,0,96406
32870738510594,1,96406
32870738531314,0,96406
32870738535667,1,96406
32870738546097,0,96405
32870738551731,1,96405
32870738560489,0,96404
32870738567848,1,96404
32870738588330,0,96404
32870738593562,1,96404
32870738604057,0,96404
32870738607715,1,96404
32870738621652,0,96406
32870738628544,1,96406
32870738690097,0,96406
32870738696490,1,96406
32870738708518,0,96404
32870738716734,1,96404
32870738781163,0,96404
32870738786330,1,96404
32870738795913,0,96405
32870738803228,1,96405
32870738878252,0,96407
32870738885470,1,96407
32870738946480,0,96407
32870738952331,1,96407
32870738967915,0,96403
32870738976577,1,96403
32870739040832,0,96403
32870739046628,1,96403
32870739103156,0,96403
32870739107867,1,96403
32870739118742,0,96403
32870739123117,1,96403
32870739132647,0,96405
32870739141297,1,96405
32870739160943,0,96405
32870739165089,1,96405
32870739176182,0,96405
32870739180437,1,96405
32870739194883,0,96406
32870739203708,1,96406
32870739266086,0,96406
32870739271078,1,96406
32870739326130,0,96406
32870739331861,1,96406
32870739341238,0,96404
32870739349172,1,96404
32870739411192,0,96404
32870739417010,1,96404
32870739427397,0,96404
32870739430968,1,96404
32870739525517,0,96404
32870739530391,1,96404
32870739544555,0,96406
32870739552544,1,96406
32870739613663,0,96406
32870739619741,1,96406
32870739675096,0,96406
32870739681207,1,96406
32870739691572,0,96406
32870739695947,1,96406
32870739751497,0,96406
32870739756327,1,96406
32870739811694,0,96406
32870739816621,1,96406
32870739827084,0,96404
32870739833716,1,96404
32870739896485,0,96404
32870739901966,1,96404
32870739913212,0,96407
32870739921060,1,96407
32870739986184,0,96407
32870739992750,1,96407
32870740049061,0,96407
32870740054878,1,96407
32870740070192,0,96406
32870740077887,1,96406
32870740139592,0,96406
32870740145844,1,96406
32870740202816,0,96406
32870740209079,1,96406
32870740219358,0,96406
32870740223341,1,96406
32870740232199,0,96405
32870740240480,1,96405
32870740303509,0,96405
32870740308752,1,96405
32870740364715,0,96405
32870740369415,1,96405
32870740379661,0,96405
32870740384740,1,96405
32870740440725,0,96405
32870740445458,1,96405
32870740500476,0,96405
32870740506783,1,96405
32870740518266,0,96406
32870740527785,1,96406
32870740590944,0,96406
32870740596567,1,96406
32870740606726,0,96403
32870740615517,1,96403
32870740677917,0,96403
32870740683496,1,96403
32870740740555,0,96403
32870740747339,1,96403
32870740765053,0,96403
32870740819008,1,96403
32870740841454,0,96403
32870740844786,1,96403
32870740927787,0,96403
32870740933246,1,96403
32870740942299,0,96407
32870740951069,1,96407
32870741012936,0,96407
32870741018667,1,96407
32870741030966,0,96404
32870741039845,1,96404
32870741102863,0,96404
32870741108768,1,96404
32870741119035,0,96404
32870741122596,1,96404
32870741179112,0,96404
32870741184366,1,96404
32870741194914,0,96406
32870741205225,1,96406
32870741271434,0,96406
32870741276970,1,96406
32870741366244,0,96406
32870741371237,1,96406
32870741427840,0,96406
32870741433940,1,96406
32870741444252,0,96406
32870741448485,1,96406
32870741457711,0,96405
32870741466416,1,96405
32870741528359,0,96405
32870741533396,1,96405
32870741542871,0,96404
32870741552520,1,96404
32870741617015,0,96404
32870741623516,1,96404
32870741651801,0,96403
32870741670177,1,96403
32870741688130,0,96406
32870741693828,1,96406
32870741705605,0,96404
32870741711260,1,96404
32870741719433,0,96405
32870741728572,1,96405
32870741791384,0,96405
32870741797028,1,96405
32870741809944,0,96403
32870741818009,1,96403
32870741882167,0,96403
32870741887702,1,96403
32870741900456,0,96406
32870741908683,1,96406
32870741969975,0,96406
32870741974838,1,96406
32870742031908,0,96406
32870742036966,1,96406
32870742047505,0,96405
32870742054506,1,96405
32870742115951,0,96405
32870742121692,1,96405
32870742178936,0,96405
32870742185894,1,96405
32870742241314,0,96405
32870742246437,1,96405
32870742256607,0,96405
32870742260689,1,96405
32870742315436,0,96405
32870742321883,1,96405
32870742332672,0,96405
32870742337372,1,96405
32870742392825,0,96405
32870742397470,1,96405
32870742407727,0,96407
32870742416269,1,96407
32870742438835,0,96407
32870742442590,1,96407
32870742452989,0,96405
32870742458861,1,96405
32870742468304,0,96403
32870742476422,1,96403
32870742496546,0,96403
32870742501072,1,96403
32870742511177,0,96403
32870742515008,1,96403
32870742531170,0,96403
32870742535522,1,96403
32870742600407,0,96405
32870742607842,1,96405
32870742630071,0,96405
32870742633306,1,96405
32870742643443,0,96405
32870742647568,1,96405
32870742655296,0,96403
32870742661049,1,96403
32870742718922,0,96403
32870742723730,1,96403
32870742732696,0,96404
32870742740641,1,96404
32870742801239,0,96404
32870742807642,1,96404
32870742819659,0,96407
32870742829265,1,96407
32870742892370,0,96407
32870742897873,1,96407
32870742967098,0,96406
32870742973480,1,96406
32870743014673,0,96407
32870743020783,1,96407
32870743032050,0,96407
32870743036511,1,96407
32870743047417,0,96403
32870743056622,1,96403
32870743077798,0,96403
32870743082498,1,96403
32870743092711,0,96403
32870743097031,1,96403
32870743106615,0,96405
32870743113453,1,96405
32870743133099,0,96405
32870743137169,1,96405
32870743147383,0,96405
32870743152701,1,96405
32870743165804,0,96406
32870743173011,1,96406
32870743193253,0,96406
32870743197302,1,96406
32870743207537,0,96406
32870743212649,1,96406
32870743222733,0,96406
32870743226173,1,96406
32870743284687,0,96406
32870743291373,1,96406
32870743347347,0,96406
32870743352687,1,96406
32870743365841,0,96403
32870743374948,1,96403
32870743436783,0,96403
32870743442177,1,96403
32870743452119,0,96405
32870743459836,1,96405
32870743525025,0,96405
32870743531060,1,96405
32870743541382,0,96405
32870743546039,1,96405
32870743556144,0,96405
32870743559422,1,96405
32870743570254,0,96405
32870743574519,1,96405
32870743584538,0,96405
32870743588195,1,96405
32870743598181,0,96405
32870743602251,1,96405
32870743660917,0,96405
32870743666789,1,96405
32870743723089,0,96405
32870743729503,1,96405
32870743739923,0,96405
32870743744330,1,96405
32870743799077,0,96405
32870743804201,1,96405
32870743813948,0,96403
32870743822294,1,96403
32870743899368,0,96404
32870743907042,1,96404
32870743929770,0,96404
32870743935121,1,96404
32870743952379,0,96403
32870743957622,1,96403
32870744006986,0,96407
32870744013911,1,96407
32870744026827,0,96405
32870744033632,1,96405
32870744055535,0,96405
32870744059139,1,96405
32870744069244,0,96405
32870744073010,1,96405
32870744082920,0,96405
32870744086610,1,96405
32870744094208,0,96407
32870744100156,1,96407
32870744115102,0,96407
32870744118869,1,96407
32870744128789,0,96407
32870744133055,1,96407
32870744143648,0,96405
32870744149477,1,96405
32870744162523,0,96406
32870744169861,1,96406
32870744186131,0,96406
32870744191254,1,96406
32870744201576,0,96406
32870744205038,1,96406
32870744214492,0,96404
32870744220353,1,96404
32870744240292,0,96403
32870744245274,1,96403
32870744256855,0,96406
32870744261316,1,96406
32870744272539,0,96406
32870744276100,1,96406
32870744283979,0,96405
32870744289678,1,96405
32870744299001,0,96403
32870744314045,1,96403
32870744332464,0,96407
32870744340876,1,96407
32870744360913,0,96407
32870744364842,1,96407
32870744372526,0,96403
32870744378941,1,96403
32870744389697,0,96405
32870744397023,1,96405
32870744416387,0,96405
32870744420045,1,96405
32870744430052,0,96405
32870744433439,1,96405
32870744442589,0,96403
32870744448884,1,96403
32870744568473,0,96403
32870744574432,1,96403
32870744631090,0,96403
32870744636256,1,96403
32870744649770,0,96405
32870744658985,1,96405
32870744720483,0,96405
32870744725454,1,96405
32870744738687,0,96404
32870744748358,1,96404
32870744812147,0,96404
32870744817476,1,96404
32870744873830,0,96404
32870744878258,1,96404
32870744887569,0,96406
32870744895927,1,96406
32870744956861,0,96406
32870744962646,1,96406
32870744975736,0,96403
32870744984072,1,96403
32870745046678,0,96403
32870745053288,1,96403
32870745121864,0,96407
32870745128843,1,96407
32870745149118,0,96407
32870745153340,1,96407
32870745163423,0,96407
32870745168557,1,96407
32870745175884,0,96403
32870745181398,1,96403
32870745189972,0,96407
32870745194119,1,96407
32870745204951,0,96406
32870745209846,1,96406
32870745232053,0,96404
32870745239455,1,96404
32870745259427,0,96404
32870745263540,1,96404
32870745278780,0,96405
32870745286106,1,96405
32870745347507,0,96405
32870745353889,1,96405
32870745365970,0,96404
32870745376096,1,96404
32870745424570,0,96403
32870745431539,1,96403
32870745453323,0,96403
32870745456861,1,96403
32870745471557,0,96405
32870745480251,1,96405
32870745493764,0,96404
32870745500505,1,96404
32870745510827,0,96404
32870745514637,1,96404
32870745524698,0,96404
32870745527488,1,96404
32870745538331,0,96404
32870745541435,1,96404
32870745554720,0,96406
32870745561732,1,96406
32870745636928,0,96406
32870745643517,1,96406
32870745700913,0,96406
32870745707099,1,96406
32870745763301,0,96406
32870745769315,1,96406
32870745777661,0,96404
32870745785671,1,96404
32870745808096,0,96404
32870745811341,1,96404
32870745821511,0,96404
32870745825104,1,96404
32870745842481,0,96405
32870745851707,1,96405
32870745915506,0,96405
32870745920510,1,96405
32870745977450,0,96405
32870745983311,1,96405
32870745995513,0,96404
32870746004250,1,96404
32870746067876,0,96404
32870746073596,1,96404
32870746130949,0,96404
32870746135757,1,96404
32870746144070,0,96406
32870746151928,1,96406
32870746214686,0,96406
32870746221209,1,96406
32870746233181,0,96405
32870746242147,1,96405
32870746305664,0,96405
32870746322976,1,96405
32870746379167,0,96405
32870746383748,1,96405
32870746393017,0,96403
32870746401950,1,96403
32870746419902,0,96406
32870746424493,1,96406
32870746439016,0,96405
32870746444964,1,96405
32870746454993,0,96404
32870746463600,1,96404
32870746525913,0,96404
32870746532436,1,96404
32870746589267,0,96404
32870746594412,1,96404
32870746650245,0,96404
32870746655140,1,96404
32870746665321,0,96404
32870746670206,1,96404
32870746680354,0,96404
32870746683523,1,96404
32870746693487,0,96404
32870746696906,1,96404
32870746706784,0,96404
32870746710572,1,96404
32870746720503,0,96404
32870746724302,1,96404
32870746780135,0,96404
32870746786115,1,96404
32870746846453,0,96404
32870746852607,1,96404
32870746927022,0,96404
32870746931797,1,96404
32870746942174,0,96403
32870746954222,1,96403
32870746979490,0,96403
32870746984168,1,96403
32870746994512,0,96403
32870746998549,1,96403
32870747012345,0,96406
32870747021104,1,96406
32870747097137,0,96406
32870747106134,1,96406
32870747187941,0,96406
32870747193542,1,96406
32870747250254,0,96406
32870747255431,1,96406
32870747265601,0,96406
32870747271028,1,96406
32870747337465,0,96406
32870747345052,1,96406
32870747414029,0,96406
32870747420140,1,96406
32870747476212,0,96406
32870747482724,1,96406
32870747496487,0,96407
32870747504779,1,96407
32870747527518,0,96407
32870747532750,1,96407
32870747543615,0,96407
32870747547511,1,96407
32870747557041,0,96405
32870747563836,1,96405
32870747624662,0,96405
32870747639347,1,96405
32870747698577,0,96405
32870747703809,1,96405
32870747714011,0,96406
32870747734569,1,96406
32870747757764,0,96406
32870747762214,1,96406
32870747774750,0,96407
32870747783379,1,96407
32870747804175,0,96407
32870747807573,1,96407
32870747817732,0,96407
32870747821705,1,96407
32870747829661,0,96404
32870747849860,1,96404
32870747906420,0,96404
32870747912509,1,96404
32870747922690,0,96404
32870747926109,1,96404
32870747936041,0,96404
32870747939611,1,96404
32870747949575,0,96404
32870747952734,1,96404
32870747963696,0,96404
32870747966779,1,96404
32870747976873,0,96404
32870747980184,1,96404
32870747990169,0,96404
32870747993393,1,96404
32870748005778,0,96405
32870748014917,1,96405
32870748077251,0,96405
32870748084295,1,96405
32870748140975,0,96405
32870748146695,1,96405
32870748157191,0,96405
32870748160925,1,96405
32870748216866,0,96405
32870748222250,1,96405
32870748231508,0,96406
32870748240299,1,96406
32870748303904,0,96406
32870748310036,1,96406
32870748323714,0,96404
32870748332213,1,96404
32870748395470,0,96404
32870748400126,1,96404
32870748415287,0,96407
32870748423417,1,96407
32870748488009,0,96407
32870748496128,1,96407
32870748509348,0,96405
32870748520647,1,96405
32870748553556,0,96405
32870748561089,1,96405
32870748569739,0,96407
32870748575807,1,96407
32870748649343,0,96407
32870748658786,1,96407
32870748728392,0,96407
32870748733407,1,96407
32870748743740,0,96407
32870748747810,1,96407
32870748758631,0,96407
32870748762289,1,96407
32870748772199,0,96407
32870748775553,1,96407
32870748785549,0,96407
32870748789609,1,96407
32870748800908,0,96405
32870748807171,1,96405
32870748868778,0,96405
32870748874878,1,96405
32870748931612,0,96405
32870748937809,1,96405
32870748949401,0,96403
32870748957477,1,96403
32870749021276,0,96403
32870749027626,1,96403
32870749038297,0,96404
32870749047555,1,96404
32870749110573,0,96404
32870749115848,1,96404
32870749185866,0,96406
32870749193051,1,96406
32870749230163,0,96404
32870749236859,1,96404
32870749248126,0,96404
32870749252185,1,96404
32870749267086,0,96405
32870749277148,1,96405
32870749341393,0,96405
32870749346602,1,96405
32870749403911,0,96405
32870749410315,1,96405
32870749479141,0,96403
32870749486239,1,96403
32870749546902,0,96403
32870749553567,1,96403
32870749564008,0,96403
32870749567720,1,96403
32870749577684,0,96403
32870749580745,1,96403
32870749590709,0,96403
32870749595007,1,96403
32870749603724,0,96404
32870749611517,1,96404
32870749673428,0,96404
32870749678595,1,96404
32870749689415,0,96407
32870749699313,1,96407
32870749762983,0,96407
32870749769115,1,96407
32870749825144,0,96407
32870749831244,1,96407
32870749841631,0,96407
32870749846841,1,96407
32870749856902,0,96407
32870749861060,1,96407
32870749871056,0,96407
32870749874996,1,96407
32870749885665,0,96407
32870749889356,1,96407
32870749899255,0,96407
32870749903260,1,96407
32870749959516,0,96407
32870749966007,1,96407
32870749976004,0,96403
32870749986890,1,96403
32870750008218,0,96403
32870750013016,1,96403
32870750022361,0,96407
32870750027961,1,96407
32870750040227,0,96406
32870750050342,1,96406
32870750071258,0,96406
32870750075925,1,96406
32870750083490,0,96407
32870750088917,1,96407
32870750099923,0,96403
32870750106620,1,96403
32870750126223,0,96403
32870750129707,1,96403
32870750140148,0,96403
32870750145456,1,96403
32870750160272,0,96406
32870750167131,1,96406
32870750187016,0,96406
32870750192095,1,96406
32870750202168,0,96406
32870750206271,1,96406
32870750218470,0,96405
32870750226090,1,96405
32870750275346,0,96403
32870750281630,1,96403
32870750289716,0,96405
32870750294763,1,96405
32870750302676,0,96406
32870750310578,1,96406
32870750326902,0,96405
32870750332361,1,96405
32870750387152,0,96405
32870750393002,1,96405
32870750449975,0,96405
32870750455456,1,96405
32870750465822,0,96405
32870750471270,1,96405
32870750481462,0,96405
32870750485663,1,96405
32870750496224,0,96405
32870750499512,1,96405
32870750509661,0,96405
32870750514068,1,96405
32870750522176,0,96407
32870750530327,1,96407
32870750592803,0,96407
32870750599380,1,96407
32870750609735,0,96407
32870750613914,1,96407
32870750670224,0,96407
32870750675152,1,96407
32870750684161,0,96404
32870750692171,1,96404
32870750712207,0,96404
32870750717732,1,96404
32870750728000,0,96404
32870750731343,1,96404
32870750743412,0,96405
32870750751086,1,96405
32870750865726,0,96406
32870750873302,1,96406
32870750914244,0,96404
32870750921299,1,96404
32870750932511,0,96404
32870750935648,1,96404
32870750942182,0,96407
32870750947999,1,96407
32870750954479,0,96404
32870750959733,1,96404
32870750970901,0,96407
32870750975395,1,96407
32870750985391,0,96407
32870750989038,1,96407
32870750998981,0,96407
32870751003897,1,96407
32870751014860,0,96404
32870751021644,1,96404
32870751077249,0,96404
32870751083262,1,96404
32870751138400,0,96404
32870751144435,1,96404
32870751155625,0,96404
32870751159674,1,96404
32870751169659,0,96404
32870751173285,1,96404
32870751183184,0,96404
32870751186440,1,96404
32870751196425,0,96404
32870751199313,1,96404
32870751210568,0,96406
32870751218915,1,96406
32870751280967,0,96406
32870751285982,1,96406
32870751341098,0,96406
32870751347057,1,96406
32870751357509,0,96406
32870751363121,1,96406
32870751418672,0,96406
32870751424392,1,96406
32870751489364,0,96406
32870751494801,1,96406
32870751550547,0,96406
32870751556387,1,96406
32870751611319,0,96406
32870751616637,1,96406
32870751628490,0,96405
32870751637629,1,96405
32870751659717,0,96405
32870751664905,1,96405
32870751674999,0,96405
32870751678505,1,96405
32870751688447,0,96405
32870751692246,1,96405
32870751702145,0,96405
32870751705206,1,96405
32870751715105,0,96405
32870751719197,1,96405
32870751729519,0,96405
32870751732417,1,96405
32870751743130,0,96405
32870751746408,1,96405
32870751756328,0,96405
32870751760550,1,96405
32870751770417,0,96405
32870751774107,1,96405
32870751784017,0,96405
32870751788293,1,96405
32870751798224,0,96405
32870751801698,1,96405
32870751811607,0,96405
32870751814386,1,96405
32870751824231,0,96405
32870751827747,1,96405
32870751837646,0,96405
32870751841955,1,96405
32870751851876,0,96405
32870751855143,1,96405
32870751865074,0,96405
32870751868558,1,96405
32870751878707,0,96405
32870751882592,1,96405
32870751892556,0,96405
32870751896779,1,96405
32870751906656,0,96405
32870751909662,1,96405
32870751919550,0,96405
32870751923534,1,96405
32870751933411,0,96405
32870751937568,1,96405
32870751947434,0,96405
32870751950907,1,96405
32870751960806,0,96405
32870751964084,1,96405
32870751973929,0,96405
32870751977782,1,96405
32870751987789,0,96405
32870751992044,1,96405
32870752002236,0,96405
32870752005275,1,96405
32870752015185,0,96405
32870752018115,1,96405
32870752027992,0,96405
32870752031053,1,96405
32870752040974,0,96405
32870752044729,1,96405
32870752054639,0,96405
32870752058329,1,96405
32870752068228,0,96405
32870752072298,1,96405
32870752082317,0,96405
32870752086463,1,96405
32870752096438,0,96405
32870752100844,1,96405
32870752110939,0,96405
32870752114803,1,96405
32870752124723,0,96405
32870752128891,1,96405
32870752138779,0,96405
32870752142372,1,96405
32870752152271,0,96405
32870752156059,1,96405
32870752166066,0,96405
32870752170060,1,96405
32870752180035,0,96405
32870752182814,1,96405
32870752193212,0,96405
32870752196305,1,96405
32870752206454,0,96405
32870752210122,1,96405
32870752220043,0,96405
32870752223353,1,96405
32870752233317,0,96405
32870752237431,1,96405
32870752247460,0,96405
32870752250466,1,96405
32870752260333,0,96405
32870752295011,1,96405
32870752311205,0,96405
32870752316773,1,96405
32870752326911,0,96405
32870752331057,1,96405
32870752341054,0,96405
32870752344972,1,96405
32870752354969,0,96405
32870752358540,1,96405
32870752368601,0,96405
32870752372335,1,96405
32870752382353,0,96405
32870752386369,1,96405
32870752396952,0,96405
32870752400740,1,96405
32870752410704,0,96405
32870752414655,1,96405
32870752424543,0,96405
32870752427538,1,96405
32870752437394,0,96405
32870752441269,1,96405
32870752451200,0,96405
32870752455162,1,96405
32870752465093,0,96405
32870752468708,1,96405
32870752478943,0,96405
32870752482948,1,96405
32870752492868,0,96405
32870752495940,1,96405
32870752506024,0,96405
32870752509367,1,96405
32870752519244,0,96405
32870752523075,1,96405
32870752532941,0,96405
32870752536480,1,96405
32870752546389,0,96405
32870752550373,1,96405
32870752560228,0,96405
32870752563387,1,96405
32870752573275,0,96405
32870752577117,1,96405
32870752586983,0,96405
32870752590587,1,96405
32870752600442,0,96405
32870752603536,1,96405
32870752613435,0,96405
32870752617516,1,96405
32870752627512,0,96405
32870752631420,1,96405
32870752641405,0,96405
32870752645096,1,96405
32870752654984,0,96405
32870752659054,1,96405
32870752668953,0,96405
32870752671731,1,96405
32870752681576,0,96405
32870752684604,1,96405
32870752694579,0,96405
32870752698302,1,96405
32870752708407,0,96405
32870752711403,1,96405
32870752721345,0,96405
32870752725274,1,96405
32870752735238,0,96405
32870752738831,1,96405
32870752748719,0,96405
32870752751475,1,96405
32870752761342,0,96405
32870752764815,1,96405
32870752774736,0,96405
32870752778491,1,96405
32870752788444,0,96405
32870752792514,1,96405
32870752802609,0,96405
32870752805735,1,96405
32870752815633,0,96405
32870752819487,1,96405
32870752829451,0,96405
32870752833184,1,96405
32870752843105,0,96405
32870752846882,1,96405
32870752856835,0,96405
32870752860916,1,96405
32870752870858,0,96405
32870752874462,1,96405
32870752884426,0,96405
32870752887975,1,96405
32870752897993,0,96405
32870752901868,1,96405
32870752912071,0,96405
32870752915479,1,96405
32870752925411,0,96405
32870752928493,1,96405
32870752938500,0,96405
32870752942397,1,96405
32870752952372,0,96405
32870752955444,1,96405
32870752965397,0,96405
32870752968957,1,96405
32870752978866,0,96405
32870752982285,1,96405
32870752992239,0,96405
32870752995191,1,96405
32870753005285,0,96405
32870753009312,1,96405
32870753019319,0,96405
32870753022521,1,96405
32870753032442,0,96405
32870753035720,1,96405
32870753045694,0,96405
32870753049602,1,96405
32870753059761,0,96405
32870753063462,1,96405
32870753073415,0,96405
32870753076487,1,96405
32870753086484,0,96405
32870753090402,1,96405
32870753100312,0,96405
32870753103655,1,96405
32870753113575,0,96405
32870753117255,1,96405
32870753127132,0,96405
32870753130649,1,96405
32870753140591,0,96405
32870753144433,1,96405
32870753154473,0,96405
32870753158044,1,96405
32870753167975,0,96405
32870753170906,1,96405
32870753180816,0,96405
32870753184376,1,96405
32870753194253,0,96405
32870753197976,1,96405
32870753207940,0,96405
32870753211565,1,96405
32870753221507,0,96405
32870753224959,1,96405
32870753234923,0,96405
32870753238092,1,96405
32870753248024,0,96405
32870753251518,1,96405
32870753261558,0,96405
32870753265249,1,96405
32870753275137,0,96405
32870753279109,1,96405
32870753288986,0,96405
32870753291754,1,96405
32870753301718,0,96405
32870753304725,1,96405
32870753314569,0,96405
32870753318227,1,96405
32870753328148,0,96405
32870753331751,1,96405
32870753341748,0,96405
32870753345568,1,96405
32870753355500,0,96405
32870753359233,1,96405
32870753369219,0,96405
32870753372692,1,96405
32870753382765,0,96405
32870753386770,1,96405
32870753396799,0,96405
32870753400511,1,96405
32870753410421,0,96405
32870753414046,1,96405
32870753423934,0,96405
32870753427038,1,96405
32870753436948,0,96405
32870753440193,1,96405
32870753450168,0,96405
32870753453891,1,96405
32870753463866,0,96405
32870753467220,1,96405
32870753477270,0,96405
32870753480505,1,96405
32870753544630,0,96405
32870753549330,1,96405
32870753559446,0,96405
32870753572840,1,96405
32870753583238,0,96405
32870753587449,1,96405
32870753597381,0,96405
32870753601299,1,96405
32870753611252,0,96405
32870753615290,1,96405
32870753625330,0,96405
32870753629281,1,96405
32870753639831,0,96405
32870753642881,1,96405
32870753652834,0,96405
32870753656806,1,96405
32870753666683,0,96405
32870753670037,1,96405
32870753679947,0,96405
32870753684169,1,96405
32870753694209,0,96405
32870753698410,1,96405
32870753708428,0,96405
32870753712455,1,96405
32870753722440,0,96405
32870753726174,1,96405
32870753736279,0,96405
32870753739481,1,96405
32870753749423,0,96405
32870753753287,1,96405
32870753763295,0,96405
32870753767094,1,96405
32870753777025,0,96405
32870753779804,1,96405
32870753789681,0,96405
32870753792600,1,96405
32870753802478,0,96405
32870753806309,1,96405
32870753816175,0,96405
32870753819703,1,96405
32870753829732,0,96405
32870753833292,1,96405
32870753843462,0,96405
32870753847022,1,96405
32870753856889,0,96405
32870753859928,1,96405
32870753869837,0,96405
32870753873756,1,96405
32870753883709,0,96405
32870753887291,1,96405
32870753897244,0,96405
32870753900478,1,96405
32870753910410,0,96405
32870753913894,1,96405
32870753923847,0,96405
32870753927277,1,96405
32870753937165,0,96405
32870753941029,1,96405
32870753950949,0,96405
32870753953858,1,96405
32870753963909,0,96405
32870753967719,1,96405
32870753977650,0,96405
32870753981416,1,96405
32870753991348,0,96405
32870753995201,1,96405
32870754005208,0,96405
32870754009311,1,96405
32870754019297,0,96405
32870754023237,1,96405
32870754033548,0,96405
32870754037249,1,96405
32870754047246,0,96405
32870754050643,1,96405
32870754060607,0,96405
32870754063657,1,96405
32870754073621,0,96405
32870754077116,1,96405
32870754087047,0,96405
32870754090770,1,96405
32870754100778,0,96405
32870754104262,1,96405
32870754114280,0,96405
32870754117471,1,96405
32870754127348,0,96405
32870754130561,1,96405
32870754140427,0,96405
32870754143879,1,96405
32870754153843,0,96405
32870754157500,1,96405
32870754167464,0,96405
32870754171231,1,96405
32870754181151,0,96405
32870754183908,1,96405
32870754193850,0,96405
32870754196966,1,96405
32870754206886,0,96405
32870754210403,1,96405
32870754220443,0,96405
32870754224176,1,96405
32870754234097,0,96405
32870754237505,1,96405
32870754247382,0,96405
32870754250508,1,96405
32870754260429,0,96405
32870754264239,1,96405
32870754274213,0,96405
32870754277318,1,96405
32870754287216,0,96405
32870754290852,1,96405
32870754300762,0,96405
32870754305191,1,96405
32870754315176,0,96405
32870754318986,1,96405
32870754329069,0,96405
32870754332260,1,96405
32870754342224,0,96405
32870754345904,1,96405
32870754355868,0,96405
32870754359612,1,96405
32870754369587,0,96405
32870754372648,1,96405
32870754382547,0,96405
32870754385977,1,96405
32870754395821,0,96405
32870754398709,1,96405
32870754408618,0,96405
32870754412287,1,96405
32870754422164,0,96405
32870754425681,1,96405
32870754435655,0,96405
32870754439292,1,96405
32870754449364,0,96405
32870754452414,1,96405
32870754462313,0,96405
32870754466220,1,96405
32870754476076,0,96405
32870754478854,1,96405
32870754488721,0,96405
32870754492454,1,96405
32870754502342,0,96405
32870754505609,1,96405
32870754515530,0,96405
32870754519351,1,96405
32870754529314,0,96405
32870754533276,1,96405
32870754543186,0,96405
32870754546746,1,96405
32870754556797,0,96405
32870754560346,1,96405
32870754570234,0,96405
32870754573881,1,96405
32870754583758,0,96405
32870754587307,1,96405
32870754597260,0,96405
32870754600799,1,96405
32870754610991,0,96405
32870754614648,1,96405
32870754624699,0,96405
32870754627934,1,96405
32870754637833,0,96405
32870754640676,1,96405
32870754650521,0,96405
32870754654211,1,96405
32870754664099,0,96405
32870754667985,1,96405
32870754677895,0,96405
32870754681694,1,96405
32870754691712,0,96405
32870754695033,1,96405
32870754704932,0,96405
32870754708568,1,96405
32870754718510,0,96405
32870754721875,1,96405
32870754731958,0,96405
32870754735106,1,96405
32870754745135,0,96405
32870754748673,1,96405
32870754758572,0,96405
32870754762154,1,96405
32870754772129,0,96405
32870754775526,1,96405
32870754785414,0,96405
32870754789181,1,96405
32870754799134,0,96405
32870754802802,1,96405
32870754812734,0,96405
32870754815697,1,96405
32870754825607,0,96405
32870754829297,1,96405
32870754839326,0,96405
32870754842626,1,96405
32870754852600,0,96405
32870754855618,1,96405
32870754865506,0,96405
32870754868545,1,96405
32870754878465,0,96405
32870754881960,1,96405
32870754891913,0,96405
32870754895658,1,96405
32870754905687,0,96405
32870754909985,1,96405
32870754919949,0,96405
32870754923520,1,96405
32870754933430,0,96405
32870754936925,1,96405
32870754946835,0,96405
32870754950981,1,96405
32870754960912,0,96405
32870754964744,1,96405
32870754974719,0,96405
32870754978224,1,96405
32870754988253,0,96405
32870754991803,1,96405
32870755001734,0,96405
32870755005424,1,96405
32870755015367,0,96405
32870755018623,1,96405
32870755028522,0,96405
32870755032093,1,96405
32870755041970,0,96405
32870755045443,1,96405
32870755055385,0,96405
32870755059000,1,96405
32870755068985,0,96405
32870755072621,1,96405
32870755082553,0,96405
32870755086395,1,96405
32870755096435,0,96405
32870755099832,1,96405
32870755109829,0,96405
32870755113834,1,96405
32870755123733,0,96405
32870755126663,1,96405
32870755136573,0,96405
32870755139894,1,96405
32870755149782,0,96405
32870755153364,1,96405
32870755163274,0,96405
32870755166747,1,96405
32870755176700,0,96405
32870755180369,1,96405
32870755190279,0,96405
32870755193285,1,96405
32870755203238,0,96405
32870755206972,1,96405
32870755217110,0,96405
32870755220464,1,96405
32870755230319,0,96405
32870755233890,1,96405
32870755243810,0,96405
32870755246915,1,96405
32870755256900,0,96405
32870755260699,1,96405
32870755270642,0,96405
32870755273811,1,96405
32870755283862,0,96405
32870755287476,1,96405
32870755297451,0,96405
32870755301011,1,96405
32870755311083,0,96405
32870755314014,1,96405
32870755323913,0,96405
32870755327419,1,96405
32870755337404,0,96405
32870755340954,1,96405
32870755350885,0,96405
32870755353816,1,96405
32870755363704,0,96405
32870755366743,1,96405
32870755376620,0,96405
32870755380310,1,96405
32870755390318,0,96405
32870755394008,1,96405
32870755404091,0,96405
32870755407825,1,96405
32870755417713,0,96405
32870755421458,1,96405
32870755431465,0,96405
32870755434808,1,96405
32870755444924,0,96405
32870755448690,1,96405
32870755458654,0,96405
32870755461672,1,96405
32870755471722,0,96405
32870755475283,1,96405
32870755485149,0,96405
32870755488948,1,96405
32870755498890,0,96405
32870755502385,1,96405
32870755512284,0,96405
32870755515952,1,96405
32870755525862,0,96405
32870755529596,1,96405
32870755539603,0,96405
32870755542925,1,96405
32870755552791,0,96405
32870755560606,1,96405
32870755570841,0,96405
32870755574455,1,96405
32870755584387,0,96405
32870755587936,1,96405
32870755597976,0,96405
32870755601797,1,96405
32870755611717,0,96405
32870755614962,1,96405
32870755624872,0,96405
32870755628432,1,96405
32870755638309,0,96405
32870755641783,1,96405
32870755651638,0,96405
32870755655198,1,96405
32870755694392,0,96405
32870755700959,1,96405
32870755715904,0,96405
32870755719975,1,96405
32870755730210,0,96405
32870755735040,1,96405
32870755745113,0,96405
32870755748966,1,96405
32870755759016,0,96405
32870755762859,1,96405
32870755772823,0,96405
32870755776231,1,96405
32870755786162,0,96405
32870755790471,1,96405
32870755800533,0,96405
32870755804147,1,96405
32870755814155,0,96405
32870755817574,1,96405
32870755827483,0,96405
32870755831022,1,96405
32870755840931,0,96405
32870755844318,1,96405
32870755854271,0,96405
32870755857940,1,96405
32870755867882,0,96405
32870755871572,1,96405
32870755881547,0,96405
32870755885172,1,96405
32870755895136,0,96405
32870755898718,1,96405
32870755908649,0,96405
32870755912155,1,96405
32870755922076,0,96405
32870755926103,1,96405
32870755936088,0,96405
32870755939931,1,96405
32870755950025,0,96405
32870755954030,1,96405
32870755963940,0,96405
32870755967250,1,96405
32870755977182,0,96405
32870755980644,1,96405
32870755990532,0,96405
32870755994363,1,96405
32870756004349,0,96405
32870756007877,1,96405
32870756017797,0,96405
32870756021097,1,96405
32870756030963,0,96405
32870756034230,1,96405
32870756044140,0,96405
32870756047732,1,96405
32870756057718,0,96405
32870756061289,1,96405
32870756071340,0,96405
32870756075052,1,96405
32870756084951,0,96405
32870756089064,1,96405
32870756099137,0,96405
32870756102914,1,96405
32870756113215,0,96405
32870756116362,1,96405
32870756126370,0,96405
32870756129452,1,96405
32870756139329,0,96405
32870756143193,1,96405
32870756153125,0,96405
32870756156023,1,96405
32870756165954,0,96405
32870756169818,1,96405
32870756179825,0,96405
32870756183917,1,96405
32870756194022,0,96405
32870756198060,1,96405
32870756208057,0,96405
32870756211530,1,96405
32870756221494,0,96405
32870756224479,1,96405
32870756234475,0,96405
32870756238155,1,96405
32870756248086,0,96405
32870756251820,1,96405
32870756261773,0,96405
32870756264769,1,96405
32870756274624,0,96405
32870756277728,1,96405
32870756287703,0,96405
32870756290623,1,96405
32870756300695,0,96405
32870756303333,1,96405
32870756313253,0,96405
32870756316369,1,96405
32870756326463,0,96405
32870756329415,1,96405
32870756339368,0,96405
32870756343048,1,96405
32870756352936,0,96405
32870756356170,1,96405
32870756366036,0,96405
32870756369672,1,96405
32870756379593,0,96405
32870756383099,1,96405
32870756392954,0,96405
32870756396308,1,96405
32870756406153,0,96405
32870756408975,1,96405
32870756418874,0,96405
32870756422466,1,96405
32870756432343,0,96405
32870756435708,1,96405
32870756445596,0,96405
32870756449384,1,96405
32870756459370,0,96405
32870756463136,1,96405
32870756473263,0,96405
32870756476845,1,96405
32870756486950,0,96405
32870756490521,1,96405
32870756500463,0,96405
32870756504099,1,96405
32870756514117,0,96405
32870756517276,1,96405
32870756527153,0,96405
32870756530876,1,96405
32870756540840,0,96405
32870756544552,1,96405
32870756554505,0,96405
32870756558152,1,96405
32870756568094,0,96405
32870756572262,1,96405
32870756582324,0,96405
32870756586047,1,96405
32870756596011,0,96405
32870756600254,1,96405
32870756610273,0,96405
32870756613236,1,96405
32870756623211,0,96405
32870756627042,1,96405
32870756636973,0,96405
32870756639958,1,96405
32870756649911,0,96405
32870756653689,1,96405
32870756663729,0,96405
32870756667473,1,96405
32870756677502,0,96405
32870756680932,1,96405
32870756690809,0,96405
32870756694630,1,96405
32870756704529,0,96405
32870756708447,1,96405
32870756718335,0,96405
32870756722025,1,96405
32870756731978,0,96405
32870756735462,1,96405
32870756745405,0,96405
32870756748791,1,96405
32870756758625,0,96405
32870756762218,1,96405
32870756772182,0,96405
32870756775470,1,96405
32870756785402,0,96405
32870756789363,1,96405
32870756799414,0,96405
32870756802258,1,96405
32870756812135,0,96405
32870756815663,1,96405
32870756825551,0,96405
32870756829143,1,96405
32870756839118,0,96405
32870756842993,1,96405
32870756852946,0,96405
32870756856180,1,96405
32870756866079,0,96405
32870756869737,1,96405
32870756879734,0,96405
32870756883598,1,96405
32870756893583,0,96405
32870756897610,1,96405
32870756907650,0,96405
32870756910635,1,96405
32870756920555,0,96405
32870756924029,1,96405
32870756933906,0,96405
32870756936934,1,96405
32870756946811,0,96405
32870756950458,1,96405
32870756960357,0,96405
32870756963733,1,96405
32870756973599,0,96405
32870756977257,1,96405
32870756987188,0,96405
32870756990759,1,96405
32870757000636,0,96405
32870757004218,1,96405
32870757014117,0,96405
32870757017112,1,96405
32870757027011,0,96405
32870757030713,1,96405
32870757040720,0,96405
32870757044204,1,96405
32870757054190,0,96405
32870757057837,1,96405
32870757067725,0,96405
32870757070840,1,96405
32870757080728,0,96405
32870757084375,1,96405
32870757094295,0,96405
32870757097920,1,96405
32870757107939,0,96405
32870757111531,1,96405
32870757121495,0,96405
32870757125110,1,96405
32870757135182,0,96405
32870757138731,1,96405
32870757148652,0,96405
32870757152321,1,96405
32870757162274,0,96405
32870757165779,1,96405
32870757175689,0,96405
32870757179868,1,96405
32870757189810,0,96405
32870757193316,1,96405
32870757203302,0,96405
32870757206764,1,96405
32870757216696,0,96405
32870757219908,1,96405
32870757230003,0,96405
32870757233704,1,96405
32870757243755,0,96405
32870757247716,1,96405
32870757257648,0,96405
32870757261240,1,96405
32870757271150,0,96405
32870757274189,1,96405
32870757284196,0,96405
32870757294747,1,96405
32870757305166,0,96405
32870757308944,1,96405
32870757318864,0,96405
32870757322587,1,96405
32870757332529,0,96405
32870757336111,1,96405
32870757346129,0,96405
32870757349668,1,96405
32870757359729,0,96405
32870757363105,1,96405
32870757373156,0,96405
32870757376705,1,96405
32870757386625,0,96405
32870757390001,1,96405
32870757399932,0,96405
32870757403655,1,96405
32870757413641,0,96405
32870757417505,1,96405
32870757427502,0,96405
32870757431127,1,96405
32870757441015,0,96405
32870757444803,1,96405
32870757454767,0,96405
32870757458566,1,96405
32870757468595,0,96405
32870757472166,1,96405
32870757482065,0,96405
32870757485408,1,96405
32870757495317,0,96405
32870757498845,1,96405
32870757508798,0,96405
32870757512695,1,96405
32870757522626,0,96405
32870757525774,1,96405
32870757535662,0,96405
32870757538755,1,96405
32870757548621,0,96405
32870757552008,1,96405
32870757562004,0,96405
32870757565857,1,96405
32870757575832,0,96405
32870757580000,1,96405
32870757589921,0,96405
32870757593861,1,96405
32870757603890,0,96405
32870757607558,1,96405
32870757617479,0,96405
32870757620485,1,96405
32870757630395,0,96405
32870757633836,1,96405
32870757643821,0,96405
32870757647620,1,96405
32870757657639,0,96405
32870757661405,1,96405
32870757671325,0,96405
32870757675016,1,96405
32870757684915,0,96405
32870757688551,1,96405
32870757698482,0,96405
32870757702596,1,96405
32870757712657,0,96405
32870757715924,1,96405
32870757725791,0,96405
32870757729253,1,96405
32870757739163,0,96405
32870757742614,1,96405
32870757752633,0,96405
32870757756366,1,96405
32870757766352,0,96405
32870757769934,1,96405
32870757779952,0,96405
32870757783740,1,96405
32870757793802,0,96405
32870757797243,1,96405
32870757807261,0,96405
32870757811179,1,96405
32870757821186,0,96405
32870757824801,1,96405
32870757834754,0,96405
32870757837923,1,96405
32870757880015,0,96405
32870757886158,1,96405
32870757897208,0,96405
32870757901462,1,96405
32870757911578,0,96405
32870757915714,1,96405
32870757926307,0,96405
32870757929943,1,96405
32870757939918,0,96405
32870757944053,1,96405
32870757953941,0,96405
32870757957534,1,96405
32870757967411,0,96405
32870757970928,1,96405
32870757980794,0,96405
32870757984387,1,96405
32870757994275,0,96405
32870757998844,1,96405
32870758008841,0,96405
32870758012043,1,96405
32870758021985,0,96405
32870758025643,1,96405
32870758035553,0,96405
32870758038874,1,96405
32870758048805,0,96405
32870758052550,1,96405
32870758062633,0,96405
32870758066248,1,96405
32870758076233,0,96405
32870758080380,1,96405
32870758090398,0,96405
32870758094207,1,96405
32870758104161,0,96405
32870758107732,1,96405
32870758117641,0,96405
32870758121364,1,96405
32870758131339,0,96405
32870758135160,1,96405
32870758145102,0,96405
32870758148770,1,96405
32870758158854,0,96405
32870758162446,1,96405
32870758172345,0,96405
32870758175862,1,96405
32870758185793,0,96405
32870758189082,1,96405
32870758199035,0,96405
32870758202769,1,96405
32870758212679,0,96405
32870758216304,1,96405
32870758226181,0,96405
32870758229568,1,96405
32870758239499,0,96405
32870758243873,1,96405
32870758253935,0,96405
32870758257527,1,96405
32870758267524,0,96405
32870758270921,1,96405
32870758280874,0,96405
32870758284825,1,96405
32870758294757,0,96405
32870758297969,1,96405
32870758307868,0,96405
32870758311656,1,96405
32870758321642,0,96405
32870758324822,1,96405
32870758334732,0,96405
32870758338346,1,96405
32870758348321,0,96405
32870758352055,1,96405
32870758362127,0,96405
32870758365644,1,96405
32870758375586,0,96405
32870758379515,1,96405
32870758389392,0,96405
32870758393788,1,96405
32870758403731,0,96405
32870758406856,1,96405
32870758416712,0,96405
32870758420467,1,96405
32870758430377,0,96405
32870758434328,1,96405
32870758444270,0,96405
32870758447928,1,96405
32870758457968,0,96405
32870758461626,1,96405
32870758471524,0,96405
32870758475508,1,96405
32870758485407,0,96405
32870758489119,1,96405
32870758498974,0,96405
32870758502925,1,96405
32870758512802,0,96405
32870758516243,1,96405
32870758526120,0,96405
32870758529908,1,96405
32870758539850,0,96405
32870758543541,1,96405
32870758553570,0,96405
32870758556685,1,96405
32870758566638,0,96405
32870758570111,1,96405
32870758579988,0,96405
32870758583635,1,96405
32870758593621,0,96405
32870758597159,1,96405
32870758607123,0,96405
32870758611031,1,96405
32870758620930,0,96405
32870758624566,1,96405
32870758634454,0,96405
32870758638155,1,96405
32870758648130,0,96405
32870758651549,1,96405
32870758661556,0,96405
32870758665236,1,96405
32870758675102,0,96405
32870758679443,1,96405
32870758689440,0,96405
32870758692761,1,96405
32870758702628,0,96405
32870758706264,1,96405
32870758716195,0,96405
32870758719831,1,96405
32870758729730,0,96405
32870758733171,1,96405
32870758743048,0,96405
32870758746716,1,96405
32870758756669,0,96405
32870758760740,1,96405
32870758770801,0,96405
32870758774524,1,96405
32870758784488,0,96405
32870758788179,1,96405
32870758798077,0,96405
32870758801963,1,96405
32870758811884,0,96405
32870758815509,1,96405
32870758825429,0,96405
32870758828740,1,96405
32870758838671,0,96405
32870758848527,1,96405
32870758858957,0,96405
32870758862073,1,96405
32870758872058,0,96405
32870758874956,1,96405
32870758884964,0,96405
32870758888600,1,96405
32870758898596,0,96405
32870758902287,1,96405
32870758912261,0,96405
32870758916201,1,96405
32870758926176,0,96405
32870758930355,1,96405
32870758940254,0,96405
32870758943760,1,96405
32870758953734,0,96405
32870758957468,1,96405
32870758967486,0,96405
32870758970536,1,96405
32870758980403,0,96405
32870758984136,1,96405
32870758994122,0,96405
32870758998160,1,96405
32870759008254,0,96405
32870759011825,1,96405
32870759021745,0,96405
32870759025262,1,96405
32870759035204,0,96405
32870759038363,1,96405
32870759048349,0,96405
32870759051583,1,96405
32870759061482,0,96405
32870759065346,1,96405
32870759075245,0,96405
32870759078718,1,96405
32870759088606,0,96405
32870759092144,1,96405
32870759102141,0,96405
32870759105451,1,96405
32870759115318,0,96405
32870759119149,1,96405
32870759129102,0,96405
32870759133107,1,96405
32870759143060,0,96405
32870759146045,1,96405
32870759155977,0,96405
32870759159537,1,96405
32870759169588,0,96405
32870759173441,1,96405
32870759183285,0,96405
32870759186769,1,96405
32870759196679,0,96405
32870759200228,1,96405
32870759210160,0,96405
32870759214165,1,96405
32870759224053,0,96405
32870759227765,1,96405
32870759237685,0,96405
32870759240714,1,96405
32870759250591,0,96405
32870759254314,1,96405
32870759264223,0,96405
32870759268001,1,96405
32870759277965,0,96405
32870759281047,1,96405
32870759291033,0,96405
32870759294962,1,96405
32870759304948,0,96405
32870759308616,1,96405
32870759318537,0,96405
32870759322477,1,96405
32870759332376,0,96405
32870759336109,1,96405
32870759346030,0,96405
32870759349796,1,96405
32870759359695,0,96405
32870759362647,1,96405
32870759372546,0,96405
32870759375965,1,96405
32870759385897,0,96405
32870759389674,1,96405
32870759399670,0,96405
32870759402785,1,96405
32870759412641,0,96405
32870759416396,1,96405
32870759426284,0,96405
32870759429725,1,96405
32870759439624,0,96405
32870759443119,1,96405
32870759453094,0,96405
32870759456621,1,96405
32870759466531,0,96405
32870759469646,1,96405
32870759479621,0,96405
32870759483333,1,96405
32870759521636,0,96403
32870759526684,1,96403
32870759585480,0,96403
32870759590852,1,96403
32870759605018,0,96404
32870759613365,1,96404
32870759637689,0,96404
32870759641954,1,96404
32870759652016,0,96404
32870759657562,1,96404
32870759667700,0,96404
32870759671987,1,96404
32870759681995,0,96404
32870759685088,1,96404
32870759695779,0,96404
32870759699285,1,96404
32870759714231,0,96404
32870759718562,1,96404
32870759728602,0,96404
32870759732281,1,96404
32870759792282,0,96404
32870759798035,1,96404
32870759808216,0,96404
32870759813013,1,96404
32870759822966,0,96404
32870759826439,1,96404
32870759836317,0,96404
32870759839584,1,96404
32870759849526,0,96404
32870759854312,1,96404
32870759866739,0,96403
32870759877321,1,96403
32870759941414,0,96403
32870759947036,1,96403
32870760016904,0,96406
32870760025294,1,96406
32870760045819,0,96406
32870760049987,1,96406
32870760060168,0,96406
32870760064943,1,96406
32870760072530,0,96403
32870760079889,1,96403
32870760122655,0,96404
32870760129190,1,96404
32870760145167,0,96404
32870760149812,1,96404
32870760164930,0,96403
32870760170574,1,96403
32870760179779,0,96405
32870760185781,1,96405
32870760196450,0,96405
32870760201921,1,96405
32870760212113,0,96405
32870760216215,1,96405
32870760226190,0,96405
32870760229533,1,96405
32870760243688,0,96404
32870760251720,1,96404
32870760272712,0,96404
32870760276239,1,96404
32870760286605,0,96404
32870760290697,1,96404
32870760310808,0,96406
32870760317146,1,96406
32870760337107,0,96406
32870760341459,1,96406
32870760348657,0,96404
32870760354855,1,96404
32870760365588,0,96405
32870760372480,1,96405
32870760404380,0,96406
32870760410002,1,96406
32870760425957,0,96406
32870760431786,1,96406
32870760449424,0,96406
32870760453613,1,96406
32870760508828,0,96406
32870760513810,1,96406
32870760569480,0,96406
32870760575059,1,96406
32870760630544,0,96406
32870760635494,1,96406
32870760645231,0,96403
32870760653763,1,96403
32870760667155,0,96404
32870760671702,1,96404
32870760688298,0,96404
32870760692520,1,96404
32870760703429,0,96404
32870760707304,1,96404
32870760715793,0,96403
32870760721654,1,96403
32870760802885,0,96403
32870760810472,1,96403
32870760820587,0,96406
32870760828847,1,96406
32870760891442,0,96406
32870760897531,1,96406
32870760953581,0,96406
32870760959214,1,96406
32870760969134,0,96405
32870760978946,1,96405
32870761001772,0,96405
32870761006276,1,96405
32870761014439,0,96406
32870761019812,1,96406
32870761075308,0,96406
32870761081245,1,96406
32870761089789,0,96404
32870761096507,1,96404
32870761157724,0,96404
32870761163162,1,96404
32870761220861,0,96404
32870761227027,1,96404
32870761235925,0,96407
32870761243403,1,96407
32870761262724,0,96407
32870761268433,1,96407
32870761278657,0,96407
32870761282727,1,96407
32870761296903,0,96407
32870761300799,1,96407
32870761357207,0,96407
32870761362873,1,96407
32870761404770,0,96407
32870761410273,1,96407
32870761421213,0,96407
32870761424611,1,96407
32870761434792,0,96407
32870761438580,1,96407
32870761448555,0,96407
32870761451757,1,96407
32870761461742,0,96407
32870761466626,1,96407
32870761522785,0,96407
32870761529102,1,96407
32870761584794,0,96407
32870761590156,1,96407
32870761599144,0,96404
32870761606981,1,96404
32870761668632,0,96404
32870761673722,1,96404
32870761697230,0,96406
32870761706456,1,96406
32870761769431,0,96406
32870761775075,1,96406
32870761831212,0,96406
32870761837681,1,96406
32870761893894,0,96406
32870761900829,1,96406
32870761910761,0,96405
32870761918380,1,96405
32870761938667,0,96405
32870761943052,1,96405
32870761954144,0,96405
32870761957628,1,96405
32870761967290,0,96404
32870761975615,1,96404
32870762039610,0,96404
32870762046231,1,96404
32870762103453,0,96404
32870762108153,1,96404
32870762116466,0,96405
32870762124259,1,96405
32870762141745,0,96406
32870762147769,1,96406
32870762160099,0,96406
32870762164505,1,96406
32870762173863,0,96403
32870762181081,1,96403
32870762189176,0,96405
32870762192552,1,96405
32870762202635,0,96405
32870762206510,1,96405
32870762216420,0,96405
32870762220544,1,96405
32870762230476,0,96405
32870762233732,1,96405
32870762244924,0,96404
32870762250655,1,96404
32870762308235,0,96404
32870762314574,1,96404
32870762372371,0,96404
32870762386058,1,96404
32870762442662,0,96404
32870762447600,1,96404
32870762457834,0,96405
32870762466507,1,96405
32870762513342,0,96405
32870762518161,1,96405
32870762528461,0,96405
32870762532792,1,96405
32870762542767,0,96405
32870762546424,1,96405
32870762556345,0,96405
32870762560198,1,96405
32870762570195,0,96405
32870762574851,1,96405
32870762584837,0,96405
32870762589146,1,96405
32870762598697,0,96407
32870762607869,1,96407
32870762671137,0,96407
32870762676933,1,96407
32870762733742,0,96407
32870762740461,1,96407
32870762752574,0,96404
32870762760498,1,96404
32870762822235,0,96404
32870762828378,1,96404
32870762887229,0,96404
32870762892862,1,96404
32870762903650,0,96403
32870762912486,1,96403
32870762975406,0,96403
32870762981625,1,96403
32870763038446,0,96403
32870763045024,1,96403
32870763053414,0,96407
32870763060621,1,96407
32870763138368,0,96405
32870763147627,1,96405
32870763169063,0,96405
32870763172830,1,96405
32870763183076,0,96405
32870763187352,1,96405
32870763243348,0,96404
32870763252052,1,96404
32870763316069,0,96404
32870763321214,1,96404
32870763377904,0,96404
32870763385252,1,96404
32870763442279,0,96404
32870763446838,1,96404
32870763456096,0,96405
32870763465138,1,96405
32870763488778,0,96405
32870763493673,1,96405
32870763503897,0,96405
32870763507533,1,96405
32870763517823,0,96405
32870763522403,1,96405
32870763532411,0,96405
32870763536210,1,96405
32870763546195,0,96405
32870763550005,1,96405
32870763567404,0,96405
32870763571268,1,96405
32870763581373,0,96405
32870763585357,1,96405
32870763599760,0,96405
32870763603721,1,96405
32870763613718,0,96405
32870763617712,1,96405
32870763672644,0,96405
32870763677822,1,96405
32870763688122,0,96405
32870763691856,1,96405
32870763746419,0,96405
32870763753083,1,96405
32870763763655,0,96406
32870763772252,1,96406
32870763851562,0,96403
32870763861298,1,96403
32870763883820,0,96403
32870763887705,1,96403
32870763897734,0,96403
32870763901707,1,96403
32870763911834,0,96403
32870763916555,1,96403
32870763975188,0,96403
32870763980181,1,96403
32870763988897,0,96404
32870763995583,1,96404
32870764013264,0,96406
32870764018138,1,96406
32870764032888,0,96406
32870764036839,1,96406
32870764052186,0,96405
32870764060424,1,96405
32870764122878,0,96405
32870764128653,1,96405
32870764136370,0,96406
32870764144695,1,96406
32870764214063,0,96407
32870764222681,1,96407
32870764244508,0,96407
32870764248383,1,96407
32870764258391,0,96407
32870764262374,1,96407
32870764272512,0,96407
32870764277211,1,96407
32870764287881,0,96407
32870764291875,1,96407
32870764301850,0,96407
32870764305768,1,96407
32870764315895,0,96407
32870764319010,1,96407
32870764328942,0,96407
32870764332198,1,96407
32870764342064,0,96407
32870764345765,1,96407
32870764355686,0,96407
32870764359561,1,96407
32870764369416,0,96407
32870764372944,1,96407
32870764382897,0,96407
32870764386446,1,96407
32870764396573,0,96407
32870764399568,1,96407
32870764409467,0,96407
32870764412419,1,96407
32870764422275,0,96407
32870764425661,1,96407
32870764435593,0,96407
32870764439001,1,96407
32870764448954,0,96407
32870764452069,1,96407
32870764461935,0,96407
32870764465105,1,96407
32870764475145,0,96407
32870764478227,1,96407
32870764488104,0,96407
32870764490948,1,96407
32870764500836,0,96407
32870764504320,1,96407
32870764514219,0,96407
32870764517725,1,96407
32870764527635,0,96407
32870764530978,1,96407
32870764540974,0,96407
32870764545023,1,96407
32870764554900,0,96407
32870764558558,1,96407
32870764568456,0,96407
32870764571919,1,96407
32870764581872,0,96407
32870764585508,1,96407
32870764595613,0,96407
32870764599303,1,96407
32870764609267,0,96407
32870764613001,1,96407
32870764622846,0,96407
32870764626134,1,96407
32870764636077,0,96407
32870764639355,1,96407
32870764649275,0,96407
32870764652857,1,96407
32870764663103,0,96407
32870764666468,1,96407
32870764676388,0,96407
32870764679970,1,96407
32870764689912,0,96407
32870764693722,1,96407
32870764703632,0,96407
32870764706790,1,96407
32870764716689,0,96407
32870764720477,1,96407
32870764730311,0,96407
32870764733057,1,96407
32870764742978,0,96407
32870764746896,1,96407
32870764756947,0,96407
32870764760789,1,96407
32870764770709,0,96407
32870764774791,1,96407
32870764784733,0,96407
32870764788369,1,96407
32870764798300,0,96407
32870764801665,1,96407
32870764811607,0,96407
32870764815623,1,96407
32870764825728,0,96407
32870764829278,1,96407
32870764839133,0,96407
32870764842519,1,96407
32870764852386,0,96407
32870764856109,1,96407
32870764865997,0,96407
32870764869470,1,96407
32870764879336,0,96407
32870764882820,1,96407
32870764892773,0,96407
32870764896062,1,96407
32870764905961,0,96407
32870764908989,1,96407
32870764918823,0,96407
32870764921949,1,96407
32870764931815,0,96407
32870764935560,1,96407
32870764945545,0,96407
32870764949930,1,96407
32870764959949,0,96407
32870764963834,1,96407
32870764973853,0,96407
32870764977456,1,96407
32870764987453,0,96407
32870764991034,1,96407
32870765000912,0,96407
32870765004645,1,96407
32870765014544,0,96407
32870765018484,1,96407
32870765028405,0,96407
32870765031845,1,96407
32870765041744,0,96407
32870765045359,1,96407
32870765055442,0,96407
32870765058720,1,96407
32870765068586,0,96407
32870765071821,1,96407
32870765081698,0,96407
32870765085421,1,96407
32870765095385,0,96407
32870765099205,1,96407
32870765109267,0,96407
32870765113402,1,96407
32870765123345,0,96407
32870765126319,1,96407
32870765136185,0,96407
32870765139701,1,96407
32870765149622,0,96407
32870765153128,1,96407
32870765163038,0,96407
32870765166174,1,96407
32870765176138,0,96407
32870765179546,1,96407
32870765189489,0,96407
32870765193841,1,96407
32870765204011,0,96407
32870765207940,1,96407
32870765217991,0,96407
32870765221844,1,96407
32870765231928,0,96407
32870765235173,1,96407
32870765245083,0,96407
32870765248046,1,96407
32870765257945,0,96407
32870765261646,1,96407
32870765271577,0,96407
32870765275289,1,96407
32870765285232,0,96407
32870765289302,1,96407
32870765299222,0,96407
32870765303076,1,96407
32870765313040,0,96407
32870765316611,1,96407
32870765326661,0,96407
32870765330504,1,96407
32870765340565,0,96407
32870765343398,1,96407
32870765353221,0,96407
32870765356401,1,96407
32870765366289,0,96407
32870765369990,1,96407
32870765379911,0,96407
32870765383645,1,96407
32870765393620,0,96407
32870765396919,1,96407
32870765406883,0,96407
32870765410476,1,96407
32870765420472,0,96407
32870765423772,1,96407
32870765433758,0,96407
32870765437470,1,96407
32870765447401,0,96407
32870765450885,1,96407
32870765460773,0,96407
32870765464442,1,96407
32870765474438,0,96407
32870765478422,1,96407
32870765488397,0,96407
32870765492076,1,96407
32870765502007,0,96407
32870765506186,1,96407
32870765516150,0,96407
32870765519645,1,96407
32870765529609,0,96407
32870765540626,1,96407
32870765551176,0,96407
32870765554541,1,96407
32870765564461,0,96407
32870765567978,1,96407
32870765577931,0,96407
32870765581415,1,96407
32870765591433,0,96407
32870765595211,1,96407
32870765605229,0,96407
32870765608854,1,96407
32870765618807,0,96407
32870765622823,1,96407
32870765632711,0,96407
32870765636510,1,96407
32870765646431,0,96407
32870765650001,1,96407
32870765659965,0,96407
32870765663015,1,96407
32870765673066,0,96407
32870765676322,1,96407
32870765686221,0,96407
32870765689890,1,96407
32870765699800,0,96407
32870765703381,1,96407
32870765713291,0,96407
32870765716960,1,96407
32870765726869,0,96407
32870765729778,1,96407
32870765739666,0,96407
32870765743411,1,96407
32870765753407,0,96407
32870765757033,1,96407
32870765767029,0,96407
32870765770524,1,96407
32870765780477,0,96407
32870765783581,1,96407
32870765793545,0,96407
32870765797279,1,96407
32870765807319,0,96407
32870765811085,1,96407
32870765820995,0,96407
32870765824642,1,96407
32870765834530,0,96407
32870765838003,1,96407
32870765848000,0,96407
32870765851538,1,96407
32870765861437,0,96407
32870765865019,1,96407
32870765875005,0,96407
32870765878467,1,96407
32870765888474,0,96407
32870765892186,1,96407
32870765902215,0,96407
32870765905852,1,96407
32870765915750,0,96407
32870765919658,1,96407
32870765929546,0,96407
32870765933182,1,96407
32870765943157,0,96407
32870765947249,1,96407
32870765957213,0,96407
32870765960382,1,96407
32870765970303,0,96407
32870765973537,1,96407
32870765983436,0,96407
32870765986486,1,96407
32870765996395,0,96407
32870766000379,1,96407
32870766010343,0,96407
32870766013860,1,96407
32870766023867,0,96407
32870766026895,1,96407
32870766036816,0,96407
32870766040441,1,96407
32870766050416,0,96407
32870766053249,1,96407
32870766063180,0,96407
32870766066545,1,96407
32870766113445,0,96407
32870766118622,1,96407
32870766129303,0,96407
32870766133112,1,96407
32870766143055,0,96407
32870766146973,1,96407
32870766156839,0,96407
32870766160008,1,96407
32870766169886,0,96407
32870766173066,1,96407
32870766183041,0,96407
32870766187849,1,96407
32870766198442,0,96407
32870766202296,1,96407
32870766212205,0,96407
32870766215754,1,96407
32870766225632,0,96407
32870766228920,1,96407
32870766238917,0,96407
32870766243139,1,96407
32870766253081,0,96407
32870766256641,1,96407
32870766266551,0,96407
32870766270187,1,96407
32870766280129,0,96407
32870766283874,1,96407
32870766293947,0,96407
32870766297268,1,96407
32870766307167,0,96407
32870766310586,1,96407
32870766320539,0,96407
32870766324207,1,96407
32870766334063,0,96407
32870766337612,1,96407
32870766347478,0,96407
32870766350973,1,96407
32870766360937,0,96407
32870766364801,1,96407
32870766374765,0,96407
32870766378879,1,96407
32870766388865,0,96407
32870766392566,1,96407
32870766402486,0,96407
32870766406047,1,96407
32870766416076,0,96407
32870766419440,1,96407
32870766429350,0,96407
32870766432346,1,96407
32870766442288,0,96407
32870766445978,1,96407
32870766455910,0,96407
32870766459871,1,96407
32870766469879,0,96407
32870766473645,1,96407
32870766483631,0,96407
32870766486941,1,96407
32870766496797,0,96407
32870766500422,1,96407
32870766510408,0,96407
32870766514065,1,96407
32870766524116,0,96407
32870766527698,1,96407
32870766537608,0,96407
32870766540907,1,96407
32870766550774,0,96407
32870766554605,1,96407
32870766564471,0,96407
32870766568031,1,96407
32870766578180,0,96407
32870766581881,1,96407
32870766591932,0,96407
32870766595101,1,96407
32870766604978,0,96407
32870766607952,1,96407
32870766617862,0,96407
32870766621835,1,96407
32870766631755,0,96407
32870766635250,1,96407
32870766645192,0,96407
32870766648546,1,96407
32870766658510,0,96407
32870766662027,1,96407
32870766671937,0,96407
32870766675898,1,96407
32870766685873,0,96407
32870766689205,1,96407
32870766699126,0,96407
32870766701883,1,96407
32870766711771,0,96407
32870766714831,1,96407
32870766724719,0,96407
32870766728573,1,96407
32870766738569,0,96407
32870766742390,1,96407
32870766752408,0,96407
32870766755534,1,96407
32870766765433,0,96407
32870766769481,1,96407
32870766779434,0,96407
32870766783038,1,96407
32870766792969,0,96407
32870766796367,1,96407
32870766808729,0,96407
32870766815209,1,96407
32870766832999,0,96407
32870766839772,1,96407
32870766855836,0,96407
32870766860514,1,96407
32870766874504,0,96407
32870766880724,1,96407
32870766895529,0,96407
32870766899924,1,96407
32870766914599,0,96407
32870766920840,1,96407
32870766935677,0,96407
32870766940377,1,96407
32870766950374,0,96407
32870766953977,1,96407
32870766963941,0,96407
32870766968272,1,96407
32870766978377,0,96407
32870766982512,1,96407
32870766992628,0,96407
32870766997437,1,96407
32870767011569,0,96407
32870767019318,1,96407
32870767037586,0,96407
32870767043316,1,96407
32870767055039,0,96407
32870767060010,1,96407
32870767073056,0,96407
32870767077875,1,96407
32870767093874,0,96407
32870767098672,1,96407
32870767112228,0,96407
32870767118187,1,96407
32870767132634,0,96407
32870767139711,1,96407
32870767158705,0,96407
32870767165728,1,96407
32870767180522,0,96407
32870767190431,1,96407
32870767209545,0,96407
32870767216134,1,96407
32870767226944,0,96407
32870767230363,1,96407
32870767240327,0,96407
32870767244159,1,96407
32870767254101,0,96407
32870767259658,1,96407
32870767274778,0,96407
32870767280660,1,96407
32870767294955,0,96407
32870767300404,1,96407
32870767314992,0,96407
32870767320983,1,96407
32870767336450,0,96407
32870767343277,1,96407
32870767355314,0,96407
32870767358798,1,96407
32870767368817,0,96407
32870767372583,1,96407
32870767382558,0,96407
32870767386063,1,96407
32870767399588,0,96407
32870767404342,1,96407
32870767419602,0,96407
32870767424096,1,96407
32870767434277,0,96407
32870767440637,1,96407
32870767454205,0,96407
32870767461075,1,96407
32870767475196,0,96407
32870767481220,1,96407
32870767495906,0,96407
32870767501246,1,96407
32870767515997,0,96407
32870767522563,1,96407
32870767542252,0,96407
32870767548862,1,96407
32870767563059,0,96407
32870767570831,1,96407
32870767588067,0,96407
32870767596609,1,96407
32870767615115,0,96407
32870767620618,1,96407
32870767637333,0,96407
32870767644356,1,96407
32870767661516,0,96407
32870767667192,1,96407
32870767683593,0,96407
32870767690995,1,96407
32870767708785,0,96407
32870767713572,1,96407
32870767724024,0,96407
32870767727942,1,96407
32870767767440,0,96403
32870767772226,1,96403
32870767834127,0,96403
32870767839706,1,96403
32870767849528,0,96404
32870767859981,1,96404
32870767879149,0,96406
32870767884630,1,96406
32870767896027,0,96403
32870767902605,1,96403
32870767908161,0,96404
32870767912449,1,96404
32870767983412,0,96404
32870767988264,1,96404
32870768059184,0,96406
32870768067183,1,96406
32870768088609,0,96406
32870768092679,1,96406
32870768102980,0,96406
32870768107322,1,96406
32870768117307,0,96406
32870768121128,1,96406
32870768128443,0,96404
32870768134489,1,96404
32870768193686,0,96404
32870768200101,1,96404
32870768256325,0,96404
32870768262077,1,96404
32870768273897,0,96406
32870768284143,1,96406
32870768350255,0,96406
32870768355400,1,96406
32870768368816,0,96403
32870768389156,1,96403
32870768508420,0,96403
32870768514140,1,96403
32870768524559,0,96405
32870768533514,1,96405
32870768596586,0,96405
32870768602827,1,96405
32870768659474,0,96405
32870768666909,1,96405
32870768724652,0,96405
32870768730546,1,96405
32870768740912,0,96405
32870768744081,1,96405
32870768754056,0,96405
32870768757909,1,96405
32870768767916,0,96405
32870768771227,1,96405
32870768781364,0,96405
32870768785120,1,96405
32870768795095,0,96405
32870768799273,1,96405
32870768866113,0,96403
32870768874003,1,96403
32870768964439,0,96403
32870768969909,1,96403
32870768980676,0,96404
32870768990380,1,96404
32870769052985,0,96404
32870769060225,1,96404
32870769070721,0,96404
32870769075279,1,96404
32870769085526,0,96404
32870769089791,1,96404
32870769100526,0,96404
32870769104922,1,96404
32870769114853,0,96404
32870769118977,1,96404
32870769175440,0,96404
32870769181030,1,96404
32870769188997,0,96406
32870769196215,1,96406
32870769257876,0,96406
32870769263933,1,96406
32870769320667,0,96406
32870769326549,1,96406
32870769336622,0,96403
32870769345468,1,96403
32870769410407,0,96403
32870769416171,1,96403
32870769426558,0,96403
32870769430444,1,96403
32870769441200,0,96403
32870769445238,1,96403
32870769455137,0,96403
32870769458632,1,96403
32870769468541,0,96403
32870769472286,1,96403
32870769481273,0,96407
32870769488925,1,96407
32870769550695,0,96407
32870769556089,1,96407
32870769626456,0,96405
32870769633272,1,96405
32870769694033,0,96405
32870769699883,1,96405
32870769756367,0,96405
32870769761989,1,96405
32870769780344,0,96403
32870769804895,1,96403
32870769818767,0,96405
32870769825344,1,96405
32870769843014,0,96406
32870769849136,1,96406
32870769860120,0,96406
32870769864505,1,96406
32870769880710,0,96403
32870769885106,1,96403
32870769895222,0,96403
32870769898826,1,96403
32870769908866,0,96403
32870769914911,1,96403
32870769921793,0,96406
32870769927578,1,96406
32870769983009,0,96406
32870769987503,1,96406
32870769997000,0,96403
32870770070525,1,96403
32870770146513,0,96404
32870770207296,1,96404
32870770262988,3,96407
32870770272767,0,96404
32870770278139,1,96404
32870770337218,0,96404
32870770342547,1,96404
32870770366187,0,96403
32870770428142,1,96403
32870770489402,0,96403
32870770494720,1,96403
32870770506117,0,96406
32870770514908,1,96406
32870770576678,0,96406
32870770582170,1,96406
32870770638741,0,96406
32870770644006,1,96406
32870770654154,0,96406
32870770657931,1,96406
32870770713297,0,96406
32870770718464,1,96406
32870770728710,0,96406
32870770734354,1,96406
32870770744492,0,96406
32870770749181,1,96406
32870770759166,0,96406
32870770763671,1,96406
32870770882739,0,96406
32870770888209,1,96406
32870770944303,0,96406
32870770950240,1,96406
32870770960345,0,96406
32870770964817,1,96406
32870771019912,0,96406
32870771025328,1,96406
32870771034358,0,96403
32870771041815,1,96403
32870771121028,0,96405
32870771129689,1,96405
32870771150257,0,96405
32870771154621,1,96405
32870771164997,0,96405
32870771169056,1,96405
32870771227483,0,96404
32870771234039,1,96404
32870771297524,0,96404
32870771303711,1,96404
32870771359923,0,96404
32870771364667,1,96404
32870771420521,0,96404
32870771426599,1,96404
32870771436856,0,96404
32870771440601,1,96404
32870771450641,0,96404
32870771454505,1,96404
32870771464599,0,96404
32870771467400,1,96404
32870771478015,0,96404
32870771481293,1,96404
32870771490844,0,96406
32870771498996,1,96406
32870771560831,0,96406
32870771566616,1,96406
32870771576895,0,96406
32870771581215,1,96406
32870771636147,0,96406
32870771641867,1,96406
32870771718767,0,96404
32870771728340,1,96404
32870771750700,0,96404
32870771754466,1,96404
32870771761239,0,96406
32870771766796,1,96406
32870771776044,0,96403
32870771781275,1,96403
32870771790186,0,96404
32870771794789,1,96404
32870771818255,0,96405
32870771825657,1,96405
32870771842318,0,96405
32870771845878,1,96405
32870771852564,0,96404
32870771858252,1,96404
32870771866360,0,96403
32870771872872,1,96403
32870771888372,0,96403
32870771891508,1,96403
32870771901483,0,96403
32870771905108,1,96403
32870771913412,0,96404
32870771919164,1,96404
32870771929085,0,96405
32870771937420,1,96405
32870771954005,0,96405
32870771958694,1,96405
32870771968799,0,96405
32870771972598,1,96405
32870771982508,0,96405
32870772038145,1,96405
32870772099438,0,96405
32870772105473,1,96405
32870772116654,0,96403
32870772125576,1,96403
32870772189408,0,96403
32870772194477,1,96403
32870772205591,0,96403
32870772209597,1,96403
32870772219669,0,96403
32870772223576,1,96403
32870772233530,0,96403
32870772238392,1,96403
32870772248410,0,96403
32870772252578,1,96403
32870772265515,0,96406
32870772273807,1,96406
32870772334937,0,96406
32870772341753,1,96406
32870772397489,0,96406
32870772404815,1,96406
32870772460963,0,96406
32870772475084,1,96406
32870772543530,0,96404
32870772551508,1,96404
32870772571935,0,96404
32870772576884,1,96404
32870772587066,0,96404
32870772590322,1,96404
32870772604540,0,96404
32870772608893,1,96404
32870772618965,0,96404
32870772623177,1,96404
32870772633857,0,96404
32870772637395,1,96404
32870772647305,0,96404
32870772651137,1,96404
32870772707588,0,96404
32870772713026,1,96404
32870772726244,0,96406
32870772735275,1,96406
32870772798033,0,96406
32870772803753,1,96406
32870772860932,0,96406
32870772880892,1,96406
32870772995771,0,96406
32870773001968,1,96406
32870773057399,0,96406
32870773063304,1,96406
32870773074484,0,96405
32870773082386,1,96405
32870773146457,0,96405
32870773152589,1,96405
32870773208585,0,96405
32870773214251,1,96405
32870773232019,0,96405
32870773235340,1,96405
32870773245337,0,96405
32870773248593,1,96405
32870773258589,0,96405
32870773262269,1,96405
32870773272330,0,96405
32870773277931,1,96405
32870773289642,0,96406
32870773298304,1,96406
32870773361984,0,96406
32870773367172,1,96406
32870773423135,0,96406
32870773428226,1,96406
32870773437095,0,96403
32870773445919,1,96403
32870773466575,0,96403
32870773471068,1,96403
32870773481423,0,96403
32870773484788,1,96403
32870773493806,0,96404
32870773501849,1,96404
32870773563163,0,96404
32870773568416,1,96404
32870773624933,0,96404
32870773631912,1,96404
32870773642278,0,96404
32870773646565,1,96404
32870773701877,0,96404
32870773706229,1,96404
32870773716618,0,96403
32870773723857,1,96403
32870773785975,0,96403
32870773791228,1,96403
32870773801605,0,96403
32870773806565,1,96403
32870773816583,0,96403
32870773821598,1,96403
32870773831627,0,96403
32870773835024,1,96403
32870773844977,0,96403
32870773849047,1,96403
32870773861788,0,96406
32870773870537,1,96406
32870773933403,0,96406
32870773939883,1,96406
32870773995575,0,96406
32870774001577,1,96406
32870774011790,0,96405
32870774019193,1,96405
32870774041932,0,96405
32870774047749,1,96405
32870774058636,0,96405
32870774063043,1,96405
32870774120960,0,96405
32870774126300,1,96405
32870774145437,0,96403
32870774153241,1,96403
32870774214533,0,96403
32870774220297,1,96403
32870774276814,0,96403
32870774282957,1,96403
32870774296089,0,96405
32870774304295,1,96405
32870774366640,0,96405
32870774373402,1,96405
32870774431297,0,96405
32870774436800,1,96405
32870774446981,0,96405
32870774451551,1,96405
32870774506678,0,96405
32870774513049,1,96405
32870774521473,0,96403
32870774529885,1,96403
32870774549531,0,96403
32870774553460,1,96403
32870774559428,0,96405
32870774564269,1,96405
32870774579313,0,96405
32870774582981,1,96405
32870774593000,0,96405
32870774596723,1,96405
32870774606621,0,96405
32870774610605,1,96405
32870774620221,0,96406
32870774628492,1,96406
32870774681124,0,96403
32870774689439,1,96403
32870774752327,0,96403
32870774758372,1,96403
32870774772687,0,96404
32870774779883,1,96404
32870774847938,0,96405
32870774855362,1,96405
32870774877179,0,96405
32870774881249,1,96405
32870774892569,0,96406
32870774900645,1,96406
32870774962393,0,96406
32870774967885,1,96406
32870775023023,0,96406
32870775029384,1,96406
32870775037861,0,96405
32870775044091,1,96405
32870775053675,0,96404
32870775058016,1,96404
32870775073755,0,96404
32870775107663,1,96404
32870775157788,0,96403
32870775164387,1,96403
32870775177671,0,96406
32870775185703,1,96406
32870775205305,0,96406
32870775209994,1,96406
32870775220121,0,96406
32870775223790,1,96406
32870775230390,0,96403
32870775236403,1,96403
32870775245855,0,96405
32870775252183,1,96405
32870775272578,0,96405
32870775276930,1,96405
32870775287187,0,96405
32870775290411,1,96405
32870775413626,0,96405
32870775418607,1,96405
32870775474853,0,96405
32870775480258,1,96405
32870775548703,0,96405
32870775613122,1,96405
32870775673220,0,96405
32870775678843,1,96405
32870775733948,0,96405
32870775740070,1,96405
32870775809709,0,96404
32870775817915,1,96404
32870775839243,0,96404
32870775843715,1,96404
32870775854080,0,96404
32870775858835,1,96404
32870775872478,0,96406
32870775880629,1,96406
32870775946784,0,96406
32870775955272,1,96406
32870775975440,0,96404
32870775987249,1,96404
32870776058994,0,96404
32870776066516,1,96404
32870776137153,0,96404
32870776144903,1,96404
32870776156647,0,96404
32870776162443,1,96404
32870776172602,0,96404
32870776176466,1,96404
32870776186430,0,96404
32870776190273,1,96404
32870776200258,0,96404
32870776203916,1,96404
32870776213913,0,96404
32870776218363,1,96404
32870776235718,0,96404
32870776239213,1,96404
32870776249394,0,96404
32870776253736,1,96404
32870776270049,0,96403
32870776281348,1,96403
32870776347991,0,96403
32870776356902,1,96403
32870776421841,0,96403
32870776431545,1,96403
32870776491285,0,96403
32870776566199,1,96403
32870776626124,0,96403
32870776632398,1,96403
32870776643968,0,96405
32870776653476,1,96405
32870776718144,0,96405
32870776724005,1,96405
32870776781499,0,96405
32870776796086,1,96405
32870776812020,0,96405
32870776815667,1,96405
32870776825761,0,96405
32870776829506,1,96405
32870776839383,0,96405
32870776843225,1,96405
32870776853244,0,96405
32870776857487,1,96405
32870776913939,0,96405
32870776919073,1,96405
32870776927398,0,96406
32870776934529,1,96406
32870776955434,0,96406
32870776959287,1,96406
32870776969436,0,96406
32870776972746,1,96406
32870776979313,0,96405
32870776985000,1,96405
32870776994107,0,96404
32870777003441,1,96404
32870777067588,0,96404
32870777073872,1,96404
32870777129966,0,96404
32870777135349,1,96404
32870777145650,0,96404
32870777149981,1,96404
32870777159901,0,96404
32870777163950,1,96404
32870777173924,0,96404
32870777178830,1,96404
32870777188827,0,96404
32870777192289,1,96404
32870777203209,0,96406
32870777211176,1,96406
32870777274107,0,96406
32870777278905,1,96406
32870777290496,0,96405
32870777299190,1,96405
32870777362447,0,96405
32870777367842,1,96405
32870777425151,0,96405
32870777430144,1,96405
32870777440357,0,96405
32870777444514,1,96405
32870777454467,0,96405
32870777458310,1,96405
32870777468230,0,96405
32870777471682,1,96405
32870777481537,0,96405
32870777484739,1,96405
32870777494638,0,96405
32870777498980,1,96405
32870777554802,0,96405
32870777560706,1,96405
32870777617114,0,96405
32870777623681,1,96405
32870777632354,0,96403
32870777639344,1,96403
32870777661453,0,96403
32870777665426,1,96403
32870777675585,0,96403
32870777680024,1,96403
32870777696413,0,96404
32870777704728,1,96404
32870777767811,0,96404
32870777774367,1,96404
32870777784743,0,96404
32870777790366,1,96404
32870777800503,0,96404
32870777803792,1,96404
32870777813810,0,96404
32870777817956,1,96404
32870777827953,0,96404
32870777831307,1,96404
32870777841184,0,96403
32870777849140,1,96403
32870777911583,0,96403
32870777925227,1,96403
32870777982677,0,96403
32870777987930,1,96403
32870777997525,0,96405
32870778005264,1,96405
32870778025930,0,96405
32870778030402,1,96405
32870778040637,0,96405
32870778045065,1,96405
32870778056147,0,96406
32870778065047,1,96406
32870778081860,0,96406
32870778086321,1,96406
32870778096600,0,96406
32870778100779,1,96406
32870778117320,0,96406
32870778120587,1,96406
32870778139224,0,96403
32870778146322,1,96403
32870778162636,0,96403
32870778167314,1,96403
32870778176149,0,96406
32870778181673,1,96406
32870778233382,0,96405
32870778241609,1,96405
32870778303499,0,96405
32870778308806,1,96405
32870778322808,0,96404
32870778329884,1,96404
32870778390699,0,96404
32870778397483,1,96404
32870778408033,0,96404
32870778412418,1,96404
32870778423033,0,96404
32870778426789,1,96404
32870778436720,0,96404
32870778441442,1,96404
32870778451406,0,96404
32870778454597,1,96404
32870778512796,0,96404
32870778519438,1,96404
32870778575912,0,96404
32870778580677,1,96404
32870778591455,0,96404
32870778595058,1,96404
32870778650110,0,96404
32870778656687,1,96404
32870778667172,0,96404
32870778671297,1,96404
32870778682107,0,96404
32870778685320,1,96404
32870778695392,0,96404
32870778699213,1,96404
32870778709177,0,96404
32870778713041,1,96404
32870778725708,0,96403
32870778733002,1,96403
32870778794848,0,96403
32870778799938,1,96403
32870778855934,0,96403
32870778861578,1,96403
32870778871889,0,96403
32870778877153,1,96403
32870778932932,0,96403
32870778938848,1,96403
32870778952426,0,96406
32870778959817,1,96406
32870779021012,0,96406
32870779027774,1,96406
32870779043284,0,96406
32870779046920,1,96406
32870779056993,0,96406
32870779060488,1,96406
32870779070408,0,96406
32870779074750,1,96406
32870779084714,0,96406
32870779088914,1,96406
32870779098900,0,96406
32870779103122,1,96406
32870779113021,0,96406
32870779116820,1,96406
32870779126784,0,96406
32870779130246,1,96406
32870779140102,0,96406
32870779143456,1,96406
32870779198398,0,96406
32870779204140,1,96406
32870779259799,0,96406
32870779265216,1,96406
32870779275451,0,96406
32870779279673,1,96406
32870779335376,0,96406
32870779340781,1,96406
32870779350714,0,96404
32870779358681,1,96404
32870779423924,0,96404
32870779429210,1,96404
32870779487398,0,96404
32870779492261,1,96404
32870779501051,0,96405
32870779509300,1,96405
32870779571233,0,96405
32870779577723,1,96405
32870779588067,0,96405
32870779593918,1,96405
32870779604110,0,96405
32870779608581,1,96405
32870779619283,0,96405
32870779623538,1,96405
32870779633415,0,96405
32870779637149,1,96405
32870779647102,0,96405
32870779650662,1,96405
32870779707624,0,96405
32870779712834,1,96405
32870779723460,0,96403
32870779733175,1,96403
32870779755252,0,96403
32870779759050,1,96403
32870779769025,0,96405
32870779775255,1,96405
32870779786381,0,96404
32870779796258,1,96404
32870779819301,0,96404
32870779822850,1,96404
32870779830730,0,96405
32870779836851,1,96405
32870779844971,0,96403
32870779851809,1,96403
32870779892315,0,96405
32870779897873,1,96405
32870779907175,0,96406
32870779914968,1,96406
32870779944968,0,96403
32870779950515,1,96403
32870779960674,0,96403
32870779964071,1,96403
32870779974209,0,96403
32870779979614,1,96403
32870779987526,0,96405
32870779994755,1,96405
32870780056417,0,96405
32870780062267,1,96405
32870780076487,0,96404
32870780084726,1,96404
32870780107921,0,96404
32870780111112,1,96404
32870780121249,0,96404
32870780126123,1,96404
32870780137161,0,96404
32870780139929,1,96404
32870780149969,0,96404
32870780154560,1,96404
32870780164459,0,96404
32870780168605,1,96404
32870780178504,0,96404
32870780181565,1,96404
32870780191540,0,96404
32870780194676,1,96404
32870780204586,0,96404
32870780208309,1,96404
32870780218197,0,96404
32870780221909,1,96404
32870780236638,0,96404
32870780240610,1,96404
32870780250802,0,96404
32870780254124,1,96404
32870780264120,0,96404
32870780268234,1,96404
32870780278133,0,96404
32870780281541,1,96404
32870780294727,0,96405
32870780303670,1,96405
32870780365332,0,96405
32870780372018,1,96405
32870780381928,0,96403
32870780389851,1,96403
32870780470117,0,96406
32870780480189,1,96406
32870780500540,0,96406
32870780505359,1,96406
32870780515443,0,96406
32870780519253,1,96406
32870780529640,0,96403
32870780539083,1,96403
32870780581619,0,96404
32870780589434,1,96404
32870780609850,0,96404
32870780614431,1,96404
32870780630614,0,96404
32870780634044,1,96404
32870780644768,0,96404
32870780648198,1,96404
32870780658108,0,96403
32870780667301,1,96403
32870780737928,0,96403
32870780744668,1,96403
32870780874503,0,96405
32870780883317,1,96405
32870780904081,0,96405
32870780908683,1,96405
32870780920003,0,96403
32870780926353,1,96403
32870780969888,0,96404
32870780977182,1,96404
32870780994179,0,96406
32870781002211,1,96406
32870781022183,0,96406
32870781026003,1,96406
32870781036032,0,96406
32870781040450,1,96406
32870781058435,0,96405
32870781067107,1,96405
32870781128595,0,96405
32870781135607,1,96405
32870781209588,0,96404
32870781218748,1,96404
32870781239458,0,96404
32870781244103,1,96404
32870781254187,0,96404
32870781257790,1,96404
32870781272541,0,96403
32870781282092,1,96403
32870781324737,0,96406
32870781334104,1,96406
32870781354814,0,96406
32870781360317,1,96406
32870781417984,0,96406
32870781422911,1,96406
32870781431269,0,96403
32870781438976,1,96403
32870781509505,0,96405
32870781517960,1,96405
32870781539690,0,96405
32870781544596,1,96405
32870781554766,0,96405
32870781558749,1,96405
32870781568279,0,96403
32870781574531,1,96403
32870781632947,0,96403
32870781639221,1,96403
32870781697333,0,96403
32870781703238,1,96403
32870781713473,0,96403
32870781717185,1,96403
32870781772529,0,96403
32870781778054,1,96403
32870781795540,0,96403
32870781799436,1,96403
32870781816141,0,96406
32870781824607,1,96406
32870781845143,0,96406
32870781849126,1,96406
32870781859177,0,96406
32870781863844,1,96406
32870781874785,0,96403
32870781882220,1,96403
32870781941167,0,96405
32870781948787,1,96405
32870782013401,0,96405
32870782019316,1,96405
32870782031583,0,96406
32870782040624,1,96406
32870782103534,0,96406
32870782109134,1,96406
32870782119467,0,96406
32870782124819,1,96406
32870782134869,0,96406
32870782138408,1,96406
32870782148458,0,96406
32870782153213,1,96406
32870782163122,0,96406
32870782166997,1,96406
32870782180314,0,96403
32870782189659,1,96403
32870782250810,0,96403
32870782255998,1,96403
32870782311668,0,96403
32870782317899,1,96403
32870782373601,0,96403
32870782379918,1,96403
32870782448463,0,96404
32870782455246,1,96404
32870782475652,0,96404
32870782481187,1,96404
32870782491542,0,96404
32870782495070,1,96404
32870782508896,0,96406
32870782515854,1,96406
32870782546950,0,96405
32870782556089,1,96405
32870782573184,0,96406
32870782579035,1,96406
32870782591963,0,96403
32870782599800,1,96403
32870782615983,0,96403
32870782620086,1,96403
32870782630245,0,96403
32870782635640,1,96403
32870782648652,0,96405
32870782655729,1,96405
32870782671890,0,96405
32870782676427,1,96405
32870782686576,0,96405
32870782690385,1,96405
32870782700090,0,96404
32870782706646,1,96404
32870782724360,0,96404
32870782728235,1,96404
32870782738253,0,96404
32870782743496,1,96404
32870782753644,0,96404
32870782757682,1,96404
32870782767646,0,96404
32870782772345,1,96404
32870782782374,0,96404
32870782786575,1,96404
32870782796550,0,96404
32870782800696,1,96404
32870782810606,0,96404
32870782814481,1,96404
32870782824445,0,96404
32870782828504,1,96404
32870782885151,0,96404
32870782889829,1,96404
32870782898044,0,96405
32870782906456,1,96405
32870782969159,0,96405
32870782975498,1,96405
32870783043467,0,96404
32870783049936,1,96404
32870783071047,0,96404
32870783074998,1,96404
32870783085027,0,96404
32870783089151,1,96404
32870783095749,0,96405
32870783101893,1,96405
32870783158583,0,96405
32870783163370,1,96405
32870783172326,0,96406
32870783178979,1,96406
32870783240858,0,96406
32870783246068,1,96406
32870783256996,0,96404
32870783265462,1,96404
32870783327569,0,96404
32870783333343,1,96404
32870783374632,0,96404
32870783381025,1,96404
32870783391358,0,96404
32870783395178,1,96404
32870783405207,0,96404
32870783409679,1,96404
32870783419697,0,96404
32870783423757,1,96404
32870783434459,0,96404
32870783438258,1,96404
32870783456384,0,96404
32870783460052,1,96404
32870783470288,0,96404
32870783473880,1,96404
32870783529019,0,96404
32870783535911,1,96404
32870783546189,0,96403
32870783555535,1,96403
32870783577818,0,96403
32870783582300,1,96403
32870783593068,0,96404
32870783597996,1,96404
32870783607353,0,96405
32870783615038,1,96405
32870783637679,0,96405
32870783642173,1,96405
32870783652484,0,96405
32870783656315,1,96405
32870783713266,0,96405
32870783719127,1,96405
32870783738099,0,96404
32870783746598,1,96404
32870783806143,0,96404
32870783810755,1,96404
32870783866035,0,96404
32870783871310,1,96404
32870783881578,0,96404
32870783885637,1,96404
32870783940982,0,96404
32870783955385,1,96404
32870784012976,0,96404
32870784019619,1,96404
32870784076157,0,96404
32870784082138,1,96404
32870784096575,0,96406
32870784104748,1,96406
32870784167321,0,96406
32870784173323,1,96406
32870784183656,0,96406
32870784186739,1,96406
32870784196670,0,96406
32870784201413,1,96406
32870784211475,0,96406
32870784214981,1,96406
32870784224891,0,96406
32870784229178,1,96406
32870784239098,0,96406
32870784244536,1,96406
32870784301205,0,96406
32870784307468,1,96406
32870784363409,0,96406
32870784368717,1,96406
32870784378930,0,96406
32870784382697,1,96406
32870784437249,0,96406
32870784442296,1,96406
32870784452280,0,96405
32870784462081,1,96405
32870784535304,0,96403
32870784541914,1,96403
32870784562059,0,96403
32870784566585,1,96403
32870784576679,0,96403
32870784581813,1,96403
32870784589257,0,96405
32870784595401,1,96405
32870784601198,0,96406
32870784606039,1,96406
32870784611627,0,96405
32870784615860,1,96405
32870784621723,0,96403
32870784625576,1,96403
32870784631436,0,96405
32870784635582,1,96405
32870784691122,0,96405
32870784697602,1,96405
32870784706243,0,96403
32870784713200,1,96403
32870784774102,0,96403
32870784780028,1,96403
32870784790175,0,96404
32870784799716,1,96404
32870784823030,0,96404
32870784826732,1,96404
32870784836739,0,96404
32870784841211,1,96404
32870784851305,0,96404
32870784856157,1,96404
32870784866218,0,96404
32870784870517,1,96404
32870784885321,0,96405
32870784894113,1,96405
32870784957989,0,96405
32870784964045,1,96405
32870785020269,0,96405
32870785025750,1,96405
32870785091200,0,96404
32870785098429,1,96404
32870785119724,0,96404
32870785123686,1,96404
32870785133715,0,96404
32870785137156,1,96404
32870785148454,0,96405
32870785155292,1,96405
32870785213578,0,96405
32870785219374,1,96405
32870785275294,0,96405
32870785281394,1,96405
32870785376073,0,96406
32870785384344,1,96406
32870785433208,0,96405
32870785438332,1,96405
32870785446342,0,96406
32870785452974,1,96406
32870785498302,0,96403
32870785505302,1,96403
32870785529722,0,96404
32870785537287,1,96404
32870785597722,0,96404
32870785602835,1,96404
32870785669501,0,96403
32870785675938,1,96403
32870785712633,0,96405
32870785720058,1,96405
32870785736187,0,96405
32870785740235,1,96405
32870785750394,0,96405
32870785755984,1,96405
32870785766122,0,96405
32870785769259,1,96405
32870785777378,0,96406
32870785785844,1,96406
32870785847462,0,96406
32870785853985,1,96406
32870785866142,0,96405
32870785875758,1,96405
32870785939960,0,96405
32870786060504,1,96405
32870786123424,0,96405
32870786130556,1,96405
32870786186649,0,96405
32870786192662,1,96405
32870786206045,0,96404
32870786216487,1,96404
32870786278257,0,96404
32870786283608,1,96404
32870786296156,0,96406
32870786304416,1,96406
32870786327882,0,96406
32870786332474,1,96406
32870786342557,0,96406
32870786345987,1,96406
32870786355940,0,96406
32870786359717,1,96406
32870786369627,0,96406
32870786372861,1,96406
32870786382727,0,96406
32870786386440,1,96406
32870786396425,0,96406
32870786401754,1,96406
32870786459129,0,96406
32870786465619,1,96406
32870786482029,0,96405
32870786492384,1,96405
32870786556042,0,96405
32870786563466,1,96405
32870786621188,0,96405
32870786714760,1,96405
32870786777138,0,96405
32870786782489,1,96405
32870786797891,0,96405
32870786802124,1,96405
32870786812272,0,96405
32870786816494,1,96405
32870786826469,0,96405
32870786829595,1,96405
32870786830920,3,96403
32870786842956,0,96405
32870786846799,1,96405
32870786856806,0,96405
32870786860681,1,96405
32870786868975,0,96406
32870786875976,1,96406
32870786938495,0,96406
32870786944030,1,96406
32870786954266,0,96406
32870786959758,1,96406
32870786969863,0,96406
32870786973369,1,96406
32870786983365,0,96406
32870786987924,1,96406
32870786997844,0,96406
32870787001839,1,96406
32870787012322,0,96404
32870787020169,1,96404
32870787082070,0,96404
32870787088083,1,96404
32870787144697,0,96404
32870787150884,1,96404
32870787164616,0,96405
32870787172800,1,96405
32870787234939,0,96405
32870787241060,1,96405
32870787258492,0,96405
32870787261933,1,96405
32870787272081,0,96405
32870787275902,1,96405
32870787286875,0,96405
32870787290468,1,96405
32870787301376,0,96405
32870787305837,1,96405
32870787315801,0,96405
32870787319784,1,96405
32870787329618,0,96405
32870787333243,1,96405
32870787343186,0,96405
32870787346822,1,96405
32870787356699,0,96405
32870787361529,1,96405
32870787371471,0,96405
32870787374749,1,96405
32870787430256,0,96405
32870787435824,1,96405
32870787445819,0,96406
32870787455534,1,96406
32870787471912,0,96406
32870787475820,1,96406
32870787485957,0,96406
32870787490288,1,96406
32870787506571,0,96405
32870787511759,1,96405
32870787568178,0,96405
32870787574799,1,96405
32870787585175,0,96405
32870787590027,1,96405
32870787600154,0,96405
32870787604343,1,96405
32870787614296,0,96405
32870787618041,1,96405
32870787627940,0,96405
32870787631500,1,96405
32870787640247,0,96406
32870787648094,1,96406
32870787710483,0,96406
32870787715845,1,96406
32870787729381,0,96405
32870787736089,1,96405
32870787797045,0,96405
32870787802418,1,96405
32870787813509,0,96404
32870787821725,1,96404
32870787883821,0,96404
32870787889400,1,96404
32870787899690,0,96404
32870787902913,1,96404
32870787912910,0,96404
32870787917892,1,96404
32870787927997,0,96404
32870787933087,1,96404
32870787943887,0,96404
32870787947013,1,96404
32870787956934,0,96404
32870787960472,1,96404
32870787978924,0,96404
32870787982853,1,96404
32870787992763,0,96404
32870787996149,1,96404
32870788010378,0,96406
32870788019496,1,96406
32870788081928,0,96406
32870788088527,1,96406
32870788145695,0,96406
32870788151762,1,96406
32870788218169,0,96405
32870788226244,1,96405
32870788246790,0,96405
32870788250850,1,96405
32870788260890,0,96405
32870788266208,1,96405
32870788272556,0,96406
32870788277983,1,96406
32870788325448,0,96404
32870788334457,1,96404
32870788351738,0,96405
32870788362711,1,96405
32870788385494,0,96405
32870788391713,1,96405
32870788407440,0,96405
32870788416123,1,96405
32870788443026,0,96406
32870788453435,1,96406
32870788471214,0,96406
32870788476250,1,96406
32870788487277,0,96406
32870788495646,1,96406
32870788510933,0,96404
32870788522080,1,96404
32870788599588,0,96404
32870788605406,1,96404
32870788615912,0,96404
32870788620601,1,96404
32870788631412,0,96404
32870788636426,1,96404
32870788646521,0,96404
32870788650732,1,96404
32870788665841,0,96404
32870788672212,1,96404
32870788687710,0,96406
32870788698662,1,96406
32870788779535,0,96406
32870788788218,1,96406
32870788865444,0,96406
32870788875365,1,96406
32870788947891,0,96406
32870788955814,1,96406
32870789030133,0,96404
32870789043114,1,96404
32870789070466,0,96404
32870789075144,1,96404
32870789085184,0,96404
32870789089548,1,96404
32870789099642,0,96404
32870789103842,1,96404
32870789120514,0,96404
32870789123868,1,96404
32870789189902,0,96406
32870789198792,1,96406
32870789268290,0,96406
32870789276810,1,96406
32870789352810,0,96406
32870789359691,1,96406
32870789376310,0,96404
32870789385036,1,96404
32870789461036,0,96404
32870789468732,1,96404
32870789483102,0,96404
32870789488866,1,96404
32870789504615,0,96404
32870789512625,1,96404
32870789531576,0,96404
32870789539999,1,96404
32870789549929,0,96405
32870789558134,1,96405
32870789631486,0,96405
32870789637738,1,96405
32870789655831,0,96404
32870789665925,1,96404
32870789740188,0,96404
32870789746234,1,96404
32870789802338,0,96404
32870789807233,1,96404
32870789823254,0,96406
32870789833403,1,96406
32870789923252,0,96405
32870789931045,1,96405
32870789953198,0,96405
32870789959645,1,96405
32870789975905,0,96405
32870789980507,1,96405
32870790036492,0,96405
32870790042917,1,96405
32870790099228,0,96405
32870790104405,1,96405
32870790112567,0,96406
32870790120393,1,96406
32870790173697,0,96405
32870790180969,1,96405
32870790240720,0,96405
32870790246983,1,96405
32870790257251,0,96405
32870790261853,1,96405
32870790271828,0,96405
32870790275616,1,96405
32870790285504,0,96405
32870790289368,1,96405
32870790299321,0,96405
32870790304900,1,96405
32870790361026,0,96405
32870790366605,1,96405
32870790375147,0,96406
32870790382484,1,96406
32870790398352,0,96406
32870790402933,1,96406
32870790412929,0,96406
32870790417336,1,96406
32870790424315,0,96405
32870790429916,1,96405
32870790440259,0,96404
32870790448302,1,96404
32870790465484,0,96404
32870790469218,1,96404
32870790479605,0,96404
32870790484033,1,96404
32870790498068,0,96406
32870790571484,1,96406
32870790633992,0,96406
32870790639354,1,96406
32870790650186,0,96404
32870790658511,1,96404
32870790722647,0,96404
32870790729095,1,96404
32870790863684,0,96404
32870790869686,1,96404
32870790880160,0,96404
32870790885924,1,96404
32870790897353,0,96406
32870790904984,1,96406
32870790966417,0,96406
32870790971985,1,96406
32870791027612,0,96406
32870791033929,1,96406
32870791044946,0,96404
32870791054421,1,96404
32870791117624,0,96404
32870791124137,1,96404
32870791134372,0,96404
32870791138030,1,96404
32870791148156,0,96404
32870791151771,1,96404
32870791161615,0,96404
32870791165686,1,96404
32870791175671,0,96404
32870791179438,1,96404
32870791187622,0,96405
32870791195578,1,96405
32870791256805,0,96405
32870791262796,1,96405
32870791319020,0,96405
32870791325044,1,96405
32870791339056,0,96406
32870791348467,1,96406
32870791409564,0,96406
32870791414806,1,96406
32870791425215,0,96406
32870791430393,1,96406
32870791471692,0,96406
32870791477933,1,96406
32870791488277,0,96406
32870791492445,1,96406
32870791502463,0,96406
32870791506696,1,96406
32870791516725,0,96406
32870791520220,1,96406
32870791530130,0,96406
32870791534157,1,96406
32870791544175,0,96406
32870791548755,1,96406
32870791608170,0,96406
32870791613054,1,96406
32870791621195,0,96404
32870791628977,1,96404
32870791691181,0,96404
32870791697227,1,96404
32870791765531,0,96406
32870791773302,1,96406
32870791794479,0,96406
32870791799363,1,96406
32870791809392,0,96406
32870791813017,1,96406
32870791819085,0,96404
32870791826085,1,96404
32870791883308,0,96404
32870791888800,1,96404
32870791902476,0,96405
32870791910030,1,96405
32870791971236,0,96405
32870791977683,1,96405
32870792033820,0,96405
32870792038921,1,96405
32870792049178,0,96405
32870792053172,1,96405
32870792063126,0,96405
32870792067174,1,96405
32870792077084,0,96405
32870792080796,1,96405
32870792090771,0,96405
32870792095850,1,96405
32870792105152,0,96404
32870792112793,1,96404
32870792173728,0,96404
32870792178840,1,96404
32870792234608,0,96404
32870792240230,1,96404
32870792248946,0,96405
32870792256240,1,96405
32870792317608,0,96405
32870792323078,1,96405
32870792333292,0,96405
32870792337406,1,96405
32870792347413,0,96405
32870792350430,1,96405
32870792360264,0,96405
32870792364237,1,96405
32870792374190,0,96405
32870792377924,1,96405
32870792388669,0,96406
32870792395854,1,96406
32870792457657,0,96406
32870792463746,1,96406
32870792518982,0,96406
32870792524572,1,96406
32870792532343,0,96405
32870792538964,1,96405
32870792600333,0,96405
32870792605618,1,96405
32870792661419,0,96405
32870792666466,1,96405
32870792677548,0,96405
32870792681086,1,96405
32870792691300,0,96405
32870792695153,1,96405
32870792705095,0,96405
32870792708199,1,96405
32870792718098,0,96405
32870792722027,1,96405
32870792733012,0,96406
32870792739752,1,96406
32870792800523,0,96406
32870792806971,1,96406
32870792862880,0,96406
32870792869327,1,96406
32870792882949,0,96404
32870792890177,1,96404
32870792953619,0,96404
32870792959740,1,96404
32870792970084,0,96404
32870792973341,1,96404
32870792983304,0,96404
32870792987103,1,96404
32870792996991,0,96404
32870793000421,1,96404
32870793010331,0,96404
32870793014141,1,96404
32870793024050,0,96405
32870793030997,1,96405
32870793092517,0,96405
32870793098606,1,96405
32870793154559,0,96405
32870793160311,1,96405
32870793174031,0,96406
32870793181889,1,96406
32870793242975,0,96406
32870793248598,1,96406
32870793258746,0,96406
32870793262925,1,96406
32870793272900,0,96406
32870793276449,1,96406
32870793286304,0,96406
32870793290505,1,96406
32870793300371,0,96406
32870793303812,1,96406
32870793312907,0,96404
32870793319138,1,96404
32870793380061,0,96404
32870793385043,1,96404
32870793440539,0,96404
32870793445901,1,96404
32870793455247,0,96406
32870793462334,1,96406
32870793523887,0,96406
32870793529162,1,96406
32870793539419,0,96406
32870793543858,1,96406
32870793553898,0,96406
32870793558967,1,96406
32870793568996,0,96406
32870793573099,1,96406
32870793583030,0,96406
32870793586558,1,96406
32870793594796,0,96405
32870793601840,1,96405
32870793662536,0,96405
32870793669048,1,96405
32870793724707,0,96405
32870793730536,1,96405
32870793744180,0,96404
32870793750518,1,96404
32870793811409,0,96404
32870793817183,1,96404
32870793850028,0,96406
32870793857908,1,96406
32870793874992,0,96404
32870793880202,1,96404
32870793929207,0,96405
32870793937152,1,96405
32870793949190,0,96406
32870793956646,1,96406
32870793972916,0,96406
32870793976607,1,96406
32870793986744,0,96406
32870793990663,1,96406
32870794001158,0,96405
32870794008452,1,96405
32870794066499,0,96405
32870794071253,1,96405
32870794081554,0,96405
32870794085895,1,96405
32870794095903,0,96405
32870794101720,1,96405
32870794111749,0,96405
32870794115700,1,96405
32870794125621,0,96405
32870794128747,1,96405
32870794138223,0,96406
32870794144507,1,96406
32870794207080,0,96406
32870794212551,1,96406
32870794226031,0,96405
32870794232565,1,96405
32870794294324,0,96405
32870794301162,1,96405
32870794357994,0,96405
32870794363041,1,96405
32870794419286,0,96405
32870794424963,1,96405
32870794442112,0,96405
32870794445520,1,96405
32870794455571,0,96405
32870794460629,1,96405
32870794470756,0,96405
32870794474696,1,96405
32870794484681,0,96405
32870794488925,1,96405
32870794503372,0,96406
32870794520641,1,96406
32870794583713,0,96406
32870794590150,1,96406
32870794604055,0,96404
32870794612467,1,96404
32870794677992,0,96404
32870794683333,1,96404
32870794739795,0,96404
32870794745884,1,96404
32870794756217,0,96404
32870794759940,1,96404
32870794769871,0,96404
32870794773193,1,96404
32870794783287,0,96404
32870794787303,1,96404
32870794798103,0,96404
32870794801261,1,96404
32870794812211,0,96406
32870794820710,1,96406
32870794881623,0,96406
32870794886811,1,96406
32870794900770,0,96404
32870794906903,1,96404
32870794979124,0,96405
32870794986917,1,96405
32870795048448,0,96405
32870795053962,1,96405
32870795065272,0,96406
32870795077482,1,96406
32870795102414,0,96406
32870795106723,1,96406
32870795117762,0,96406
32870795121452,1,96406
32870795132892,0,96405
32870795140392,1,96405
32870795198908,0,96404
32870795206223,1,96404
32870795268167,0,96404
32870795272867,1,96404
32870795329492,0,96404
32870795335212,1,96404
32870795347584,0,96406
32870795356745,1,96406
32870795405208,0,96406
32870795411764,1,96406
32870795422086,0,96406
32870795426395,1,96406
32870795436391,0,96406
32870795441070,1,96406
32870795451099,0,96406
32870795454550,1,96406
32870795464145,0,96405
32870795473403,1,96405
32870795521206,0,96404
32870795528228,1,96404
32870795542978,0,96406
32870795549067,1,96406
32870795609219,0,96406
32870795615623,1,96406
32870795671337,0,96406
32870795677187,1,96406
32870795687455,0,96406
32870795692003,1,96406
32870795701912,0,96406
32870795705831,1,96406
32870795715751,0,96406
32870795720983,1,96406
32870795731034,0,96406
32870795735278,1,96406
32870795745220,0,96406
32870795748519,1,96406
32870795760719,0,96405
32870795769446,1,96405
32870795832345,0,96405
32870795839107,1,96405
32870795895689,0,96405
32870795900996,1,96405
32870795909115,0,96406
32870795916007,1,96406
32870795931604,0,96406
32870795936228,1,96406
32870795946333,0,96406
32870795950262,1,96406
32870795958403,0,96405
32870795963971,1,96405
32870796030169,0,96406
32870796038310,1,96406
32870796058151,0,96406
32870796062514,1,96406
32870796072576,0,96406
32870796076679,1,96406
32870796083690,0,96405
32870796089942,1,96405
32870796133173,0,96404
32870796141965,1,96404
32870796157052,0,96406
32870796163999,1,96406
32870796179911,0,96406
32870796183634,1,96406
32870796193554,0,96406
32870796197712,1,96406
32870796204853,0,96404
32870796210986,1,96404
32870796268002,0,96404
32870796273646,1,96404
32870796314522,0,96404
32870796319753,1,96404
32870796329989,0,96404
32870796334754,1,96404
32870796344891,0,96404
32870796348440,1,96404
32870796358372,0,96404
32870796361965,1,96404
32870796371842,0,96404
32870796375858,1,96404
32870796432331,0,96404
32870796437714,1,96404
32870796451879,0,96405
32870796459640,1,96405
32870796521139,0,96405
32870796526685,1,96405
32870796603075,0,96404
32870796611118,1,96404
32870796631719,0,96404
32870796636386,1,96404
32870796646687,0,96405
32870796660634,1,96405
32870796705927,0,96406
32870796713807,1,96406
32870796727853,0,96404
32870796733638,1,96404
32870796749810,0,96404
32870796755856,1,96404
32870796766091,0,96404
32870796770346,1,96404
32870796777629,0,96406
32870796783121,1,96406
32870796839952,0,96406
32870796845564,1,96406
32870796855734,0,96406
32870796859924,1,96406
32870796900941,0,96406
32870796905662,1,96406
32870796916006,0,96406
32870796921444,1,96406
32870796931614,0,96406
32870796936422,1,96406
32870796946365,0,96406
32870796950522,1,96406
32870796962624,0,96405
32870796971687,1,96405
32870797034706,0,96405
32870797041305,1,96405
32870797097398,0,96405
32870797104442,1,96405
32870797118617,0,96404
32870797126204,1,96404
32870797190775,0,96404
32870797196527,1,96404
32870797207587,0,96404
32870797211712,1,96404
32870797221784,0,96404
32870797225963,1,96404
32870797235840,0,96404
32870797239238,1,96404
32870797249147,0,96404
32870797252545,1,96404
32870797262411,0,96404
32870797265711,1,96404
32870797321891,0,96404
32870797327535,1,96404
32870797337249,0,96405
32870797345976,1,96405
32870797362474,0,96405
32870797366577,1,96405
32870797376736,0,96405
32870797382304,1,96405
32870797400213,0,96406
32870797409233,1,96406
32870797470949,0,96406
32870797476962,1,96406
32870797517350,0,96406
32870797522766,1,96406
32870797533001,0,96406
32870797538732,1,96406
32870797548794,0,96406
32870797552213,1,96406
32870797562133,0,96406
32870797566605,1,96406
32870797575777,0,96405
32870797582354,1,96405
32870797644092,0,96405
32870797650951,1,96405
32870797707446,0,96405
32870797712721,1,96405
32870797720916,0,96406
32870797729143,1,96406
32870797744958,0,96406
32870797749408,1,96406
32870797759502,0,96406
32870797763974,1,96406
32870797773992,0,96406
32870797777606,1,96406
32870797791858,0,96406
32870797795027,1,96406
32870797802386,0,96405
32870797808616,1,96405
32870797834427,0,96404
32870797842242,1,96404
32870797858143,0,96404
32870797862300,1,96404
32870797872535,0,96404
32870797875845,1,96404
32870797892344,0,96404
32870797895469,1,96404
32870797952409,0,96404
32870797957782,1,96404
32870798014104,0,96404
32870798019639,1,96404
32870798032893,0,96406
32870798040828,1,96406
32870798102771,0,96406
32870798109338,1,96406
32870798165182,0,96406
32870798171542,1,96406
32870798180658,0,96404
32870798190014,1,96404
32870798252414,0,96404
32870798258449,1,96404
32870798269835,0,96405
32870798278268,1,96405
32870798341438,0,96405
32870798348765,1,96405
32870798406258,0,96405
32870798412119,1,96405
32870798421226,0,96404
32870798430582,1,96404
32870798494262,0,96404
32870798500644,1,96404
32870798518412,0,96404
32870798523068,1,96404
32870798533141,0,96404
32870798539024,1,96404
32870798549151,0,96404
32870798553633,1,96404
32870798563608,0,96404
32870798567776,1,96404
32870798578511,0,96404
32870798582776,1,96404
32870798592805,0,96404
32870798596756,1,96404
32870798652513,0,96404
32870798658114,1,96404
32870798673592,0,96405
32870798682351,1,96405
32870798745130,0,96405
32870798751024,1,96405
32870798807910,0,96405
32870798883095,1,96405
32870798945625,0,96405
32870798951453,1,96405
32870799008393,0,96405
32870799014873,1,96405
32870799025434,0,96405
32870799029646,1,96405
32870799050725,0,96406
32870799060201,1,96406
32870799122969,0,96406
32870799131490,1,96406
32870799209313,0,96406
32870799218550,1,96406
32870799234288,0,96406
32870799241061,1,96406
32870799251600,0,96406
32870799255182,1,96406
32870799265124,0,96406
32870799269140,1,96406
32870799299596,0,96406
32870799310222,1,96406
32870799391758,0,96406
32870799397109,1,96406
32870799407600,0,96404
32870799419463,1,96404
32870799442072,0,96404
32870799452340,1,96404
32870799463361,0,96406
32870799471100,1,96406
32870799550482,0,96404
32870799560522,1,96404
32870799605223,0,96406
32870799615502,1,96406
32870799631370,0,96406
32870799639901,1,96406
32870799658168,0,96405
32870799666710,1,96405
32870799737825,0,96405
32870799744587,1,96405
32870799754366,0,96406
32870799764254,1,96406
32870799788111,0,96406
32870799793343,1,96406
32870799803480,0,96406
32870799808668,1,96406
32870799818806,0,96406
32870799822258,1,96406
32870799832211,0,96406
32870799839971,1,96406
32870799856535,0,96406
32870799864794,1,96406
32870799940913,0,96406
32870799948457,1,96406
32870799972314,0,96405
32870799985523,1,96405
32870800066082,0,96405
32870800072724,1,96405
32870800082297,0,96404
32870800093835,1,96404
32870800111071,0,96404
32870800115174,1,96404
32870800125453,0,96404
32870800129990,1,96404
32870800143427,0,96405
32870800149701,1,96405
32870800234950,0,96404
32870800242113,1,96404
32870800263083,0,96404
32870800265873,1,96404
32870800275683,0,96405
32870800281761,1,96405
32870800336921,0,96406
32870800346983,1,96406
32870800410435,0,96406
32870800417067,1,96406
32870800428486,0,96405
32870800437212,1,96405
32870800501381,0,96405
32870800507448,1,96405
32870800517195,0,96404
32870800525922,1,96404
32870800541920,0,96404
32870800546002,1,96404
32870800556042,0,96404
32870800560275,1,96404
32870800570249,0,96404
32870800573831,1,96404
32870800583404,0,96406
32870800648430,1,96406
32870800712404,0,96406
32870800718677,1,96406
32870800729935,0,96404
32870800739899,1,96404
32870800827002,0,96404
32870800834524,1,96404
32870800845150,0,96404
32870800849730,1,96404
32870800859813,0,96404
32870800864057,1,96404
32870800874054,0,96404
32870800878298,1,96404
32870800888272,0,96404
32870800891767,1,96404
32870800901753,0,96404
32870800906496,1,96404
32870800916601,0,96404
32870800920346,1,96404
32870800932729,0,96405
32870800941738,1,96405
32870801004930,0,96405
32870801010921,1,96405
32870801066407,0,96405
32870801072300,1,96405
32870801081017,0,96404
32870801088007,1,96404
32870801175880,0,96406
32870801185670,1,96406
32870801221175,0,96404
32870801227112,1,96404
32870801238118,0,96404
32870801242427,1,96404
32870801259792,0,96406
32870801266370,1,96406
32870801313530,0,96405
32870801323689,1,96405
32870801335782,0,96404
32870801344292,1,96404
32870801378318,0,96406
32870801386089,1,96406
32870801393849,0,96405
32870801400557,1,96405
32870801461296,0,96405
32870801466452,1,96405
32870801522653,0,96405
32870801599196,1,96405
32870801659207,0,96405
32870801665340,1,96405
32870801721075,0,96405
32870801726676,1,96405
32870801782270,0,96405
32870801788815,1,96405
32870801854156,0,96406
32870801862807,1,96406
32870801883603,0,96406
32870801888314,1,96406
32870801898354,0,96406
32870801901935,1,96406
32870801909251,0,96405
32870801916393,1,96405
32870801963121,0,96404
32870801970056,1,96404
32870801984523,0,96406
32870801991665,1,96406
32870802007751,0,96406
32870802013536,1,96406
32870802024585,0,96406
32870802029372,1,96406
32870802044991,0,96405
32870802051590,1,96405
32870802122597,0,96406
32870802129630,1,96406
32870802150047,0,96406
32870802152684,1,96406
32870802162941,0,96406
32870802166045,1,96406
32870802176997,0,96405
32870802182684,1,96405
32870802227198,0,96404
32870802235870,1,96404
32870802248308,0,96406
32870802254788,1,96406
32870802270862,0,96406
32870802274455,1,96406
32870802284495,0,96406
32870802288891,1,96406
32870802298096,0,96404
32870802305065,1,96404
32870802361722,0,96404
32870802367855,1,96404
32870802409057,0,96404
32870802415450,1,96404
32870802425772,0,96404
32870802429636,1,96404
32870802439708,0,96404
32870802444593,1,96404
32870802455392,0,96404
32870802458996,1,96404
32870802471400,0,96405
32870802479627,1,96405
32870802541615,0,96405
32870802546976,1,96405
32870802602679,0,96405
32870802608985,1,96405
32870802617312,0,96404
32870802624454,1,96404
32870802685985,0,96404
32870802690576,1,96404
32870802708127,0,96404
32870802711492,1,96404
32870802721478,0,96404
32870802724940,1,96404
32870802734882,0,96404
32870802740103,1,96404
32870802750176,0,96404
32870802753573,1,96404
32870802763472,0,96404
32870802766489,1,96404
32870802775995,0,96405
32870802785069,1,96405
32870802846275,0,96405
32870802852386,1,96405
32870802862558,0,96406
32870802869450,1,96406
32870802933586,0,96406
32870802939209,1,96406
32870802995193,0,96406
32870803000772,1,96406
32870803010942,0,96406
32870803014893,1,96406
32870803024792,0,96406
32870803027842,1,96406
32870803037763,0,96406
32870803040921,1,96406
32870803050777,0,96406
32870803054597,1,96406
32870803064442,0,96406
32870803068675,1,96406
32870803126385,0,96406
32870803132138,1,96406
32870803141319,0,96404
32870803150426,1,96404
32870803213075,0,96404
32870803218350,1,96404
32870803274172,0,96404
32870803281325,1,96404
32870803355349,0,96405
32870803363706,1,96405
32870803385164,0,96405
32870803389365,1,96405
32870803399600,0,96405
32870803403573,1,96405
32870803462077,0,96406
32870803470120,1,96406
32870803532042,0,96406
32870803537990,1,96406
32870803548007,0,96405
32870803556842,1,96405
32870803618026,0,96405
32870803624560,1,96405
32870803634839,0,96405
32870803638898,1,96405
32870803648841,0,96405
32870803651988,1,96405
32870803661974,0,96405
32870803667520,1,96405
32870803677604,0,96405
32870803681696,1,96405
32870803691594,0,96405
32870803695165,1,96405
32870803712358,0,96405
32870803716038,1,96405
32870803725980,0,96405
32870803730506,1,96405
32870803740492,0,96405
32870803744236,1,96405
32870803754168,0,96405
32870803757945,1,96405
32870803768495,0,96406
32870803776016,1,96406
32870803838817,0,96406
32870803846502,1,96406
32870803904397,0,96406
32870803909444,1,96406
32870803927115,0,96406
32870803931109,1,96406
32870803941181,0,96406
32870803945349,1,96406
32870803955357,0,96406
32870803959427,1,96406
32870803969792,0,96406
32870803973613,1,96406
32870803983523,0,96406
32870803986594,1,96406
32870803996537,0,96406
32870804000412,1,96406
32870804010397,0,96406
32870804015477,1,96406
32870804025886,0,96406
32870804029359,1,96406
32870804045879,0,96406
32870804049938,1,96406
32870804059946,0,96406
32870804063799,1,96406
32870804073763,0,96406
32870804077952,1,96406
32870804087830,0,96406
32870804091390,1,96406
32870804100203,0,96405
32870804108159,1,96405
32870804123757,0,96405
32870804127740,1,96405
32870804137834,0,96405
32870804141752,1,96405
32870804156405,0,96404
32870804165306,1,96404
32870804237213,0,96405
32870804243389,1,96405
32870804263089,0,96405
32870804267051,1,96405
32870804277112,0,96405
32870804280282,1,96405
32870804290213,0,96405
32870804294099,1,96405
32870804349943,0,96405
32870804356477,1,96405
32870804412668,0,96405
32870804417465,1,96405
32870804427646,0,96405
32870804431315,1,96405
32870804485639,0,96405
32870804490209,1,96405
32870804501573,0,96404
32870804508357,1,96404
32870804585355,0,96406
32870804594385,1,96406
32870804615692,0,96406
32870804619132,1,96406
32870804629498,0,96406
32870804632971,1,96406
32870804689629,0,96405
32870804699256,1,96405
32870804762991,0,96405
32870804768917,1,96405
32870804779371,0,96406
32870804787229,1,96406
32870804850465,0,96406
32870804856348,1,96406
32870804866550,0,96406
32870804872878,1,96406
32870804883135,0,96406
32870804887585,1,96406
32870804897549,0,96406
32870804901402,1,96406
32870804911366,0,96406
32870804915534,1,96406
32870804926126,0,96404
32870804936307,1,96404
32870804998989,0,96404
32870805004047,1,96404
32870805059739,0,96404
32870805065980,1,96404
32870805074404,0,96406
32870805081448,1,96406
32870805143956,0,96406
32870805149340,1,96406
32870805159400,0,96405
32870805168051,1,96405
32870805214680,0,96405
32870805219759,1,96405
32870805230092,0,96405
32870805233956,1,96405
32870805243898,0,96405
32870805247187,1,96405
32870805257097,0,96405
32870805261178,1,96405
32870805271099,0,96405
32870805276157,1,96405
32870805286207,0,96405
32870805290983,1,96405
32870805300209,0,96404
32870805309706,1,96404
32870805372996,0,96404
32870805380691,1,96404
32870805437240,0,96404
32870805443601,1,96404
32870805512665,0,96406
32870805519405,1,96406
32870805540831,0,96406
32870805545509,1,96406
32870805556178,0,96406
32870805559478,1,96406
32870805575151,0,96406
32870805578429,1,96406
32870805632927,0,96406
32870805638636,1,96406
32870805646473,0,96404
32870805662797,1,96404
32870805725207,0,96404
32870805731166,1,96404
32870805799481,0,96405
32870805806395,1,96405
32870805827474,0,96405
32870805831305,1,96405
32870805841302,0,96405
32870805845025,1,96405
32870805854185,0,96404
32870805860795,1,96404
32870805917779,0,96404
32870805923477,1,96404
32870805980374,0,96404
32870805986050,1,96404
32870805994495,0,96406
32870806001007,1,96406
32870806017288,0,96406
32870806021424,1,96406
32870806031572,0,96406
32870806035327,1,96406
32870806045313,0,96406
32870806049004,1,96406
32870806060161,0,96405
32870806068117,1,96405
32870806121389,0,96404
32870806129334,1,96404
32870806140231,0,96406
32870806147829,1,96406
32870806209360,0,96406
32870806214494,1,96406
32870806228248,0,96405
32870806237321,1,96405
32870806301002,0,96405
32870806307254,1,96405
32870806317522,0,96405
32870806321168,1,96405
32870806331111,0,96405
32870806337113,1,96405
32870806347185,0,96405
32870806351245,1,96405
32870806361155,0,96405
32870806364910,1,96405
32870806378433,0,96404
32870806388874,1,96404
32870806451176,0,96404
32870806456581,1,96404
32870806512653,0,96404
32870806519155,1,96404
32870806527481,0,96405
32870806535057,1,96405
32870806597457,0,96405
32870806604968,1,96405
32870806648872,0,96405
32870806654310,1,96405
32870806664751,0,96405
32870806668626,1,96405
32870806679632,0,96405
32870806683757,1,96405
32870806693818,0,96405
32870806697519,1,96405
32870806707569,0,96404
32870806717066,1,96404
32870806779628,0,96404
32870806785663,1,96404
32870806841930,0,96404
32870806847552,1,96404
32870806855998,0,96405
32870806863661,1,96405
32870806926018,0,96405
32870806931738,1,96405
32870806973167,0,96405
32870806977780,1,96405
32870806988743,0,96405
32870806992444,1,96405
32870807002636,0,96405
32870807005469,1,96405
32870807015454,0,96405
32870807019546,1,96405
32870807029489,0,96405
32870807034221,1,96405
32870807044098,0,96405
32870807047734,1,96405
32870807064829,0,96405
32870807070886,1,96405
32870807080969,0,96405
32870807085321,1,96405
32870807095285,0,96405
32870807098031,1,96405
32870807107974,0,96405
32870807111783,1,96405
32870807165066,0,96405
32870807170677,1,96405
32870807184265,0,96404
32870807193263,1,96404
32870807270131,0,96406
32870807279204,1,96406
32870807299946,0,96406
32870807303604,1,96406
32870807313829,0,96406
32870807317432,1,96406
32870807323706,0,96404
32870807330164,1,96404
32870807379388,0,96405
32870807386802,1,96405
32870807400270,0,96406
32870807405794,1,96406
32870807421826,0,96406
32870807425516,1,96406
32870807436381,0,96406
32870807440060,1,96406
32870807449614,0,96405
32870807456452,1,96405
32870807513131,0,96405
32870807518905,1,96405
32870807531571,0,96406
32870807541068,1,96406
32870807564502,0,96406
32870807568626,1,96406
32870807578699,0,96406
32870807583431,1,96406
32870807593471,0,96406
32870807598692,1,96406
32870807608786,0,96406
32870807613149,1,96406
32870807623102,0,96406
32870807626945,1,96406
32870807685719,0,96406
32870807691200,1,96406
32870807706406,0,96404
32870807715090,1,96404
32870807778878,0,96404
32870807784490,1,96404
32870807841267,0,96404
32870807846499,1,96404
32870807912373,0,96405
32870807920242,1,96405
32870807940973,0,96405
32870807946921,1,96405
32870807957200,0,96405
32870807961173,1,96405
32870807967835,0,96404
32870807973935,1,96404
32870808019794,0,96406
32870808027022,1,96406
32870808042751,0,96405
32870808050501,1,96405
32870808066739,0,96405
32870808070527,1,96405
32870808080784,0,96405
32870808085017,1,96405
32870808101741,0,96406
32870808107103,1,96406
32870808163891,0,96406
32870808168841,1,96406
32870808179109,0,96406
32870808183331,1,96406
32870808193327,0,96406
32870808196746,1,96406
32870808206656,0,96406
32870808211898,1,96406
32870808221895,0,96406
32870808225965,1,96406
32870808236048,0,96406
32870808239891,1,96406
32870808297667,0,96406
32870808303506,1,96406
32870808312971,0,96405
32870808323304,1,96405
32870808387538,0,96405
32870808394061,1,96405
32870808461453,0,96406
32870808467911,1,96406
32870808488816,0,96406
32870808492539,1,96406
32870808502514,0,96406
32870808506834,1,96406
32870808516939,0,96405
32870808523397,1,96405
32870808580326,0,96405
32870808586274,1,96405
32870808642671,0,96405
32870808647480,1,96405
32870808656792,0,96404
32870808664271,1,96404
32870808726725,0,96404
32870808731153,1,96404
32870808787908,0,96404
32870808793531,1,96404
32870808803951,0,96404
32870808807120,1,96404
32870808816965,0,96404
32870808820286,1,96404
32870808830250,0,96404
32870808834027,1,96404
32870808846357,0,96405
32870808854975,1,96405
32870808918395,0,96405
32870808925406,1,96405
32870808982835,0,96405
32870808988642,1,96405
32870809032720,0,96405
32870809037528,1,96405
32870809047883,0,96405
32870809052192,1,96405
32870809062221,0,96405
32870809066790,1,96405
32870809076689,0,96405
32870809081888,1,96405
32870809139924,0,96405
32870809146209,1,96405
32870809201879,0,96405
32870809206926,1,96405
32870809215642,0,96406
32870809223848,1,96406
32870809297427,0,96404
32870809304395,1,96404
32870809325191,0,96404
32870809329772,1,96404
32870809339844,0,96404
32870809343621,1,96404
32870809353705,0,96404
32870809358188,1,96404
32870809408267,0,96405
32870809415768,1,96405
32870809427382,0,96406
32870809434035,1,96406
32870809450479,0,96406
32870809454571,1,96406
32870809464730,0,96406
32870809468475,1,96406
32870809478102,0,96405
32870809484484,1,96405
32870809541001,0,96405
32870809547003,1,96405
32870809557304,0,96405
32870809563273,1,96405
32870809573324,0,96405
32870809577318,1,96405
32870809587228,0,96405
32870809590745,1,96405
32870809600676,0,96405
32870809605191,1,96405
32870809613397,0,96406
32870809619389,1,96406
32870809672085,0,96404
32870809679661,1,96404
32870809692512,0,96405
32870809698981,1,96405
32870809715370,0,96405
32870809719918,1,96405
32870809730023,0,96405
32870809732997,1,96405
32870809741800,0,96404
32870809747476,1,96404
32870809803049,0,96404
32870809808346,1,96404
32870809818700,0,96404
32870809822184,1,96404
32870809864927,0,96404
32870809868867,1,96404
32870809879244,0,96404
32870809882424,1,96404
32870809892442,0,96404
32870809896469,1,96404
32870809906411,0,96404
32870809909320,1,96404
32870809919556,0,96404
32870809922844,1,96404
32870809980924,0,96404
32870809987534,1,96404
32870810073725,0,96404
32870810079673,1,96404
32870810093328,0,96406
32870810101609,1,96406
32870810180626,0,96405
32870810188973,1,96405
32870810209574,0,96405
32870810212874,1,96405
32870810222913,0,96405
32870810228102,1,96405
32870810244024,0,96405
32870810247183,1,96405
32870810289513,0,96404
32870810298815,1,96404
32870810313881,0,96406
32870810322770,1,96406
32870810339203,0,96406
32870810343653,1,96406
32870810353780,0,96406
32870810358577,1,96406
32870810372926,0,96405
32870810380915,1,96405
32870810441339,0,96405
32870810446202,1,96405
32870810463416,0,96405
32870810468072,1,96405
32870810478047,0,96405
32870810482638,1,96405
32870810492624,0,96405
32870810497628,1,96405
32870810507613,0,96405
32870810511543,1,96405
32870810521517,0,96405
32870810525414,1,96405
32870810580791,0,96405
32870810586565,1,96405
32870810595010,0,96404
32870810601652,1,96404
32870810617857,0,96404
32870810623100,1,96404
32870810634019,0,96404
32870810636874,1,96404
32870810643353,0,96405
32870810649030,1,96405
32870810704602,0,96405
32870810710203,1,96405
32870810720438,0,96405
32870810724541,1,96405
32870810734451,0,96405
32870810738130,1,96405
32870810748159,0,96405
32870810752696,1,96405
32870810762574,0,96405
32870810784596,1,96405
32870810796351,0,96404
32870810804991,1,96404
32870810870061,0,96404
32870810876063,1,96404
32870810892224,0,96405
32870810901027,1,96405
32870810964891,0,96405
32870810970644,1,96405
32870811026933,0,96405
32870811032577,1,96405
32870811087248,0,96405
32870811093739,1,96405
32870811134127,0,96405
32870811140368,1,96405
32870811150647,0,96405
32870811154825,1,96405
32870811164898,0,96405
32870811169044,1,96405
32870811178975,0,96405
32870811182677,1,96405
32870811195040,0,96404
32870811202431,1,96404
32870811264082,0,96404
32870811269314,1,96404
32870811327849,0,96404
32870811332929,1,96404
32870811388783,0,96404
32870811393982,1,96404
32870811404380,0,96404
32870811407572,1,96404
32870811476147,0,96405
32870811484971,1,96405
32870811505876,0,96405
32870811510554,1,96405
32870811520714,0,96405
32870811524187,1,96405
32870811535920,0,96404
32870811540522,1,96404
32870811586239,0,96406
32870811595714,1,96406
32870811609239,0,96405
32870811624716,1,96405
32870811641236,0,96405
32870811645751,1,96405
32870811655900,0,96405
32870811660285,1,96405
32870811668990,0,96404
32870811678270,1,96404
32870811694790,0,96404
32870811699034,1,96404
32870811709377,0,96404
32870811783195,1,96404
32870811844933,0,96404
32870811849470,1,96404
32870811859857,0,96405
32870811868518,1,96405
32870811931526,0,96405
32870811938592,1,96405
32870811950250,0,96406
32870811959390,1,96406
32870812022723,0,96406
32870812028301,1,96406
32870812038656,0,96406
32870812043345,1,96406
32870812054156,0,96406
32870812057770,1,96406
32870812067734,0,96406
32870812071392,1,96406
32870812081323,0,96406
32870812085176,1,96406
32870812095075,0,96406
32870812099330,1,96406
32870812157659,0,96406
32870812163922,1,96406
32870812231781,0,96406
32870812238923,1,96406
32870812315802,0,96406
32870812321413,1,96406
32870812335544,0,96405
32870812344010,1,96405
32870812407549,0,96405
32870812414311,1,96405
32870812424633,0,96405
32870812429127,1,96405
32870812442661,0,96405
32870812448240,1,96405
32870812461287,0,96405
32870812466833,1,96405
32870812481117,0,96405
32870812487271,1,96405
32870812567016,0,96405
32870812573061,1,96405
32870812583264,0,96405
32870812587280,1,96405
32870812655986,0,96405
32870812666937,1,96405
32870812743556,0,96405
32870812750068,1,96405
32870812762801,0,96406
32870812771864,1,96406
32870812850545,0,96406
32870812859554,1,96406
32870812953278,0,96405
32870812964859,1,96405
32870812994621,0,96405
32870813004107,1,96405
32870813014049,0,96406
32870813020182,1,96406
32870813029440,0,96404
32870813036984,1,96404
32870813051864,0,96406
32870813062132,1,96406
32870813141649,0,96406
32870813150278,1,96406
32870813212623,0,96406
32870813217985,1,96406
32870813233711,0,96404
32870813242535,1,96404
32870813307833,0,96404
32870813312815,1,96404
32870813323962,0,96404
32870813327554,1,96404
32870813337724,0,96404
32870813340416,1,96404
32870813350424,0,96404
32870813354841,1,96404
32870813364957,0,96404
32870813368843,1,96404
32870813378926,0,96404
32870813383246,1,96404
32870813440002,0,96404
32870813445895,1,96404
32870813502477,0,96404
32870813507275,1,96404
32870813518368,0,96405
32870813527594,1,96405
32870813590568,0,96405
32870813596636,1,96405
32870813673091,0,96404
32870813682133,1,96404
32870813702875,0,96404
32870813706109,1,96404
32870813716160,0,96404
32870813719937,1,96404
32870813780350,0,96406
32870813790032,1,96406
32870813853267,0,96406
32870813859866,1,96406
32870813916947,0,96406
32870813922060,1,96406
32870813977458,0,96406
32870813983092,1,96406
32870814025574,0,96406
32870814030936,1,96406
32870814041236,0,96406
32870814046653,1,96406
32870814056671,0,96406
32870814059894,1,96406
32870814069793,0,96406
32870814073473,1,96406
32870814092304,0,96406
32870814096223,1,96406
32870814106805,0,96406
32870814110626,1,96406
32870814120492,0,96406
32870814123922,1,96406
32870814133745,0,96406
32870814137457,1,96406
32870814190641,0,96406
32870814197707,1,96406
32870814208106,0,96406
32870814220425,1,96406
32870814276974,0,96406
32870814282814,1,96406
32870814338147,0,96406
32870814342999,1,96406
32870814353267,0,96406
32870814357033,1,96406
32870814366986,0,96406
32870814371523,1,96406
32870814381997,0,96406
32870814385449,1,96406
32870814395391,0,96406
32870814399494,1,96406
32870814411629,0,96405
32870814421408,1,96405
32870814485914,0,96405
32870814492828,1,96405
32870814550104,0,96405
32870814559417,1,96405
32870814573320,0,96406
32870814586334,1,96406
32870814669758,0,96406
32870814677530,1,96406
32870814692204,0,96406
32870814697230,1,96406
32870814711275,0,96406
32870814718058,1,96406
32870814732082,0,96406
32870814736510,1,96406
32870814749936,0,96406
32870814756351,1,96406
32870814771232,0,96406
32870814777516,1,96406
32870814842847,0,96406
32870814849837,1,96406
32870814924327,0,96404
32870814933358,1,96404
32870815013091,0,96405
32870815023869,1,96405
32870815057799,0,96404
32870815064452,1,96404
32870815074764,0,96404
32870815078280,1,96404
32870815088950,0,96405
32870815093856,1,96405
32870815104189,0,96406
32870815111711,1,96406
32870815128328,0,96406
32870815134580,1,96406
32870815144859,0,96406
32870815150112,1,96406
32870815164154,0,96404
32870815173749,1,96404
32870815242433,0,96404
32870815247838,1,96404
32870815304930,0,96404
32870815310108,1,96404
32870815324264,0,96405
32870815333208,1,96405
32870815400123,0,96405
32870815405647,1,96405
32870815416382,0,96405
32870815420170,1,96405
32870815430297,0,96405
32870815434378,1,96405
32870815444309,0,96405
32870815448141,1,96405
32870815462240,0,96406
32870815470836,1,96406
32870815535646,0,96406
32870815541018,1,96406
32870815597492,0,96406
32870815603646,1,96406
32870815612785,0,96405
32870815620491,1,96405
32870815682923,0,96405
32870815690098,1,96405
32870815746289,0,96405
32870815752183,1,96405
32870815766249,0,96404
32870815773326,1,96404
32870815836920,0,96404
32870815842379,1,96404
32870815852680,0,96404
32870815857227,1,96404
32870815867137,0,96404
32870815871555,1,96404
32870815881443,0,96404
32870815884742,1,96404
32870815894750,0,96404
32870815898918,1,96404
32870815908688,0,96406
32870815918728,1,96406
32870815982679,0,96406
32870815987824,1,96406
32870816044211,0,96406
32870816052297,1,96406
32870816063041,0,96404
32870816072484,1,96404
32870816135177,0,96404
32870816141483,1,96404
32870816151913,0,96404
32870816155148,1,96404
32870816165177,0,96404
32870816168563,1,96404
32870816178462,0,96404
32870816181979,1,96404
32870816191921,0,96404
32870816196371,1,96404
32870816206314,0,96404
32870816212001,1,96404
32870816229802,0,96404
32870816233145,1,96404
32870816243044,0,96404
32870816246918,1,96404
32870816256947,0,96404
32870816262071,1,96404
32870816272252,0,96404
32870816275356,1,96404
32870816287436,0,96406
32870816296271,1,96406
32870816359951,0,96406
32870816365628,1,96406
32870816422166,0,96406
32870816429004,1,96406
32870816485575,0,96406
32870816491035,1,96406
32870816501346,0,96406
32870816504320,1,96406
32870816514306,0,96406
32870816517638,1,96406
32870816527570,0,96406
32870816530685,1,96406
32870816540605,0,96406
32870816544534,1,96406
32870816558308,0,96405
32870816567686,1,96405
32870816630867,0,96405
32870816637423,1,96405
32870816693777,0,96405
32870816699757,1,96405
32870816709537,0,96406
32870816717135,1,96406
32870816733264,0,96406
32870816739830,1,96406
32870816750033,0,96406
32870816754462,1,96406
32870816761549,0,96405
32870816767193,1,96405
32870816778796,0,96404
32870816786806,1,96404
32870816803825,0,96404
32870816807353,1,96404
32870816817371,0,96404
32870816821170,1,96404
32870816831242,0,96404
32870816891221,1,96404
32870816953046,0,96404
32870816960068,1,96404
32870817016531,0,96404
32870817025236,1,96404
32870817081850,0,96404
32870817086626,1,96404
32870817099544,0,96406
32870817107597,1,96406
32870817130629,0,96406
32870817135101,1,96406
32870817145054,0,96406
32870817148452,1,96406
32870817158383,0,96406
32870817161976,1,96406
32870817172037,0,96406
32870817178040,1,96406
32870817189154,0,96406
32870817193138,1,96406
32870817203178,0,96406
32870817206868,1,96406
32870817216832,0,96406
32870817220913,1,96406
32870817230899,0,96406
32870817234003,1,96406
32870817247200,0,96405
32870817257663,1,96405
32870817319411,0,96405
32870817325316,1,96405
32870817380487,0,96405
32870817385664,1,96405
32870817452015,0,96405
32870817458386,1,96405
32870817513600,0,96405
32870817519103,1,96405
32870817585346,0,96404
32870817592651,1,96404
32870817614424,0,96404
32870817619591,1,96404
32870817629631,0,96404
32870817633364,1,96404
32870817643491,0,96404
32870817647268,1,96404
32870817704371,0,96404
32870817709331,1,96404
32870817765479,0,96404
32870817773576,1,96404
32870817830104,0,96404
32870817836681,1,96404
32870817892775,0,96404
32870817899515,1,96404
32870817955597,0,96404
32870817960601,1,96404
32870817970891,0,96404
32870817976274,1,96404
32870817986401,0,96404
32870817990732,1,96404
32870818000707,0,96404
32870818004278,1,96404
32870818014285,0,96404
32870818018789,1,96404
32870818074644,0,96404
32870818080755,1,96404
32870818136067,0,96404
32870818140723,1,96404
32870818195633,0,96404
32870818200659,1,96404
32870818255840,0,96404
32870818263156,1,96404
32870818335183,0,96404
32870818340621,1,96404
32870818350910,0,96404
32870818356826,1,96404
32870818367083,0,96404
32870818371348,1,96404
32870818381312,0,96404
32870818385730,1,96404
32870818440098,0,96404
32870818447533,1,96404
32870818503257,0,96404
32870818508098,1,96404
32870818563030,0,96404
32870818568066,1,96404
32870818622890,0,96404
32870818628208,1,96404
32870818683032,0,96404
32870818689023,1,96404
32870818699345,0,96404
32870818702905,1,96404
32870818712902,0,96404
32870818718698,1,96404
32870818728781,0,96404
32870818732026,1,96404
32870818742066,0,96404
32870818746961,1,96404
32870818802306,0,96404
32870818806756,1,96404
32870818819356,0,96405
32870818826466,1,96405
32870818886076,0,96405
32870818891535,1,96405
32870818946619,0,96405
32870818954228,1,96405
32870819020438,0,96404
32870819028080,1,96404
32870819049278,0,96404
32870819053554,1,96404
32870819063540,0,96404
32870819067610,1,96404
32870819075814,0,96405
32870819082468,1,96405
32870819138670,0,96405
32870819144107,1,96405
32870819198562,0,96405
32870819205335,1,96405
32870819260560,0,96405
32870819265748,1,96405
32870819273846,0,96404
32870819281292,1,96404
32870819297302,0,96404
32870819302653,1,96404
32870819312769,0,96404
32870819316861,1,96404
32870819322894,0,96405
32870819329504,1,96405
32870819394554,0,96404
32870819400838,1,96404
32870819420907,0,96404
32870819424858,1,96404
32870819435484,0,96404
32870819439663,1,96404
32870819446944,0,96405
32870819452350,1,96405
32870819499499,0,96406
32870819508823,1,96406
32870819587785,0,96406
32870819597999,1,96406
32870819657066,0,96406
32870819664349,1,96406
32870819719846,0,96406
32870819726293,1,96406
32870819781030,0,96406
32870819786696,1,96406
32870819795337,0,96404
32870819803456,1,96404
32870819838556,0,96405
32870819847207,1,96405
32870819865020,0,96404
32870819869958,1,96404
32870819921839,0,96406
32870819931390,1,96406
32870819992357,0,96406
32870819999238,1,96406
32870820054409,0,96406
32870820061247,1,96406
32870820071559,0,96405
32870820081262,1,96405
32870820155796,0,96404
32870820166314,1,96404
32870820187815,0,96404
32870820192190,1,96404
32870820202425,0,96404
32870820206734,1,96404
32870820218554,0,96405
32870820224394,1,96405
32870820265454,0,96406
32870820273606,1,96406
32870820292556,0,96404
32870820299286,1,96404
32870820363585,0,96404
32870820368447,1,96404
32870820425420,0,96404
32870820431390,1,96404
32870820487092,0,96404
32870820492650,1,96404
32870820550480,0,96404
32870820555733,1,96404
32870820566120,0,96404
32870820570125,1,96404
32870820580914,0,96404
32870820585115,1,96404
32870820595209,0,96404
32870820599268,1,96404
32870820607518,0,96405
32870820617927,1,96405
32870820682334,0,96405
32870820689682,1,96405
32870820745157,0,96405
32870820752733,1,96405
32870820762449,0,96404
32870820770882,1,96404
32870820811520,0,96404
32870820815764,1,96404
32870820825825,0,96404
32870820829049,1,96404
32870820839002,0,96404
32870820844016,1,96404
32870820854035,0,96404
32870820858181,1,96404
32870820918756,0,96405
32870820926440,1,96405
32870820984704,0,96405
32870820989697,1,96405
32870821044901,0,96405
32870821050404,1,96405
32870821061551,0,96406
32870821071949,1,96406
32870821147720,0,96404
32870821156599,1,96404
32870821177319,0,96404
32870821182366,1,96404
32870821192580,0,96404
32870821196064,1,96404
32870821207385,0,96406
32870821213192,1,96406
32870821256607,0,96405
32870821266821,1,96405
32870821281192,0,96404
32870821287064,1,96404
32870821302943,0,96404
32870821307350,1,96404
32870821317477,0,96404
32870821321504,1,96404
32870821330371,0,96405
32870821336265,1,96405
32870821393682,0,96405
32870821400824,1,96405
32870821411604,0,96404
32870821419267,1,96404
32870821465374,0,96404
32870821470975,1,96404
32870821481362,0,96404
32870821486594,1,96404
32870821496656,0,96404
32870821500932,1,96404
32870821511308,0,96404
32870821515552,1,96404
32870821525625,0,96404
32870821529326,1,96404
32870821539312,0,96404
32870821545086,1,96404
32870821562583,0,96404
32870821566490,1,96404
32870821576487,0,96404
32870821580231,1,96404
32870821590130,0,96404
32870821594081,1,96404
32870821604056,0,96404
32870821608625,1,96404
32870821663861,0,96404
32870821668637,1,96404
32870821723558,0,96404
32870821729821,1,96404
32870821740121,0,96404
32870821744192,1,96404
32870821784709,0,96404
32870821791656,1,96404
32870821802597,0,96404
32870821807090,1,96404
32870821817043,0,96404
32870821821602,1,96404
32870821831686,0,96404
32870821835951,1,96404
32870821845850,0,96404
32870821849996,1,96404
32870821859884,0,96404
32870821863575,1,96404
32870821921535,0,96404
32870821928601,1,96404
32870821984151,0,96404
32870821989003,1,96404
32870822001147,0,96406
32870822011415,1,96406
32870822090139,0,96405
32870822099864,1,96405
32870822120964,0,96405
32870822125772,1,96405
32870822136464,0,96405
32870822140165,1,96405
32870822194252,0,96404
32870822201861,1,96404
32870822262556,0,96404
32870822268092,1,96404
32870822278403,0,96404
32870822284210,1,96404
32870822340064,0,96404
32870822345231,1,96404
32870822355596,0,96404
32870822359558,1,96404
32870822369511,0,96404
32870822373223,1,96404
32870822383133,0,96404
32870822387236,1,96404
32870822397113,0,96404
32870822401313,1,96404
32870822410440,0,96406
32870822419927,1,96406
32870822482402,0,96406
32870822487601,1,96406
32870822543195,0,96406
32870822548134,1,96406
32870822603131,0,96406
32870822610403,1,96406
32870822676473,0,96404
32870822684081,1,96404
32870822705323,0,96404
32870822710109,1,96404
32870822720117,0,96404
32870822723655,1,96404
32870822733889,0,96406
32870822740998,1,96406
32870822800326,0,96406
32870822807218,1,96406
32870822815165,0,96404
32870822821645,1,96404
32870822837774,0,96404
32870822842246,1,96404
32870822852405,0,96404
32870822857550,1,96404
32870822866156,0,96406
32870822871463,1,96406
32870822881427,0,96405
32870822889274,1,96405
32870822905685,0,96405
32870822909929,1,96405
32870822920045,0,96405
32870822925277,1,96405
32870822934722,0,96404
32870822941939,1,96404
32870822958935,0,96406
32870822965372,1,96406
32870822988870,0,96405
32870822995079,1,96405
32870823006790,0,96405
32870823011392,1,96405
32870823021368,0,96406
32870823027424,1,96406
32870823083398,0,96406
32870823088966,1,96406
32870823150922,0,96404
32870823157858,1,96404
32870823177883,0,96404
32870823183614,1,96404
32870823193817,0,96404
32870823197355,1,96404
32870823207003,0,96406
32870823213157,1,96406
32870823256443,0,96405
32870823264301,1,96405
32870823276600,0,96404
32870823283438,1,96404
32870823299502,0,96404
32870823304028,1,96404
32870823328687,0,96405
32870823334233,1,96405
32870823353315,0,96406
32870823360576,1,96406
32870823432256,0,96405
32870823438942,1,96405
32870823455005,0,96405
32870823458685,1,96405
32870823468790,0,96405
32870823472947,1,96405
32870823482868,0,96405
32870823486135,1,96405
32870823496490,0,96406
32870823503523,1,96406
32870823570698,0,96405
32870823577059,1,96405
32870823593329,0,96405
32870823597290,1,96405
32870823607385,0,96405
32870823610825,1,96405
32870823620735,0,96405
32870823624556,1,96405
32870823681865,0,96405
32870823689321,1,96405
32870823699622,0,96405
32870823704441,1,96405
32870823714578,0,96405
32870823718616,1,96405
32870823728624,0,96405
32870823733074,1,96405
32870823743038,0,96405
32870823746956,1,96405
32870823758548,0,96406
32870823765213,1,96406
32870823836035,0,96405
32870823843915,1,96405
32870823860250,0,96405
32870823864385,1,96405
32870823874577,0,96405
32870823879201,1,96405
32870823889338,0,96405
32870823893626,1,96405
32870823909051,0,96404
32870823914728,1,96404
32870823925147,0,96404
32870823929706,1,96404
32870823939952,0,96404
32870823943990,1,96404
32870823951195,0,96405
32870823957046,1,96405
32870824014040,0,96405
32870824021442,1,96405
32870824039145,0,96405
32870824043313,1,96405
32870824053429,0,96405
32870824057076,1,96405
32870824067018,0,96405
32870824070122,1,96405
32870824080032,0,96405
32870824084200,1,96405
32870824094131,0,96405
32870824098126,1,96405
32870824112659,0,96405
32870824116751,1,96405
32870824126639,0,96405
32870824130340,1,96405
32870824140326,0,96405
32870824145384,1,96405
32870824155380,0,96405
32870824159364,1,96405
32870824233399,0,96406
32870824241952,1,96406
32870824319417,0,96404
32870824327362,1,96404
32870824344294,0,96404
32870824348809,1,96404
32870824358806,0,96404
32870824362605,1,96404
32870824372222,0,96406
32870824377757,1,96406
32870824446734,0,96404
32870824455233,1,96404
32870824471503,0,96404
32870824476007,1,96404
32870824486101,0,96404
32870824489564,1,96404
32870824497455,0,96406
32870824504619,1,96406
32870824523189,0,96405
32870824529832,1,96405
32870824562145,0,96406
32870824567995,1,96406
32870824638176,0,96404
32870824644982,1,96404
32870824661143,0,96404
32870824665496,1,96404
32870824675525,0,96404
32870824679205,1,96404
32870824689049,0,96406
32870824694574,1,96406
32870824761977,0,96404
32870824769184,1,96404
32870824785280,0,96404
32870824802690,1,96404
32870824814532,0,96406
32870824821142,1,96406
32870824891389,0,96404
32870824899464,1,96404
32870824916451,0,96404
32870824920944,1,96404
32870824931071,0,96404
32870824935890,1,96404
32870824944151,0,96406
32870824952389,1,96406
32870825025609,0,96404
32870825034032,1,96404
32870825050888,0,96404
32870825057249,1,96404
32870825067647,0,96404
32870825071641,1,96404
32870825109891,3,96405
32870825131251,0,96404
32870825136874,1,96404
32870825192782,0,96404
32870825198806,1,96404
32870825253673,0,96404
32870825261130,1,96404
32870825271626,0,96404
32870825276771,1,96404
32870825286821,0,96404
32870825290349,1,96404
32870825300269,0,96404
32870825304568,1,96404
32870825315248,0,96404
32870825319622,1,96404
32870825374869,0,96404
32870825382564,1,96404
32870825437996,0,96404
32870825443151,1,96404
32870825498734,0,96404
32870825506690,1,96404
32870825561850,0,96404
32870825567288,1,96404
32870825577632,0,96404
32870825582180,1,96404
32870825592111,0,96404
32870825595563,1,96404
32870825605603,0,96404
32870825611540,1,96404
32870825622112,0,96404
32870825626540,1,96404
32870825682026,0,96404
32870825687757,1,96404
32870825742743,0,96404
32870825748409,1,96404
32870825803623,0,96404
32870825809506,1,96404
32870825865567,0,96404
32870825871384,1,96404
32870825881587,0,96404
32870825886721,1,96404
32870825897456,0,96404
32870825903089,1,96404
32870825919305,0,96404
32870825925405,1,96404
32870825989259,0,96404
32870825996129,1,96404
32870826052396,0,96404
32870826057302,1,96404
32870826069340,0,96406
32870826078945,1,96406
32870826142387,0,96406
32870826149268,1,96406
32870826220535,0,96404
32870826229142,1,96404
32870826246161,0,96404
32870826250134,1,96404
32870826260337,0,96404
32870826265829,1,96404
32870826282642,0,96404
32870826287048,1,96404
32870826343543,0,96404
32870826349372,1,96404
32870826405834,0,96404
32870826411815,1,96404
32870826425372,0,96406
32870826433610,1,96406
32870826497725,0,96406
32870826505008,1,96406
32870826525239,0,96404
32870826533923,1,96404
32870826595877,0,96404
32870826601337,1,96404
32870826611539,0,96404
32870826616087,1,96404
32870826626876,0,96404
32870826630675,1,96404
32870826640628,0,96404
32870826644123,1,96404
32870826653979,0,96404
32870826657430,1,96404
32870826713285,0,96404
32870826718842,1,96404
32870826729023,0,96406
32870826736002,1,96406
32870826798228,0,96406
32870826804675,1,96406
32870826816996,0,96404
32870826825679,1,96404
32870826889338,0,96404
32870826894917,1,96404
32870826951368,0,96404
32870826958608,1,96404
32870827014864,0,96404
32870827021561,1,96404
32870827040662,0,96406
32870827046664,1,96406
32870827106871,0,96406
32870827113633,1,96406
32870827170606,0,96406
32870827176174,1,96406
32870827193074,0,96404
32870827202723,1,96404
32870827265991,0,96404
32870827273068,1,96404
32870827329943,0,96404
32870827336042,1,96404
32870827392244,0,96404
32870827398507,1,96404
32870827407918,0,96406
32870827416243,1,96406
32870827480781,0,96406
32870827490821,1,96406
32870827572953,0,96406
32870827580442,1,96406
32870827654390,0,96406
32870827660957,1,96406
32870827723280,0,96406
32870827730759,1,96406
32870827743687,0,96404
32870827755551,1,96404
32870827836293,0,96404
32870827845302,1,96404
32870827866977,0,96406
32870827876529,1,96406
32870827942011,0,96406
32870827950553,1,96406
32870827969080,0,96404
32870827982094,1,96404
32870828065528,0,96404
32870828071140,1,96404
32870828138630,0,96404
32870828147226,1,96404
32870828170747,0,96404
32870828176705,1,96404
32870828252282,0,96404
32870828258132,1,96404
32870828268432,0,96404
32870828273328,1,96404
32870828339342,0,96404
32870828346874,1,96404
32870828361516,0,96404
32870828367627,1,96404
32870828436441,0,96404
32870828443323,1,96404
32870828453645,0,96406
32870828460993,1,96406
32870828525107,0,96406
32870828531489,1,96406
32870828587724,0,96406
32870828594497,1,96406
32870828606709,0,96404
32870828615338,1,96404
32870828679691,0,96404
32870828686464,1,96404
32870828742699,0,96404
32870828749124,1,96404
32870828805706,0,96404
32870828810862,1,96404
32870828866608,0,96404
32870828872512,1,96404
32870828927651,0,96404
32870828933045,1,96404
32870828988205,0,96404
32870828993947,1,96404
32870829049476,0,96404
32870829057214,1,96404
32870829067220,0,96406
32870829075154,1,96406
32870829138444,0,96406
32870829144370,1,96406
32870829201158,0,96406
32870829206379,1,96406
32870829225440,0,96404
32870829233168,1,96404
32870829293082,0,96404
32870829299399,1,96404
32870829356622,0,96404
32870829362754,1,96404
32870829419879,0,96404
32870829425121,1,96404
32870829445851,0,96406
32870829454664,1,96406
32870829516814,0,96406
32870829524076,1,96406
32870829580527,0,96406
32870829585639,1,96406
32870829598372,0,96404
32870829604668,1,96404
32870829665971,0,96404
32870829671691,1,96404
32870829727567,0,96404
32870829733559,1,96404
32870829752042,0,96406
32870829759770,1,96406
32870829818967,0,96406
32870829824177,1,96406
32870829879587,0,96406
32870829885752,1,96406
32870829893981,0,96404
32870829900743,1,96404
32870829961905,0,96404
32870829966930,1,96404
32870830022437,0,96404
32870830027637,1,96404
32870830035689,0,96406
32870830045555,1,96406
32870830105556,0,96406
32870830112231,1,96406
32870830167804,0,96406
32870830173122,1,96406
32870830181600,0,96404
32870830187863,1,96404
32870830248645,0,96404
32870830255006,1,96404
32870830310698,0,96404
32870830316320,1,96404
32870830334727,0,96406
32870830342922,1,96406
32870830402423,0,96406
32870830408588,1,96406
32870830464302,0,96406
32870830470792,1,96406
32870830526430,0,96406
32870830533648,1,96406
32870830552079,0,96404
32870830559265,1,96404
32870830618918,0,96404
32870830624671,1,96404
32870830681253,0,96404
32870830687233,1,96404
32870830742947,0,96404
32870830748113,1,96404
32870830756198,0,96406
32870830763177,1,96406
32870830877665,0,96406
32870830883787,1,96406
32870830939370,0,96406
32870830946718,1,96406
32870830965692,0,96404
32870830972628,1,96404
32870831032639,0,96404
32870831038772,1,96404
32870831094735,0,96404
32870831100889,1,96404
32870831119199,0,96406
32870831127534,1,96406
32870831187503,0,96406
32870831192702,1,96406
32870831248654,0,96406
32870831254341,1,96406
32870831262418,0,96404
32870831268909,1,96404
32870831329919,0,96404
32870831335628,1,96404
32870831392015,0,96404
32870831398321,1,96404
32870831453893,0,96404
32870831460113,1,96404
32870831472550,0,96406
32870831478780,1,96406
32870831539573,0,96406
32870831545076,1,96406
32870831563041,0,96404
32870831571105,1,96404
32870831631117,0,96404
32870831637933,1,96404
32870831694146,0,96404
32870831699649,1,96404
32870831712076,0,96406
32870831719511,1,96406
32870831791104,0,96406
32870831801621,1,96406
32870831824882,0,96404
32870831834835,1,96404
32870831909207,0,96404
32870831916653,1,96404
32870831981842,0,96404
32870831987681,1,96404
32870832050135,0,96404
32870832056419,1,96404
32870832119264,0,96404
32870832126167,1,96404
32870832189511,0,96404
32870832195980,1,96404
32870832206485,0,96406
32870832215537,1,96406
32870832279456,0,96406
32870832286436,1,96406
32870832343875,0,96406
32870832350811,1,96406
32870832371587,0,96404
32870832382332,1,96404
32870832444732,0,96404
32870832449627,1,96404
32870832459470,0,96406
32870832467925,1,96406
32870832531410,0,96406
32870832537239,1,96406
32870832593321,0,96406
32870832599421,1,96406
32870832618168,0,96404
32870832625863,1,96404
32870832685810,0,96404
32870832690368,1,96404
32870832746331,0,96404
32870832752084,1,96404
32870832759984,0,96406
32870832768114,1,96406
32870832829037,0,96406
32870832835387,1,96406
32870832891383,0,96406
32870832897005,1,96406
32870832905288,0,96404
32870832912430,1,96404
32870832973494,0,96404
32870832979323,1,96404
32870833035156,0,96404
32870833040420,1,96404
32870833048331,0,96406
32870833054627,1,96406
32870833115387,0,96406
32870833120304,1,96406
32870833138486,0,96404
32870833145313,1,96404
32870833204945,0,96404
32870833210556,1,96404
32870833266650,0,96404
32870833273129,1,96404
32870833285567,0,96406
32870833293219,1,96406
32870833353914,0,96406
32870833359113,1,96406
32870833416270,0,96406
32870833422012,1,96406
32870833430132,0,96404
32870833436449,1,96404
32870833497644,0,96404
32870833503863,1,96404
32870833559620,0,96404
32870833564570,1,96404
32870833572980,0,96406
32870833580600,1,96406
32870833640709,0,96406
32870833645604,1,96406
32870833701329,0,96406
32870833707222,1,96406
32870833715234,0,96404
32870833722452,1,96404
32870833783234,0,96404
32870833790267,1,96404
32870833860069,0,96404
32870833867331,1,96404
32870833952383,0,96404
32870833960979,1,96404
32870833977835,0,96404
32870833984858,1,96404
32870834059761,0,96404
32870834066165,1,96404
32870834076368,0,96404
32870834079222,1,96404
32870834141198,0,96404
32870834148698,1,96404
32870834162210,0,96406
32870834172457,1,96406
32870834250833,0,96406
32870834256369,1,96406
32870834269558,0,96404
32870834281258,1,96404
32870834354110,0,96404
32870834360471,1,96404
32870834417128,0,96404
32870834422099,1,96404
32870834436132,0,96406
32870834451512,1,96406
32870834533579,0,96406
32870834540070,1,96406
32870834554657,0,96404
32870834564893,1,96404
32870834643259,0,96404
32870834649923,1,96404
32870834665173,0,96406
32870834677123,1,96406
32870834753155,0,96406
32870834759906,1,96406
32870834769838,0,96404
32870834777805,1,96404
32870834839933,0,96404
32870834845881,1,96404
32870834854955,0,96406
32870834865461,1,96406
32870834929044,0,96406
32870834934384,1,96406
32870834955529,0,96404
32870834963431,1,96404
32870835025136,0,96404
32870835030096,1,96404
32870835040710,0,96406
32870835049914,1,96406
32870835114321,0,96406
32870835119596,1,96406
32870835176157,0,96406
32870835182267,1,96406
32870835238122,0,96406
32870835243788,1,96406
32870835251821,0,96404
32870835259452,1,96404
32870835320484,0,96404
32870835325303,1,96404
32870835381157,0,96404
32870835386834,1,96404
32870835395244,0,96406
32870835401995,1,96406
32870835462789,0,96406
32870835468856,1,96406
32870835525155,0,96406
32870835529975,1,96406
32870835548689,0,96404
32870835555592,1,96404
32870835615321,0,96404
32870835622116,1,96404
32870835679045,0,96404
32870835684309,1,96404
32870835694511,0,96406
32870835702922,1,96406
32870835765289,0,96406
32870835771617,1,96406
32870835827179,0,96406
32870835834950,1,96406
32870835890599,0,96406
32870835895982,1,96406
32870835904037,0,96404
32870835911255,1,96404
32870835972233,0,96404
32870835980265,1,96404
32870836036032,0,96404
32870836041242,1,96404
32870836096760,0,96404
32870836102513,1,96404
32870836110934,0,96406
32870836117479,1,96406
32870836177730,0,96406
32870836185241,1,96406
32870836241975,0,96406
32870836247315,1,96406
32870836303419,0,96406
32870836308955,1,96406
32870836321666,0,96404
32870836328048,1,96404
32870836388895,0,96404
32870836395093,1,96404
32870836451230,0,96404
32870836456516,1,96404
32870836475172,0,96406
32870836482738,1,96406
32870836542413,0,96406
32870836547623,1,96406
32870836603792,0,96406
32870836610022,1,96406
32870836618175,0,96404
32870836625957,1,96404
32870836687163,0,96404
32870836693057,1,96404
32870836748933,0,96404
32870836754295,1,96404
32870836773136,0,96406
32870836779713,1,96406
32870836839627,0,96406
32870836844729,1,96406
32870836900431,0,96406
32870836905739,1,96406
32870836914825,0,96404
32870836921207,1,96404
32870836982120,0,96404
32870836987959,1,96404
32870837043651,0,96404
32870837049838,1,96404
32870837062362,0,96406
32870837069873,1,96406
32870837129820,0,96406
32870837146806,1,96406
32870837203301,0,96406
32870837210139,1,96406
32870837265950,0,96406
32870837271345,1,96406
32870837283904,0,96404
32870837290753,1,96404
32870837351155,0,96404
32870837355562,1,96404
32870837411829,0,96404
32870837417017,1,96404
32870837424918,0,96406
32870837432450,1,96406
32870837493189,0,96406
32870837499897,1,96406
32870837555589,0,96406
32870837560723,1,96406
32870837579382,0,96404
32870837586003,1,96404
32870837645418,0,96404
32870837651539,1,96404
32870837707285,0,96404
32870837713461,1,96404
32870837731760,0,96406
32870837738945,1,96406
32870837798675,0,96406
32870837804937,1,96406
32870837860738,0,96406
32870837866794,1,96406
32870837877105,0,96406
32870837882033,1,96406
32870837937399,0,96406
32870837942696,1,96406
32870837952247,0,96404
32870837961234,1,96404
32870838024220,0,96404
32870838029701,1,96404
32870838085382,0,96404
32870838091699,1,96404
32870838147282,0,96404
32870838153306,1,96404
32870838161317,0,96406
32870838168122,1,96406
32870838240138,0,96404
32870838246596,1,96404
32870838262921,0,96404
32870838266806,1,96404
32870838277574,0,96404
32870838280949,1,96404
32870838290935,0,96404
32870838294951,1,96404
32870838304839,0,96404
32870838308920,1,96404
32870838318862,0,96404
32870838325353,1,96404
32870838335458,0,96404
32870838338454,1,96404
32870838348342,0,96404
32870838351728,1,96404
32870838361627,0,96404
32870838365643,1,96404
32870838375542,0,96404
32870838379536,1,96404
32870838389456,0,96404
32870838393255,1,96404
32870838403143,0,96404
32870838406964,1,96404
32870838416982,0,96404
32870838421845,1,96404
32870838432102,0,96404
32870838435412,1,96404
32870838445322,0,96404
32870838449262,1,96404
32870838459172,0,96404
32870838463220,1,96404
32870838473097,0,96404
32870838477330,1,96404
32870838487338,0,96404
32870838491408,1,96404
32870838501318,0,96404
32870838504769,1,96404
32870838514755,0,96404
32870838518771,1,96404
32870838528822,0,96404
32870838533033,1,96404
32870838543029,0,96404
32870838547111,1,96404
32870838557205,0,96404
32870838561004,1,96404
32870838570957,0,96404
32870838574463,1,96404
32870838584383,0,96404
32870838587911,1,96404
32870838597799,0,96404
32870838601087,1,96404
32870838610921,0,96404
32870838613971,1,96404
32870838623881,0,96404
32870838627810,1,96404
32870838637796,0,96404
32870838641573,1,96404
32870838651482,0,96404
32870838654370,1,96404
32870838664290,0,96404
32870838668100,1,96404
32870838678086,0,96404
32870838681537,1,96404
32870838697351,0,96404
32870838703321,1,96404
32870838718614,0,96404
32870838724693,1,96404
32870838735091,0,96404
32870838739910,1,96404
32870838749820,0,96404
32870838752967,1,96404
32870838762899,0,96404
32870838765873,1,96404
32870838775761,0,96404
32870838788156,1,96404
32870838798814,0,96404
32870838801995,1,96404
32870838811991,0,96404
32870838815757,1,96404
32870838825602,0,96404
32870838828902,1,96404
32870838838779,0,96404
32870838842057,1,96404
32870838851977,0,96404
32870838855896,1,96404
32870838865805,0,96404
32870838869593,1,96404
32870838879536,0,96404
32870838883682,1,96404
32870838933577,0,96404
32870838940622,1,96404
32870838951975,0,96404
32870838956566,1,96404
32870838966671,0,96404
32870838971740,1,96404
32870838981856,0,96404
32870838985470,1,96404
32870838995434,0,96404
32870838999081,1,96404
32870839008937,0,96404
32870839013257,1,96404
32870839023275,0,96404
32870839026346,1,96404
32870839085099,0,96404
32870839090949,1,96404
32870839100381,0,96406
32870839109716,1,96406
32870839173038,0,96406
32870839179529,1,96406
32870839193793,0,96404
32870839202769,1,96404
32870839266145,0,96404
32870839271702,1,96404
32870839282598,0,96406
32870839291401,1,96406
32870839353768,0,96406
32870839360475,1,96406
32870839416677,0,96406
32870839422756,1,96406
32870839478133,0,96406
32870839483191,1,96406
32870839491626,0,96404
32870839499582,1,96404
32870839560733,0,96404
32870839566692,1,96404
32870839622536,0,96404
32870839627691,1,96404
32870839635982,0,96406
32870839641908,1,96406
32870839702333,0,96406
32870839708693,1,96406
32870839764472,0,96406
32870839771288,1,96406
32870839827208,0,96406
32870839832309,1,96406
32870839850828,0,96404
32870839857807,1,96404
32870839918915,0,96404
32870839924808,1,96404
32870839980641,0,96404
32870839986795,1,96404
32870840005506,0,96406
32870840013994,1,96406
32870840074364,0,96406
32870840079877,1,96406
32870840135808,0,96406
32870840142168,1,96406
32870840198034,0,96406
32870840204373,1,96406
32870840222783,0,96404
32870840230598,1,96404
32870840290468,0,96404
32870840295797,1,96404
32870840351956,0,96404
32870840357340,1,96404
32870840376007,0,96406
32870840383116,1,96406
32870840442889,0,96406
32870840449076,1,96406
32870840461245,0,96404
32870840471078,1,96404
32870840539426,0,96404
32870840545124,1,96404
32870840601337,0,96404
32870840606656,1,96404
32870840619353,0,96406
32870840626886,1,96406
32870840687169,0,96406
32870840693464,1,96406
32870840750035,0,96406
32870840755386,1,96406
32870840866804,0,96404
32870840874250,1,96404
32870840890835,0,96404
32870840896967,1,96404
32870840909968,0,96406
32870840916242,1,96406
32870840973117,0,96406
32870840978913,1,96406
32870841034659,0,96406
32870841039532,1,96406
32870841058127,0,96404
32870841066050,1,96404
32870841125823,0,96404
32870841132683,1,96404
32870841188722,0,96404
32870841194344,1,96404
32870841212784,0,96406
32870841220718,1,96406
32870841280621,0,96406
32870841286938,1,96406
32870841342977,0,96406
32870841349642,1,96406
32870841405312,0,96406
32870841410847,1,96406
32870841419239,0,96404
32870841427510,1,96404
32870841488390,0,96404
32870841494468,1,96404
32870841550605,0,96404
32870841556032,1,96404
32870841563997,0,96406
32870841571953,1,96406
32870841588212,0,96406
32870841592923,1,96406
32870841603104,0,96406
32870841606946,1,96406
32870841617029,0,96406
32870841621186,1,96406
32870841631118,0,96406
32870841635264,1,96406
32870841645141,0,96406
32870841649429,1,96406
32870841659349,0,96406
32870841663430,1,96406
32870841673362,0,96406
32870841676824,1,96406
32870841686745,0,96406
32870841693051,1,96406
32870841703145,0,96406
32870841707096,1,96406
32870841717049,0,96406
32870841720652,1,96406
32870841730931,0,96406
32870841734296,1,96406
32870841744423,0,96406
32870841747527,1,96406
32870841757458,0,96406
32870841760411,1,96406
32870841770353,0,96406
32870841774054,1,96406
32870841784072,0,96406
32870841787513,1,96406
32870841797401,0,96406
32870841801949,1,96406
32870841811945,0,96406
32870841815516,1,96406
32870841825545,0,96406
32870841830375,1,96406
32870841840556,0,96406
32870841843791,1,96406
32870841853711,0,96406
32870841858400,1,96406
32870841868277,0,96406
32870841871827,1,96406
32870841881769,0,96406
32870841886577,1,96406
32870841896541,0,96406
32870841900720,1,96406
32870841910706,0,96406
32870841914765,1,96406
32870841924870,0,96406
32870841928191,1,96406
32870841938199,0,96406
32870841942660,1,96406
32870841952711,0,96406
32870841956466,1,96406
32870841965073,0,96404
32870841972530,1,96404
32870842042571,0,96406
32870842049322,1,96406
32870842065407,0,96406
32870842069586,1,96406
32870842079659,0,96406
32870842083121,1,96406
32870842093009,0,96406
32870842096092,1,96406
32870842106001,0,96406
32870842109681,1,96406
32870842119601,0,96406
32870842123368,1,96406
32870842133310,0,96406
32870842137402,1,96406
32870842148082,0,96406
32870842151653,1,96406
32870842161726,0,96406
32870842165568,1,96406
32870842175478,0,96406
32870842179038,1,96406
32870842188904,0,96406
32870842192149,1,96406
32870842202070,0,96406
32870842206889,1,96406
32870842216875,0,96406
32870842219816,1,96406
32870842229769,0,96406
32870842233460,1,96406
32870842243456,0,96406
32870842247537,1,96406
32870842257816,0,96406
32870842261658,1,96406
32870842271687,0,96406
32870842274759,1,96406
32870842284680,0,96406
32870842288739,1,96406
32870842298692,0,96406
32870842301883,1,96406
32870842312021,0,96406
32870842315310,1,96406
32870842325241,0,96406
32870842328606,1,96406
32870842338483,0,96406
32870842342455,1,96406
32870842352322,0,96406
32870842355860,1,96406
32870842365737,0,96406
32870842369330,1,96406
32870842379218,0,96406
32870842383570,1,96406
32870842393436,0,96406
32870842397073,1,96406
32870842406993,0,96406
32870842410781,1,96406
32870842420865,0,96406
32870842424446,1,96406
32870842434410,0,96406
32870842438557,1,96406
32870842448477,0,96406
32870842452026,1,96406
32870842461903,0,96406
32870842464899,1,96406
32870842474950,0,96406
32870842478043,1,96406
32870842488105,0,96406
32870842491122,1,96406
32870842500999,0,96406
32870842504267,1,96406
32870842514198,0,96406
32870842518160,1,96406
32870842528004,0,96406
32870842531206,1,96406
32870842541170,0,96406
32870842545219,1,96406
32870842555139,0,96406
32870842558786,1,96406
32870842568696,0,96406
32870842572918,1,96406
32870842583077,0,96406
32870842586616,1,96406
32870842596656,0,96406
32870842599836,1,96406
32870842609767,0,96406
32870842613686,1,96406
32870842623671,0,96406
32870842627665,1,96406
32870842637532,0,96406
32870842641200,1,96406
32870842651121,0,96406
32870842654117,1,96406
32870842664319,0,96406
32870842667814,1,96406
32870842677952,0,96406
32870842681859,1,96406
32870842691780,0,96406
32870842695449,1,96406
32870842705391,0,96406
32870842709309,1,96406
32870842719273,0,96406
32870842728423,1,96406
32870842738376,3,96404
32870842740807,0,96406
32870842745616,1,96406
32870842760149,0,96406
32870842763850,1,96406
32870842773879,0,96406
32870842777689,1,96406
32870842791951,0,96406
32870842796163,1,96406
32870842806268,0,96406
32870842810642,1,96406
32870842820899,0,96406
32870842824709,1,96406
32870842834759,0,96406
32870842838385,1,96406
32870842848305,0,96406
32870842851713,1,96406
32870842864152,0,96406
32870842868949,1,96406
32870842879065,0,96406
32870842882343,1,96406
32870842892470,0,96406
32870842895922,1,96406
32870842905886,0,96406
32870842909934,1,96406
32870842919942,0,96406
32870842928006,1,96406
32870842938534,0,96406
32870842945318,1,96406
32870842956085,0,96406
32870842960601,1,96406
32870842974255,0,96406
32870842979009,1,96406
32870842989233,0,96406
32870842993065,1,96406
32870843002964,0,96406
32870843005872,1,96406
32870843015912,0,96406
32870843019321,1,96406
32870843029361,0,96406
32870843033713,1,96406
32870843043623,0,96406
32870843046716,1,96406
32870843056756,0,96406
32870843060305,1,96406
32870843070269,0,96406
32870843074231,1,96406
32870843084173,0,96406
32870843087668,1,96406
32870843097621,0,96406
32870843100541,1,96406
32870843110581,0,96406
32870843113663,1,96406
32870843123801,0,96406
32870843128088,1,96406
32870843138041,0,96406
32870843141786,1,96406
32870843151685,0,96406
32870843155202,1,96406
32870843165144,0,96406
32870843168693,1,96406
32870843178635,0,96406
32870843182771,1,96406
32870843192778,0,96406
32870843196360,1,96406
32870843206346,0,96406
32870843209461,1,96406
32870843219316,0,96406
32870843222833,1,96406
32870843232721,0,96406
32870843236986,1,96406
32870843246885,0,96406
32870843249783,1,96406
32870843259671,0,96406
32870843263437,1,96406
32870843273325,0,96406
32870843276636,1,96406
32870843286556,0,96406
32870843290790,1,96406
32870843300667,0,96406
32870843304509,1,96406
32870843314408,0,96406
32870843318152,1,96406
32870843328019,0,96406
32870843331362,1,96406
32870843341271,0,96406
32870843344918,1,96406
32870843354926,0,96406
32870843358627,1,96406
32870843368580,0,96406
32870843372336,1,96406
32870843382267,0,96406
32870843385903,1,96406
32870843395791,0,96406
32870843399470,1,96406
32870843409369,0,96406
32870843412441,1,96406
32870843422329,0,96406
32870843425846,1,96406
32870843435734,0,96406
32870843439706,1,96406
32870843449583,0,96406
32870843452905,1,96406
32870843462858,0,96406
32870843467156,1,96406
32870843477131,0,96406
32870843480713,1,96406
32870843490655,0,96406
32870843494616,1,96406
32870843504852,0,96406
32870843508412,1,96406
32870843518452,0,96406
32870843522142,1,96406
32870843532084,0,96406
32870843535862,1,96406
32870843545793,0,96406
32870843549646,1,96406
32870843559588,0,96406
32870843563214,1,96406
32870843573178,0,96406
32870843576922,1,96406
32870843586886,0,96406
32870843590696,1,96406
32870843600584,0,96406
32870843603601,1,96406
32870843613663,0,96406
32870843616952,1,96406
32870843627100,0,96406
32870843630487,1,96406
32870843640364,0,96406
32870843643859,1,96406
32870843653768,0,96406
32870843657198,1,96406
32870843667097,0,96406
32870843671005,1,96406
32870843680914,0,96406
32870843683877,1,96406
32870843693711,0,96406
32870843697108,1,96406
32870843707007,0,96406
32870843710828,1,96406
32870843720694,0,96406
32870843724428,1,96406
32870843734414,0,96406
32870843738397,1,96406
32870843748307,0,96406
32870843751812,1,96406
32870843761776,0,96406
32870843765087,1,96406
32870843774964,0,96406
32870843778405,1,96406
32870843788271,0,96406
32870843791647,1,96406
32870843801567,0,96406
32870843805551,1,96406
32870843815439,0,96406
32870843818586,1,96406
32870843828518,0,96406
32870843832935,1,96406
32870843842867,0,96406
32870843847002,1,96406
32870843857042,0,96406
32870843861329,1,96406
32870843871228,0,96406
32870843875277,1,96406
32870843885197,0,96406
32870843888714,1,96406
32870843898634,0,96406
32870843938620,1,96406
32870843953848,0,96406
32870843959590,1,96406
32870843969739,0,96406
32870843973017,1,96406
32870843982948,0,96406
32870843986855,1,96406
32870843996787,0,96406
32870844001552,1,96406
32870844011559,0,96406
32870844015499,1,96406
32870844025420,0,96406
32870844029490,1,96406
32870844039530,0,96406
32870844043633,1,96406
32870844053499,0,96406
32870844057374,1,96406
32870844067197,0,96406
32870844070778,1,96406
32870844080656,0,96406
32870844084574,1,96406
32870844094494,0,96406
32870844098424,1,96406
32870844108301,0,96406
32870844111882,1,96406
32870844121760,0,96406
32870844125830,1,96406
32870844135707,0,96406
32870844140255,1,96406
32870844150197,0,96406
32870844153627,1,96406
32870844163471,0,96406
32870844167075,1,96406
32870844176952,0,96406
32870844180827,1,96406
32870844190682,0,96406
32870844194069,1,96406
32870844203946,0,96406
32870844207723,1,96406
32870844217665,0,96406
32870844221660,1,96406
32870844231548,0,96406
32870844235129,1,96406
32870844245148,0,96406
32870844248784,1,96406
32870844258661,0,96406
32870844262601,1,96406
32870844272500,0,96406
32870844276049,1,96406
32870844285970,0,96406
32870844289866,1,96406
32870844299808,0,96406
32870844303401,1,96406
32870844313495,0,96406
32870844317392,1,96406
32870844328083,0,96406
32870844332577,1,96406
32870844342530,0,96406
32870844346383,1,96406
32870844356260,0,96406
32870844360178,1,96406
32870844370066,0,96406
32870844374527,1,96406
32870844384469,0,96406
32870844388724,1,96406
32870844399144,0,96406
32870844401706,1,96406
32870844411594,0,96406
32870844415143,1,96406
32870844424955,0,96406
32870844428471,1,96406
32870844438370,0,96406
32870844441518,1,96406
32870844451428,0,96406
32870844454749,1,96406
32870844464604,0,96406
32870844468859,1,96406
32870844478736,0,96406
32870844482796,1,96406
32870844492760,0,96406
32870844497492,1,96406
32870844507380,0,96406
32870844511103,1,96406
32870844521013,0,96406
32870844525213,1,96406
32870844535134,0,96406
32870844538867,1,96406
32870844548896,0,96406
32870844551642,1,96406
32870844561476,0,96406
32870844564526,1,96406
32870844574425,0,96406
32870844578452,1,96406
32870844588383,0,96406
32870844592345,1,96406
32870844602233,0,96406
32870844605771,1,96406
32870844615692,0,96406
32870844627132,1,96406
32870844637530,0,96406
32870844640949,1,96406
32870844650891,0,96406
32870844655135,1,96406
32870844665023,0,96406
32870844669050,1,96406
32870844678927,0,96406
32870844682400,1,96406
32870844692386,0,96406
32870844696543,1,96406
32870844706485,0,96406
32870844711196,1,96406
32870844721182,0,96406
32870844723971,1,96406
32870844733837,0,96406
32870844737973,1,96406
32870844747893,0,96406
32870844752148,1,96406
32870844762058,0,96406
32870844765889,1,96406
32870844775788,0,96406
32870844779663,1,96406
32870844789540,0,96406
32870844792829,1,96406
32870844802706,0,96406
32870844807189,1,96406
32870844817087,0,96406
32870844820582,1,96406
32870844830470,0,96406
32870844834020,1,96406
32870844843875,0,96406
32870844847674,1,96406
32870844857562,0,96406
32870844861068,1,96406
32870844870977,0,96406
32870844875493,1,96406
32870844885413,0,96406
32870844889288,1,96406
32870844899154,0,96406
32870844903398,1,96406
32870844913341,0,96406
32870844915967,1,96406
32870844925823,0,96406
32870844930164,1,96406
32870844940031,0,96406
32870844943677,1,96406
32870844953544,0,96406
32870844957332,1,96406
32870844967241,0,96406
32870844971518,1,96406
32870844981438,0,96406
32870844984738,1,96406
32870844994604,0,96406
32870844998490,1,96406
32870845008400,0,96406
32870845012210,1,96406
32870845022043,0,96406
32870845025712,1,96406
32870845035578,0,96406
32870845038313,1,96406
32870845048256,0,96406
32870845052000,1,96406
32870845061997,0,96406
32870845065828,1,96406
32870845075803,0,96406
32870845078690,1,96406
32870845088513,0,96406
32870845092464,1,96406
32870845102406,0,96406
32870845105966,1,96406
32870845115876,0,96406
32870845118937,1,96406
32870845128814,0,96406
32870845132830,1,96406
32870845142696,0,96406
32870845146799,1,96406
32870845156719,0,96406
32870845160659,1,96406
32870845170515,0,96406
32870845174368,1,96406
32870845184234,0,96406
32870845187794,1,96406
32870845197737,0,96406
32870845202360,1,96406
32870845212248,0,96406
32870845216112,1,96406
32870845226066,0,96406
32870845230136,1,96406
32870845240045,0,96406
32870845243953,1,96406
32870845253906,0,96406
32870845258258,1,96406
32870845268092,0,96406
32870845271164,1,96406
32870845281074,0,96406
32870845284796,1,96406
32870845294695,0,96406
32870845298646,1,96406
32870845308588,0,96406
32870845312735,1,96406
32870845322590,0,96406
32870845325944,1,96406
32870845335832,0,96406
32870845339859,1,96406
32870845349736,0,96406
32870845352417,1,96406
32870845362272,0,96406
32870845365919,1,96406
32870845375764,0,96406
32870845379845,1,96406
32870845389776,0,96406
32870845393955,1,96406
32870845403810,0,96406
32870845407946,1,96406
32870845417931,0,96406
32870845421513,1,96406
32870845431369,0,96406
32870845435005,1,96406
32870845444871,0,96406
32870845448778,1,96406
32870845458666,0,96406
32870845462031,1,96406
32870845471897,0,96406
32870845475761,1,96406
32870845485736,0,96406
32870845489611,1,96406
32870845499608,0,96406
32870845503417,1,96406
32870845513273,0,96406
32870845516714,1,96406
32870845526667,0,96406
32870845530802,1,96406
32870845540668,0,96406
32870845544142,1,96406
32870845554008,0,96406
32870845557655,1,96406
32870845567543,0,96406
32870845571461,1,96406
32870845581371,0,96406
32870845585278,1,96406
32870845595134,0,96406
32870845599833,1,96406
32870845609786,0,96406
32870845613466,1,96406
32870845623354,0,96406
32870845626480,1,96406
32870845666184,0,96406
32870845671936,1,96406
32870845682106,0,96406
32870845686155,1,96406
32870845696054,0,96406
32870845700233,1,96406
32870845710175,0,96406
32870845715005,1,96406
32870845725056,0,96406
32870845728670,1,96406
32870845738645,0,96406
32870845742585,1,96406
32870845752473,0,96406
32870845755827,1,96406
32870845765736,0,96406
32870845769622,1,96406
32870845779543,0,96406
32870845783450,1,96406
32870845793316,0,96406
32870845796833,1,96406
32870845806775,0,96406
32870845811247,1,96406
32870845821189,0,96406
32870845825140,1,96406
32870845835050,0,96406
32870845838523,1,96406
32870845848476,0,96406
32870845852503,1,96406
32870845862369,0,96406
32870845866744,1,96406
32870845876751,0,96406
32870845879985,1,96406
32870845889852,0,96406
32870845893922,1,96406
32870845903756,0,96406
32870845907001,1,96406
32870845916900,0,96406
32870845921024,1,96406
32870845930934,0,96406
32870845934429,1,96406
32870845944317,0,96406
32870845947465,1,96406
32870845957320,0,96406
32870845961021,1,96406
32870845970996,0,96406
32870845974263,1,96406
32870845984184,0,96406
32870845987755,1,96406
32870845997729,0,96406
32870846001583,1,96406
32870846011536,0,96406
32870846015237,1,96406
32870846025147,0,96406
32870846028316,1,96406
32870846038161,0,96406
32870846041558,1,96406
32870846051413,0,96406
32870846055299,1,96406
32870846065209,0,96406
32870846069062,1,96406
32870846078972,0,96406
32870846113335,1,96406
32870846128607,0,96406
32870846132742,1,96406
32870846143596,0,96406
32870846147710,1,96406
32870846157619,0,96406
32870846161538,1,96406
32870846171469,0,96406
32870846175724,1,96406
32870846185981,0,96406
32870846189899,1,96406
32870846199863,0,96406
32870846203619,1,96406
32870846213539,0,96406
32870846217794,1,96406
32870846227715,0,96406
32870846232132,1,96406
32870846242074,0,96406
32870846245830,1,96406
32870846255815,0,96406
32870846259148,1,96406
32870846269209,0,96406
32870846272541,1,96406
32870846282614,0,96406
32870846286945,1,96406
32870846296844,0,96406
32870846300675,1,96406
32870846310552,0,96406
32870846314036,1,96406
32870846323989,0,96406
32870846328960,1,96406
32870846338990,0,96406
32870846343483,1,96406
32870846353425,0,96406
32870846357213,1,96406
32870846367091,0,96406
32870846371128,1,96406
32870846381081,0,96406
32870846385434,1,96406
32870846395658,0,96406
32870846399370,1,96406
32870846409443,0,96406
32870846413470,1,96406
32870846423488,0,96406
32870846427536,1,96406
32870846437413,0,96406
32870846441321,1,96406
32870846451285,0,96406
32870846454964,1,96406
32870846464885,0,96406
32870846468239,1,96406
32870846478148,0,96406
32870846482816,1,96406
32870846492790,0,96406
32870846496047,1,96406
32870846505924,0,96406
32870846509375,1,96406
32870846519296,0,96406
32870846523431,1,96406
32870846533525,0,96406
32870846536869,1,96406
32870846947128,0,96406
32870846953271,1,96406
32870846963962,0,96406
32870846967783,1,96406
32870846977790,0,96406
32870846981296,1,96406
32870846991195,0,96406
32870846995374,1,96406
32870847005283,0,96406
32870847009907,1,96406
32870847019860,0,96406
32870847023442,1,96406
32870847033287,0,96406
32870847036803,1,96406
32870847046746,0,96406
32870847050610,1,96406
32870847060443,0,96406
32870847064383,1,96406
32870847074358,0,96406
32870847077658,1,96406
32870847087654,0,96406
32870847091095,1,96406
32870847101070,0,96406
32870847106551,1,96406
32870847116548,0,96406
32870847121106,1,96406
32870847131124,0,96406
32870847135097,1,96406
32870848174192,3,96406




