32860842029435,2,96321
32860842218728,2,96322
32860842481959,2,96323
32860842631972,2,96324
32860842749043,2,96325
32860847087152,0,96325
32860847111628,1,96325
32860847127399,0,96325
32860847130307,1,96325
32860847140554,0,96325
32860847143137,1,96325
32860847153177,0,96325
32860847155869,1,96325
32860847165811,0,96325
32860847168318,1,96325
32860847178282,0,96325
32860847180985,1,96325
32860847190894,0,96325
32860847193413,1,96325
32860847203344,0,96325
32860847206079,1,96325
32860847216076,0,96325
32860847219147,1,96325
32860847229057,0,96325
32860847231716,1,96325
32860847241691,0,96325
32860847244242,1,96325
32860847254130,0,96325
32860847256756,1,96325
32860847266612,0,96325
32860847269097,1,96325
32860847278996,0,96325
32860847281710,1,96325
32860847291695,0,96325
32860847294398,1,96325
32860847304297,0,96325
32860847306934,1,96325
32860847316887,0,96325
32860847319623,1,96325
32860847329489,0,96325
32860847332333,1,96325
32860847342242,0,96325
32860847345086,1,96325
32860847355061,0,96325
32860847357829,1,96325
32860847367738,0,96325
32860847370463,1,96325
32860847380329,0,96325
32860847383032,1,96325
32860847392930,0,96325
32860847395655,1,96325
32860847405564,0,96325
32860847408354,1,96325
32860847418329,0,96325
32860847421075,1,96325
32860847430963,0,96325
32860847433915,1,96325
32860847443803,0,96325
32860847446560,1,96325
32860847456491,0,96325
32860847459346,1,96325
32860847469256,0,96325
32860847472002,1,96325
32860847481911,0,96325
32860847484690,1,96325
32860847494556,0,96325
32860847497856,1,96325
32860847507744,0,96325
32860847510685,1,96325
32860847520595,0,96325
32860847523819,1,96325
32860847533880,0,96325
32860847536800,1,96325
32860847546677,0,96325
32860847549543,1,96325
32860847559507,0,96325
32860847562329,1,96325
32860847572195,0,96325
32860847575245,1,96325
32860847585274,0,96325
32860847588378,1,96325
32860847598277,0,96325
32860847601110,1,96325
32860847611009,0,96325
32860847613983,1,96325
32860847623892,0,96325
32860847626682,1,96325
32860847636646,0,96325
32860847639707,1,96325
32860847649584,0,96325
32860847652362,1,96325
32860847662283,0,96325
32860847665376,1,96325
32860847675297,0,96325
32860847678032,1,96325
32860847687942,0,96325
32860847690644,1,96325
32860847700543,0,96325
32860847707045,1,96325
32860847717345,0,96325
32860847720786,1,96325
32860847730793,0,96325
32860847733919,1,96325
32860847743959,0,96325
32860847746998,1,96325
32860847756995,0,96325
32860847760208,1,96325
32860847770356,0,96325
32860847773254,1,96325
32860847783185,0,96325
32860847786333,1,96325
32860847796264,0,96325
32860847799076,1,96325
32860847809061,0,96325
32860847812079,1,96325
32860847822064,0,96325
32860847825245,1,96325
32860847835176,0,96325
32860847838063,1,96325
32860847847984,0,96325
32860847851240,1,96325
32860847861182,0,96325
32860847863798,1,96325
32860847873729,0,96325
32860847876573,1,96325
32860847886635,0,96325
32860847889739,1,96325
32860847899681,0,96325
32860847902905,1,96325
32860847912923,0,96325
32860847916049,1,96325
32860847926371,0,96325
32860847929280,1,96325
32860847939266,0,96325
32860847942337,1,96325
32860847952334,0,96325
32860847955330,1,96325
32860847965315,0,96325
32860847968202,1,96325
32860847978112,0,96325
32860847981021,1,96325
32860848037114,0,96325
32860848042965,1,96325
32860848055306,0,96325
32860848058953,1,96325
32860848069144,0,96325
32860848072715,1,96325
32860848082831,0,96325
32860848085914,1,96325
32860848095834,0,96325
32860848098863,1,96325
32860848108805,0,96325
32860848111692,1,96325
32860848121634,0,96325
32860848124847,1,96325
32860848134952,0,96325
32860848137752,1,96325
32860848147966,0,96325
32860848151168,1,96325
32860848161067,0,96325
32860848164171,1,96325
32860848174081,0,96325
32860848177391,1,96325
32860848187431,0,96325
32860848190709,1,96325
32860848200847,0,96325
32860848204125,1,96325
32860848214165,0,96325
32860848218430,1,96325
32860848229013,0,96325
32860848231900,1,96325
32860848241875,0,96325
32860848244849,1,96325
32860848256788,0,96325
32860848259632,1,96325
32860848269563,0,96325
32860848273004,1,96325
32860848282881,0,96325
32860848286192,1,96325
32860848296166,0,96325
32860848299140,1,96325
32860848309354,0,96325
32860848312219,1,96325
32860848322097,0,96325
32860848324919,1,96325
32860848334828,0,96325
32860848337856,1,96325
32860848347810,0,96325
32860848350914,1,96325
32860848360856,0,96325
32860848363873,1,96325
32860848374065,0,96325
32860848377191,1,96325
32860848387264,0,96325
32860848390368,1,96325
32860848400332,0,96325
32860848403349,1,96325
32860848463242,0,96325
32860848468289,1,96325
32860848478644,0,96325
32860848482138,1,96325
32860848492146,0,96325
32860848495033,1,96325
32860848504964,0,96325
32860848508123,1,96325
32860848518098,0,96325
32860848521430,1,96325
32860848531383,0,96325
32860848534563,1,96325
32860848544527,0,96325
32860848547924,1,96325
32860848558616,0,96325
32860848561709,1,96325
32860848571684,0,96325
32860848574701,1,96325
32860848584654,0,96325
32860848588138,1,96325
32860848598102,0,96325
32860848601163,1,96325
32860848611084,0,96325
32860848620668,1,96325
32860848630947,0,96325
32860848633801,1,96325
32860848643754,0,96325
32860848646880,1,96325
32860848656833,0,96325
32860848659471,1,96325
32860848669381,0,96325
32860848672604,1,96325
32860848682557,0,96325
32860848685542,1,96325
32860848695712,0,96325
32860848699088,1,96325
32860848709247,0,96325
32860848712471,1,96325
32860848722543,0,96325
32860848725680,1,96325
32860848735666,0,96325
32860848739215,1,96325
32860848749244,0,96325
32860848752685,1,96325
32860848762725,0,96325
32860848765938,1,96325
32860848775858,0,96325
32860848778962,1,96325
32860848788937,0,96325
32860848792280,1,96325
32860848802244,0,96325
32860848805272,1,96325
32860848815345,0,96325
32860848818807,1,96325
32860848828717,0,96325
32860848831702,1,96325
32860848841666,0,96325
32860848844510,1,96325
32860848854484,0,96325
32860848857545,1,96325
32860848867509,0,96325
32860848870527,1,96325
32860848880458,0,96325
32860848883443,1,96325
32860848893363,0,96325
32860848896435,1,96325
32860848906334,0,96325
32860848909134,1,96325
32860848919098,0,96325
32860848921996,1,96325
32860848931993,0,96325
32860848935390,1,96325
32860848945311,0,96325
32860848948360,1,96325
32860848958411,0,96325
32860848961667,1,96325
32860848971566,0,96325
32860848974768,1,96325
32860848984613,0,96325
32860848987619,1,96325
32860848997518,0,96325
32860849000601,1,96325
32860849010467,0,96325
32860849013549,1,96325
32860849023524,0,96325
32860849026900,1,96325
32860849036951,0,96325
32860849039860,1,96325
32860849049780,0,96325
32860849052993,1,96325
32860849062946,0,96325
32860849066018,1,96325
32860849111300,0,96325
32860849116543,1,96325
32860849127484,0,96325
32860849131174,1,96325
32860849141301,0,96325
32860849144481,1,96325
32860849154445,0,96325
32860849157962,1,96325
32860849167904,0,96325
32860849171182,1,96325
32860849181699,0,96325
32860849184576,1,96325
32860849194496,0,96325
32860849197590,1,96325
32860849207575,0,96325
32860849210473,1,96325
32860849220394,0,96325
32860849224030,1,96325
32860849233950,0,96325
32860849237456,1,96325
32860849247409,0,96325
32860849250633,1,96325
32860849260521,0,96325
32860849263560,1,96325
32860849273437,0,96325
32860849276487,1,96325
32860849286408,0,96325
32860849289675,1,96325
32860849299769,0,96325
32860849303014,1,96325
32860849313141,0,96325
32860849316365,1,96325
32860849326242,0,96325
32860849329281,1,96325
32860849339202,0,96325
32860849342230,1,96325
32860849352150,0,96325
32860849361995,1,96325
32860849372230,0,96325
32860849375367,1,96325
32860849385288,0,96325
32860849388500,1,96325
32860849398486,0,96325
32860849401427,1,96325
32860849411337,0,96325
32860849414593,1,96325
32860849424557,0,96325
32860849427520,1,96325
32860849437712,0,96325
32860849441066,1,96325
32860849451139,0,96325
32860849454536,1,96325
32860849464489,0,96325
32860849467463,1,96325
32860849477470,0,96325
32860849480531,1,96325
32860849490463,0,96325
32860849494186,1,96325
32860849504215,0,96325
32860849507406,1,96325
32860849517402,0,96325
32860849520398,1,96325
32860849530373,0,96325
32860849533683,1,96325
32860849543615,0,96325
32860849546610,1,96325
32860849556715,0,96325
32860849559754,1,96325
32860849569794,0,96325
32860849572975,1,96325
32860849582939,0,96325
32860849586401,1,96325
32860849596267,0,96325
32860849599252,1,96325
32860849609205,0,96325
32860849612299,1,96325
32860849622187,0,96325
32860849625551,1,96325
32860849635526,0,96325
32860849638739,1,96325
32860849648844,0,96325
32860849651948,1,96325
32860849662129,0,96325
32860849665548,1,96325
32860849675512,0,96325
32860849678899,1,96325
32860849688852,0,96325
32860849692249,1,96325
32860849702159,0,96325
32860849705144,1,96325
32860849715118,0,96325
32860849718201,1,96325
32860849728187,0,96325
32860849731247,1,96325
32860849741179,0,96325
32860849744174,1,96325
32860849754095,0,96325
32860849757536,1,96325
32860849767489,0,96325
32860849770810,1,96325
32860849780926,0,96325
32860849784019,1,96325
32860849794092,0,96325
32860849797544,1,96325
32860849807540,0,96325
32860849810742,1,96325
32860849820630,0,96325
32860849824006,1,96325
32860849833991,0,96325
32860849837660,1,96325
32860849847678,0,96325
32860849851086,1,96325
32860849861159,0,96325
32860849864458,1,96325
32860849874379,0,96325
32860849877939,1,96325
32860849887968,0,96325
32860849891040,1,96325
32860849900949,0,96325
32860849904314,1,96325
32860849914354,0,96325
32860849917860,1,96325
32860849927813,0,96325
32860849930939,1,96325
32860849941001,0,96325
32860849944268,1,96325
32860849954167,0,96325
32860849956999,1,96325
32860849966887,0,96325
32860849970382,1,96325
32860849980325,0,96325
32860849983613,1,96325
32860849993588,0,96325
32860849996573,1,96325
32860850006570,0,96325
32860850009739,1,96325
32860850019714,0,96325
32860850022720,1,96325
32860850032673,0,96325
32860850035723,1,96325
32860850045720,0,96325
32860850049540,1,96325
32860850059537,0,96325
32860850062413,1,96325
32860850072421,0,96325
32860850075764,1,96325
32860850085738,0,96325
32860850089071,1,96325
32860850098980,0,96325
32860850105688,1,96325
32860850115880,0,96325
32860850119093,1,96325
32860850129035,0,96325
32860850131814,1,96325
32860850141734,0,96325
32860850144697,1,96325
32860850154661,0,96325
32860850157744,1,96325
32860850167697,0,96325
32860850170877,1,96325
32860850180928,0,96325
32860850184228,1,96325
32860850194191,0,96325
32860850197860,1,96325
32860850207759,0,96325
32860850211135,1,96325
32860850221120,0,96325
32860850224235,1,96325
32860850234232,0,96325
32860850237304,1,96325
32860850247246,0,96325
32860850249927,1,96325
32860850259901,0,96325
32860850263169,1,96325
32860850273187,0,96325
32860850276476,1,96325
32860850286429,0,96325
32860850289609,1,96325
32860850299584,0,96325
32860850302883,1,96325
32860850312782,0,96325
32860850316060,1,96325
32860850326013,0,96325
32860850329193,1,96325
32860850339125,0,96325
32860850341979,1,96325
32860850351889,0,96325
32860850354820,1,96325
32860850364762,0,96325
32860850367920,1,96325
32860850377993,0,96325
32860850381629,1,96325
32860850391940,0,96325
32860850394513,1,96325
32860850404498,0,96325
32860850408069,1,96325
32860850418359,0,96325
32860850420779,1,96325
32860850430787,0,96325
32860850434043,1,96325
32860850443931,0,96325
32860850446883,1,96325
32860850456804,0,96325
32860850459561,1,96325
32860850469557,0,96325
32860850472726,1,96325
32860850482701,0,96325
32860850485914,1,96325
32860850495835,0,96325
32860850499015,1,96325
32860850508946,0,96325
32860850512170,1,96325
32860850522177,0,96325
32860850525661,1,96325
32860850535614,0,96325
32860850538914,1,96325
32860850548889,0,96325
32860850552145,1,96325
32860850562174,0,96325
32860850564573,1,96325
32860850574667,0,96325
32860850577087,1,96325
32860850587008,0,96325
32860850589993,1,96325
32860850600174,0,96325
32860850603300,1,96325
32860850613264,0,96325
32860850616509,1,96325
32860850626419,0,96325
32860850629979,1,96325
32860850639899,0,96325
32860850643416,1,96325
32860850653358,0,96325
32860850656864,1,96325
32860850666763,0,96325
32860850670236,1,96325
32860850680233,0,96325
32860850683305,1,96325
32860850693355,0,96325
32860850696644,1,96325
32860850706565,0,96325
32860850765589,1,96325
32860850845116,0,96325
32860850850478,1,96325
32860850861223,0,96325
32860850864783,1,96325
32860850874725,0,96325
32860850878101,1,96325
32860850888065,0,96325
32860850892222,1,96325
32860850902251,0,96325
32860850905974,1,96325
32860850915873,0,96325
32860850918901,1,96325
32860850928876,0,96325
32860850932360,1,96325
32860850942433,0,96325
32860850945309,1,96325
32860850955229,0,96325
32860850958507,1,96325
32860850968439,0,96325
32860850971727,1,96325
32860850981756,0,96325
32860850984991,1,96325
32860850995118,0,96325
32860850998613,1,96325
32860851008729,0,96325
32860851012104,1,96325
32860851022036,0,96325
32860851025693,1,96325
32860851035647,0,96325
32860851039000,1,96325
32860851048932,0,96325
32860851052611,1,96325
32860851062543,0,96325
32860851072485,1,96325
32860851082775,0,96325
32860851086226,1,96325
32860851096233,0,96325
32860851099555,1,96325
32860851109660,0,96325
32860851112395,1,96325
32860851122316,0,96325
32860851125843,1,96325
32860851135807,0,96325
32860851139215,1,96325
32860851149147,0,96325
32860851152370,1,96325
32860851162312,0,96325
32860851165797,1,96325
32860851175717,0,96325
32860851179212,1,96325
32860851189165,0,96325
32860851192497,1,96325
32860851202570,0,96325
32860851205848,1,96325
32860851215812,0,96325
32860851218645,1,96325
32860851228576,0,96325
32860851231897,1,96325
32860851241807,0,96325
32860851244759,1,96325
32860851254723,0,96325
32860851257947,1,96325
32860851267857,0,96325
32860851271341,1,96325
32860851281348,0,96325
32860851285136,1,96325
32860851295111,0,96325
32860851297944,1,96325
32860851307799,0,96325
32860851311207,1,96325
32860851321128,0,96325
32860851323787,1,96325
32860851333686,0,96325
32860851336573,1,96325
32860851346613,0,96325
32860851349945,1,96325
32860851359888,0,96325
32860851363155,1,96325
32860851373053,0,96325
32860851376201,1,96325
32860851386176,0,96325
32860851389454,1,96325
32860851399472,0,96325
32860851402869,1,96325
32860851412898,0,96325
32860851416513,1,96325
32860851426553,0,96325
32860851429711,1,96325
32860851439621,0,96325
32860851442693,1,96325
32860851452613,0,96325
32860851455826,1,96325
32860851465779,0,96325
32860851468775,1,96325
32860851478717,0,96325
32860851482114,1,96325
32860851492219,0,96325
32860851495606,1,96325
32860851505613,0,96325
32860851508978,1,96325
32860851519050,0,96325
32860851522307,1,96325
32860851532249,0,96325
32860851535494,1,96325
32860851545350,0,96325
32860851548432,1,96325
32860851558505,0,96325
32860851561576,1,96325
32860851571736,0,96325
32860851574688,1,96325
32860851584630,0,96325
32860851587691,1,96325
32860851597601,0,96325
32860851601063,1,96325
32860851610962,0,96325
32860851614403,1,96325
32860851624432,0,96325
32860851627970,1,96325
32860851637945,0,96325
32860851641060,1,96325
32860851650981,0,96325
32860851654334,1,96325
32860851664309,0,96325
32860851667207,1,96325
32860851677084,0,96325
32860851679830,1,96325
32860851689827,0,96325
32860851693593,1,96325
32860851703611,0,96325
32860851707193,1,96325
32860851717418,0,96325
32860851720924,1,96325
32860851730790,0,96325
32860851733959,1,96325
32860851744129,0,96325
32860851747255,1,96325
32860851757219,0,96325
32860851760193,1,96325
32860851770070,0,96325
32860851773077,1,96325
32860851783106,0,96325
32860851786438,1,96325
32860851796413,0,96325
32860851799680,1,96325
32860851846428,0,96325
32860851853711,1,96325
32860851868853,0,96325
32860851872109,1,96325
32860851882159,0,96325
32860851885600,1,96325
32860851895673,0,96325
32860851898766,1,96325
32860851908752,0,96325
32860851912051,1,96325
32860851922059,0,96325
32860851925358,1,96325
32860851935268,0,96325
32860851939002,1,96325
32860851949042,0,96325
32860851952624,1,96325
32860851962739,0,96325
32860851966148,1,96325
32860851976057,0,96325
32860851979292,1,96325
32860851989288,0,96325
32860851992317,1,96325
32860852002215,0,96325
32860852005124,1,96325
32860852015001,0,96325
32860852018637,1,96325
32860852028601,0,96325
32860852031847,1,96325
32860852041811,0,96325
32860852045175,1,96325
32860852055074,0,96325
32860852058558,1,96325
32860852068653,0,96325
32860852071963,1,96325
32860852081894,0,96325
32860852085900,1,96325
32860852095918,0,96325
32860852099315,1,96325
32860852109366,0,96325
32860852113100,1,96325
32860852122977,0,96325
32860852126613,1,96325
32860852136523,0,96325
32860852139909,1,96325
32860852149895,0,96325
32860852153737,1,96325
32860852163658,0,96325
32860852166859,1,96325
32860852176889,0,96325
32860852180221,1,96325
32860852190261,0,96325
32860852192963,1,96325
32860852202862,0,96325
32860852213228,1,96325
32860852223550,0,96325
32860852227153,1,96325
32860852237128,0,96325
32860852240547,1,96325
32860852250522,0,96325
32860852254191,1,96325
32860852264144,0,96325
32860852267270,1,96325
32860852277168,0,96325
32860852280501,1,96325
32860852290378,0,96325
32860852293222,1,96325
32860852303099,0,96325
32860852306203,1,96325
32860852316145,0,96325
32860852319966,1,96325
32860852329962,0,96325
32860852333284,1,96325
32860852343475,0,96325
32860852346612,1,96325
32860852356587,0,96325
32860852360201,1,96325
32860852370209,0,96325
32860852373584,1,96325
32860852383494,0,96325
32860852387543,1,96325
32860852397528,0,96325
32860852400643,1,96325
32860852410542,0,96325
32860852413538,1,96325
32860852423415,0,96325
32860852426498,1,96325
32860852436396,0,96325
32860852439837,1,96325
32860852449801,0,96325
32860852453112,1,96325
32860852463162,0,96325
32860852466549,1,96325
32860852476448,0,96325
32860852479704,1,96325
32860852489592,0,96325
32860852492902,1,96325
32860852502823,0,96325
32860852505873,1,96325
32860852515739,0,96325
32860852519343,1,96325
32860852529241,0,96325
32860852532139,1,96325
32860852542006,0,96325
32860852545674,1,96325
32860852555551,0,96325
32860852558135,1,96325
32860852568055,0,96325
32860852571398,1,96325
32860852581297,0,96325
32860852584825,1,96325
32860852594734,0,96325
32860852598001,1,96325
32860852608020,0,96325
32860852611580,1,96325
32860852621576,0,96325
32860852624919,1,96325
32860852634862,0,96325
32860852637857,1,96325
32860852647810,0,96325
32860852650752,1,96325
32860852660727,0,96325
32860852664004,1,96325
32860852674023,0,96325
32860852676671,1,96325
32860852686570,0,96325
32860852689728,1,96325
32860852699736,0,96325
32860852703144,1,96325
32860852713097,0,96325
32860852716060,1,96325
32860852725981,0,96325
32860852729497,1,96325
32860852739494,0,96325
32860852742533,1,96325
32860852752421,0,96325
32860852755601,1,96325
32860852765511,0,96325
32860852768713,1,96325
32860852778623,0,96325
32860852781922,1,96325
32860852791864,0,96325
32860852794643,1,96325
32860852804672,0,96325
32860852807624,1,96325
32860852817523,0,96325
32860852820703,1,96325
32860852830667,0,96325
32860852833956,1,96325
32860852843844,0,96325
32860852846872,1,96325
32860852856749,0,96325
32860852859843,1,96325
32860852869731,0,96325
32860852873161,1,96325
32860852883092,0,96325
32860852886392,1,96325
32860852937557,0,96325
32860852945253,1,96325
32860852961914,0,96325
32860852965485,1,96325
32860852979334,0,96325
32860852983481,1,96325
32860852993510,0,96325
32860852996429,1,96325
32860853006361,0,96325
32860853009997,1,96325
32860853020113,0,96325
32860853023391,1,96325
32860853033333,0,96325
32860853036926,1,96325
32860853047031,0,96325
32860853051025,1,96325
32860853061000,0,96325
32860853064451,1,96325
32860853074339,0,96325
32860853077053,1,96325
32860853086941,0,96325
32860853090295,1,96325
32860853100291,0,96325
32860853103786,1,96325
32860853113783,0,96325
32860853116702,1,96325
32860853126558,0,96325
32860853130172,1,96325
32860853140049,0,96325
32860853143360,1,96325
32860853153226,0,96325
32860853156526,1,96325
32860853166468,0,96325
32860853169952,1,96325
32860853179851,0,96325
32860853183487,1,96325
32860853193386,0,96325
32860853196805,1,96325
32860853206790,0,96325
32860853209830,1,96325
32860853219674,0,96325
32860853222518,1,96325
32860853232384,0,96325
32860853235933,1,96325
32860853245919,0,96325
32860853249240,1,96325
32860853259313,0,96325
32860853262482,1,96325
32860853272403,0,96325
32860853275529,1,96325
32860853285384,0,96325
32860853288477,1,96325
32860853298344,0,96325
32860853302012,1,96325
32860853311966,0,96325
32860853314874,1,96325
32860853324762,0,96325
32860853328290,1,96325
32860853338200,0,96325
32860853341391,1,96325
32860853351344,0,96325
32860853354676,1,96325
32860853364629,0,96325
32860853367527,1,96325
32860853377404,0,96325
32860853381246,1,96325
32860853391243,0,96325
32860853393957,1,96325
32860853403812,0,96325
32860853406970,1,96325
32860853416891,0,96325
32860853420570,1,96325
32860853430567,0,96325
32860853433693,1,96325
32860853443537,0,96325
32860853446837,1,96325
32860853456660,0,96325
32860853459232,1,96325
32860853469131,0,96325
32860853472637,1,96325
32860853482471,0,96325
32860853485792,1,96325
32860853495615,0,96325
32860853498849,1,96325
32860853508792,0,96325
32860853511950,1,96325
32860853521860,0,96325
32860853525181,1,96325
32860853535210,0,96325
32860853538673,1,96325
32860853548658,0,96325
32860853552511,1,96325
32860853562530,0,96325
32860853565764,1,96325
32860853575782,0,96325
32860853579201,1,96325
32860853589122,0,96325
32860853592953,1,96325
32860853602928,0,96325
32860853605436,1,96325
32860853615497,0,96325
32860853617885,1,96325
32860853627958,0,96325
32860853631485,1,96325
32860853641340,0,96325
32860853644673,1,96325
32860853654593,0,96325
32860853657632,1,96325
32860853667509,0,96325
32860853682510,1,96325
32860853692853,0,96325
32860853696642,1,96325
32860853706551,0,96325
32860853709840,1,96325
32860853719663,0,96325
32860853722886,1,96325
32860853732785,0,96325
32860853736443,1,96325
32860853746374,0,96325
32860853749707,1,96325
32860853759692,0,96325
32860853763090,1,96325
32860853773195,0,96325
32860853776614,1,96325
32860853786491,0,96325
32860853790387,1,96325
32860853800351,0,96325
32860853803325,1,96325
32860853813202,0,96325
32860853816404,1,96325
32860853826357,0,96325
32860853829928,1,96325
32860853839860,0,96325
32860853843865,1,96325
32860853854697,0,96325
32860853858062,1,96325
32860853867972,0,96325
32860853871000,1,96325
32860853880866,0,96325
32860853884394,1,96325
32860853894347,0,96325
32860853897679,1,96325
32860853907610,0,96325
32860853911127,1,96325
32860853921210,0,96325
32860853924738,1,96325
32860853934691,0,96325
32860853938023,1,96325
32860853947922,0,96325
32860853951189,1,96325
32860853961110,0,96325
32860853964594,1,96325
32860853974525,0,96325
32860854073405,1,96325
32860854096372,0,96325
32860854103622,1,96325
32860854118720,0,96325
32860854124299,1,96325
32860854136944,0,96325
32860854140602,1,96325
32860854150631,0,96325
32860854153583,1,96325
32860854164774,0,96325
32860854170407,1,96325
32860854182184,0,96325
32860854185320,1,96325
32860854195295,0,96325
32860854198812,1,96325
32860854208808,0,96325
32860854211967,1,96325
32860854221898,0,96325
32860854225567,1,96325
32860854235477,0,96325
32860854238494,1,96325
32860854248382,0,96325
32860854252083,1,96325
32860854262243,0,96325
32860854265651,1,96325
32860854275636,0,96325
32860854279153,1,96325
32860854289150,0,96325
32860854292297,1,96325
32860854302174,0,96325
32860854305821,1,96325
32860854315753,0,96325
32860854319031,1,96325
32860854329038,0,96325
32860854332924,1,96325
32860854343029,0,96325
32860854346719,1,96325
32860854356705,0,96325
32860854360070,1,96325
32860854370033,0,96325
32860854373670,1,96325
32860854383612,0,96325
32860854386564,1,96325
32860854396495,0,96325
32860854399752,1,96325
32860854409792,0,96325
32860854413308,1,96325
32860854423272,0,96325
32860854427093,1,96325
32860854437252,0,96325
32860854440422,1,96325
32860854450375,0,96325
32860854453653,1,96325
32860854463562,0,96325
32860854466742,1,96325
32860854476706,0,96325
32860854479952,1,96325
32860854489861,0,96325
32860854493704,1,96325
32860854503635,0,96325
32860854506848,1,96325
32860854516812,0,96325
32860854520274,1,96325
32860854530260,0,96325
32860854533668,1,96325
32860854543686,0,96325
32860854547181,1,96325
32860854557080,0,96325
32860854560673,1,96325
32860854570637,0,96325
32860854574457,1,96325
32860854584476,0,96325
32860854587569,1,96325
32860854597468,0,96325
32860854600909,1,96325
32860854610786,0,96325
32860854613749,1,96325
32860854623648,0,96325
32860854626936,1,96325
32860854636955,0,96325
32860854640233,1,96325
32860854650272,0,96325
32860854654158,1,96325
32860854664068,0,96325
32860854667530,1,96325
32860854677397,0,96325
32860854680924,1,96325
32860854690910,0,96325
32860854694361,1,96325
32860854704304,0,96325
32860854707842,1,96325
32860854717741,0,96325
32860854721008,1,96325
32860854731004,0,96325
32860854734195,1,96325
32860854744192,0,96325
32860854746775,1,96325
32860854756631,0,96325
32860854759919,1,96325
32860854769807,0,96325
32860854773074,1,96325
32860854783049,0,96325
32860854786447,1,96325
32860854796313,0,96325
32860854799688,1,96325
32860854809587,0,96325
32860854812431,1,96325
32860854822352,0,96325
32860854825803,1,96325
32860854835691,0,96325
32860854838741,1,96325
32860854848596,0,96325
32860854851961,1,96325
32860854861893,0,96325
32860854864595,1,96325
32860854874581,0,96325
32860854878011,1,96325
32860854888062,0,96325
32860854891415,1,96325
32860854901314,0,96325
32860854904527,1,96325
32860854914458,0,96325
32860854918019,1,96325
32860854928015,0,96325
32860854931445,1,96325
32860854941452,0,96325
32860854944795,1,96325
32860854954672,0,96325
32860854958037,1,96325
32860854967958,0,96325
32860854970986,1,96325
32860854980950,0,96325
32860854984206,1,96325
32860854994094,0,96325
32860854997101,1,96325
32860855007054,0,96325
32860855010223,1,96325
32860855020274,0,96325
32860855030683,1,96325
32860855040962,0,96325
32860855044250,1,96325
32860855054247,0,96325
32860855057622,1,96325
32860855100669,0,96325
32860855105554,1,96325
32860855115670,0,96325
32860855120434,1,96325
32860855130572,0,96325
32860855134338,1,96325
32860855144291,0,96325
32860855147678,1,96325
32860855157598,0,96325
32860855161104,1,96325
32860855171047,0,96325
32860855174715,1,96325
32860855184723,0,96325
32860855188239,1,96325
32860855198138,0,96325
32860855201373,1,96325
32860855211847,0,96325
32860855215168,1,96325
32860855225078,0,96325
32860855228160,1,96325
32860855238016,0,96325
32860855241120,1,96325
32860855251019,0,96325
32860855254362,1,96325
32860855264282,0,96325
32860855267560,1,96325
32860855277535,0,96325
32860855281432,1,96325
32860855291330,0,96325
32860855294554,1,96325
32860855304442,0,96325
32860855307991,1,96325
32860855317912,0,96325
32860855321418,1,96325
32860855331360,0,96325
32860855335267,1,96325
32860855345264,0,96325
32860855348520,1,96325
32860855358669,0,96325
32860855361881,1,96325
32860855371802,0,96325
32860855375427,1,96325
32860855385434,0,96325
32860855388908,1,96325
32860855398861,0,96325
32860855402182,1,96325
32860855412190,0,96325
32860855415912,1,96325
32860855425866,0,96325
32860855429382,1,96325
32860855439270,0,96325
32860855442678,1,96325
32860855452664,0,96325
32860855456235,1,96325
32860855466264,0,96325
32860855469748,1,96325
32860855479625,0,96325
32860855482914,1,96325
32860855492791,0,96325
32860855495950,1,96325
32860855505849,0,96325
32860855509029,1,96325
32860855519004,0,96325
32860855522683,1,96325
32860855532690,0,96325
32860855536196,1,96325
32860855546204,0,96325
32860855549807,1,96325
32860855559836,0,96325
32860855563364,1,96325
32860855573328,0,96325
32860855576389,1,96325
32860855586255,0,96325
32860855589554,1,96325
32860855599508,0,96325
32860855602677,1,96325
32860855612619,0,96325
32860855615626,1,96325
32860855625503,0,96325
32860855628889,1,96325
32860855638799,0,96325
32860855642099,1,96325
32860855652019,0,96325
32860855655264,1,96325
32860855665185,0,96325
32860855668930,1,96325
32860855678915,0,96325
32860855682573,1,96325
32860855692624,0,96325
32860855695587,1,96325
32860855705573,0,96325
32860855708905,1,96325
32860855718912,0,96325
32860855722244,1,96325
32860855732176,0,96325
32860855735606,1,96325
32860855745504,0,96325
32860855748327,1,96325
32860855758171,0,96325
32860855761286,1,96325
32860855771261,0,96325
32860855774767,1,96325
32860855784731,0,96325
32860855787944,1,96325
32860855797799,0,96325
32860855801120,1,96325
32860855811128,0,96325
32860855814492,1,96325
32860855824413,0,96325
32860855827854,1,96325
32860855837763,0,96325
32860855841258,1,96325
32860855851418,0,96325
32860855855108,1,96325
32860855864974,0,96325
32860855868263,1,96325
32860855878162,0,96325
32860855881320,1,96325
32860855891284,0,96325
32860855894899,1,96325
32860855904939,0,96325
32860855908021,1,96325
32860855917909,0,96325
32860855920818,1,96325
32860855954194,0,96325
32860855958774,1,96325
32860855968977,0,96325
32860855973178,1,96325
32860855983684,0,96325
32860855986995,1,96325
32860855996970,0,96325
32860856000736,1,96325
32860856010754,0,96325
32860856014010,1,96325
32860856024072,0,96325
32860856027078,1,96325
32860856036977,0,96325
32860856040635,1,96325
32860856050610,0,96325
32860856053877,1,96325
32860856063732,0,96325
32860856066858,1,96325
32860856076725,0,96325
32860856079883,1,96325
32860856089771,0,96325
32860856092767,1,96325
32860856102676,0,96325
32860856105846,1,96325
32860856115853,0,96325
32860856119272,1,96325
32860856129301,0,96325
32860856132818,1,96325
32860856209664,0,96325
32860856215873,1,96325
32860856230851,0,96325
32860856235562,1,96325
32860856245710,0,96325
32860856249477,1,96325
32860856259473,0,96325
32860856262653,1,96325
32860856272661,0,96325
32860856276015,1,96325
32860856286000,0,96325
32860856289452,1,96325
32860856300045,0,96325
32860856303497,1,96325
32860856313493,0,96325
32860856317227,1,96325
32860856327137,0,96325
32860856330328,1,96325
32860856340281,0,96325
32860856343331,1,96325
32860856353208,0,96325
32860856355998,1,96325
32860856365875,0,96325
32860856369131,1,96325
32860856379062,0,96325
32860856382915,1,96325
32860856392955,0,96325
32860856396440,1,96325
32860856406447,0,96325
32860856409942,1,96325
32860856420004,0,96325
32860856423238,1,96325
32860856433093,0,96325
32860856436350,1,96325
32860856446183,0,96325
32860856449277,1,96325
32860856459176,0,96325
32860856463050,1,96325
32860856473025,0,96325
32860856476650,1,96325
32860856486593,0,96325
32860856489295,1,96325
32860856499183,0,96325
32860856502472,1,96325
32860856512490,0,96325
32860856523822,1,96325
32860856534274,0,96325
32860856537769,1,96325
32860856547744,0,96325
32860856550837,1,96325
32860856560791,0,96325
32860856564112,1,96325
32860856574011,0,96325
32860856577517,1,96325
32860856587437,0,96325
32860856590813,1,96325
32860856600809,0,96325
32860856604434,1,96325
32860856614344,0,96325
32860856617134,1,96325
32860856627260,0,96325
32860856630744,1,96325
32860856640774,0,96325
32860856644160,1,96325
32860856654070,0,96325
32860856657489,1,96325
32860856667539,0,96325
32860856670969,1,96325
32860856681009,0,96325
32860856684113,1,96325
32860856694012,0,96325
32860856696856,1,96325
32860856706755,0,96325
32860856709989,1,96325
32860856719834,0,96325
32860856722689,1,96325
32860856732555,0,96325
32860856736386,1,96325
32860856746307,0,96325
32860856749965,1,96325
32860856760037,0,96325
32860856763500,1,96325
32860856773615,0,96325
32860856776926,1,96325
32860856786890,0,96325
32860856790276,1,96325
32860856800197,0,96325
32860856803062,1,96325
32860856812929,0,96325
32860856816478,1,96325
32860856826420,0,96325
32860856829839,1,96325
32860856839749,0,96325
32860856843341,1,96325
32860856853338,0,96325
32860856855878,1,96325
32860856865939,0,96325
32860856869630,1,96325
32860856879637,0,96325
32860856882839,1,96325
32860856892760,0,96325
32860856896146,1,96325
32860856906371,0,96325
32860856909160,1,96325
32860856919059,0,96325
32860856922239,1,96325
32860856932941,0,96325
32860856936501,1,96325
32860856946509,0,96325
32860856949862,1,96325
32860856959989,0,96325
32860856963462,1,96325
32860856973361,0,96325
32860856975955,1,96325
32860856985843,0,96325
32860856988904,1,96325
32860856998760,0,96325
32860857001875,1,96325
32860857011741,0,96325
32860857015127,1,96325
32860857025070,0,96325
32860857028456,1,96325
32860857038409,0,96325
32860857041589,1,96325
32860857051488,0,96325
32860857055233,1,96325
32860857065262,0,96325
32860857068529,1,96325
32860857078645,0,96325
32860857082335,1,96325
32860857092267,0,96325
32860857094991,1,96325
32860857104890,0,96325
32860857107994,1,96325
32860857117882,0,96325
32860857121269,1,96325
32860857131265,0,96325
32860857134749,1,96325
32860857144713,0,96325
32860857147611,1,96325
32860857157499,0,96325
32860857160983,1,96325
32860857170958,0,96325
32860857174258,1,96325
32860857184319,0,96325
32860857187489,1,96325
32860857197453,0,96325
32860857200806,1,96325
32860857210684,0,96325
32860857213451,1,96325
32860857223350,0,96325
32860857259765,1,96325
32860857275308,0,96325
32860857279943,1,96325
32860857290070,0,96325
32860857293532,1,96325
32860857303463,0,96325
32860857306958,1,96325
32860857316955,0,96325
32860857320352,1,96325
32860857582867,0,96324
32860857588576,1,96324
32860857599148,0,96324
32860857604412,1,96324
32860857614473,0,96324
32860857617979,1,96324
32860857627976,0,96324
32860857630765,1,96324
32860857640816,0,96324
32860857651789,1,96324
32860857662687,0,96324
32860857666540,1,96324
32860857676515,0,96324
32860857680596,1,96324
32860857690679,0,96324
32860857693566,1,96324
32860857703541,0,96324
32860857707286,1,96324
32860857717608,0,96324
32860857720908,1,96324
32860857732142,0,96324
32860857735875,1,96324
32860857745774,0,96324
32860857748498,1,96324
32860857758495,0,96324
32860857761881,1,96324
32860857771748,0,96324
32860857774960,1,96324
32860857784848,0,96324
32860857799165,1,96324
32860857809585,0,96324
32860857813926,1,96324
32860857823912,0,96324
32860857827081,1,96324
32860857836969,0,96324
32860857839998,1,96324
32860857849972,0,96324
32860857853294,1,96324
32860857863268,0,96324
32860857866883,1,96324
32860857876814,0,96324
32860857879864,1,96324
32860857889731,0,96324
32860857893540,1,96324
32860857903472,0,96324
32860857906912,1,96324
32860857916865,0,96324
32860857920187,1,96324
32860857930086,0,96324
32860857932853,1,96324
32860857942763,0,96324
32860857946334,1,96324
32860857956233,0,96324
32860857959912,1,96324
32860857969822,0,96324
32860857973317,1,96324
32860857983205,0,96324
32860857986733,1,96324
32860857996642,0,96324
32860858000843,1,96324
32860858010763,0,96324
32860858014736,1,96324
32860858024667,0,96324
32860858027641,1,96324
32860858037518,0,96324
32860858040970,1,96324
32860858050890,0,96324
32860858054147,1,96324
32860858064045,0,96324
32860858067519,1,96324
32860858077439,0,96324
32860858080923,1,96324
32860858090822,0,96324
32860858094209,1,96324
32860858104075,0,96324
32860858107179,1,96324
32860858117035,0,96324
32860858120432,1,96324
32860858130374,0,96324
32860858133500,1,96324
32860858143356,0,96324
32860858147165,1,96324
32860858157118,0,96324
32860858159756,1,96324
32860858169720,0,96324
32860858173074,1,96324
32860858183016,0,96324
32860858186544,1,96324
32860858196497,0,96324
32860858200035,1,96324
32860858209956,0,96324
32860858213299,1,96324
32860858223230,0,96324
32860858226638,1,96324
32860858236548,0,96324
32860858239826,1,96324
32860858249746,0,96324
32860858252883,1,96324
32860858262804,0,96324
32860858266082,1,96324
32860858276024,0,96324
32860858278683,1,96324
32860858288528,0,96324
32860858291729,1,96324
32860858301650,0,96324
32860858305156,1,96324
32860858315120,0,96324
32860858318745,1,96324
32860858328633,0,96324
32860858331629,1,96324
32860858341506,0,96324
32860858344936,1,96324
32860858354824,0,96324
32860858358775,1,96324
32860858368825,0,96324
32860858372505,1,96324
32860858382382,0,96324
32860858385790,1,96324
32860858395656,0,96324
32860858398934,1,96324
32860858408801,0,96324
32860858412111,1,96324
32860858422064,0,96324
32860858425700,1,96324
32860858435653,0,96324
32860858438953,1,96324
32860858448797,0,96324
32860858452151,1,96324
32860858462039,0,96324
32860858464666,1,96324
32860858474554,0,96324
32860858477919,1,96324
32860858487904,0,96324
32860858491041,1,96324
32860858501005,0,96324
32860858504782,1,96324
32860858514757,0,96324
32860858517731,1,96324
32860858527576,0,96324
32860858530582,1,96324
32860858540481,0,96324
32860858543813,1,96324
32860858553679,0,96324
32860858556979,1,96324
32860858566835,0,96324
32860858570449,1,96324
32860858580402,0,96324
32860858583875,1,96324
32860858593785,0,96324
32860858597204,1,96324
32860858607125,0,96324
32860858610457,1,96324
32860858620399,0,96324
32860858624078,1,96324
32860858633901,0,96324
32860858637592,1,96324
32860858647523,0,96324
32860858650975,1,96324
32860858660895,0,96324
32860858663750,1,96324
32860858673627,0,96324
32860858677274,1,96324
32860858687216,0,96324
32860858690602,1,96324
32860858700523,0,96324
32860858704192,1,96324
32860858714188,0,96324
32860858718085,1,96324
32860858728005,0,96324
32860858731272,1,96324
32860858741117,0,96324
32860858744840,1,96324
32860858754760,0,96324
32860858758234,1,96324
32860858768176,0,96324
32860858771714,1,96324
32860858781667,0,96324
32860858785249,1,96324
32860858795094,0,96324
32860858798448,1,96324
32860858808336,0,96324
32860858811722,1,96324
32860858821675,0,96324
32860858825300,1,96324
32860858835145,0,96324
32860858838141,1,96324
32860858848018,0,96324
32860858850579,1,96324
32860858860456,0,96324
32860858905045,1,96324
32860858921043,0,96324
32860858925287,1,96324
32860858935295,0,96324
32860858940038,1,96324
32860858950175,0,96324
32860858953746,1,96324
32860858963797,0,96324
32860858973957,1,96324
32860858984355,0,96324
32860858987947,1,96324
32860858997922,0,96324
32860859001623,1,96324
32860859011566,0,96324
32860859015527,1,96324
32860859025459,0,96324
32860859028802,1,96324
32860859038766,0,96324
32860859042315,1,96324
32860859052214,0,96324
32860859055177,1,96324
32860859065130,0,96324
32860859068755,1,96324
32860859078643,0,96324
32860859081845,1,96324
32860859091831,0,96324
32860859095456,1,96324
32860859105420,0,96324
32860859108611,1,96324
32860859118532,0,96324
32860859121278,1,96324
32860859131209,0,96324
32860859134997,1,96324
32860859144929,0,96324
32860859147653,1,96324
32860859157552,0,96324
32860859161231,1,96324
32860859171173,0,96324
32860859174516,1,96324
32860859184404,0,96324
32860859187009,1,96324
32860859196952,0,96324
32860859200609,1,96324
32860859210563,0,96324
32860859213840,1,96324
32860859223718,0,96324
32860859226985,1,96324
32860859236883,0,96324
32860859239543,1,96324
32860859249463,0,96324
32860859252861,1,96324
32860859262738,0,96324
32860859266070,1,96324
32860859276001,0,96324
32860859279388,1,96324
32860859289286,0,96324
32860859292673,1,96324
32860859302626,0,96324
32860859305676,1,96324
32860859315607,0,96324
32860859319211,1,96324
32860859329066,0,96324
32860859332507,1,96324
32860859342504,0,96324
32860859346183,1,96324
32860859356212,0,96324
32860859359653,1,96324
32860859369584,0,96324
32860859372547,1,96324
32860859382490,0,96324
32860859386354,1,96324
32860859396242,0,96324
32860859399476,1,96324
32860859409386,0,96324
32860859412620,1,96324
32860859422508,0,96324
32860859425493,1,96324
32860859435370,0,96324
32860859438898,1,96324
32860859448775,0,96324
32860859451933,1,96324
32860859461843,0,96324
32860859465067,1,96324
32860859474987,0,96324
32860859478276,1,96324
32860859488153,0,96324
32860859491409,1,96324
32860859501417,0,96324
32860859505194,1,96324
32860859515190,0,96324
32860859518751,1,96324
32860859528682,0,96324
32860859532285,1,96324
32860859542271,0,96324
32860859545647,1,96324
32860859555546,0,96324
32860859559041,1,96324
32860859568939,0,96324
32860859572217,1,96324
32860859582116,0,96324
32860859585720,1,96324
32860859595618,0,96324
32860859599341,1,96324
32860859609360,0,96324
32860859612746,1,96324
32860859623372,0,96324
32860859626541,1,96324
32860859636603,0,96324
32860859639783,1,96324
32860859649747,0,96324
32860859653112,1,96324
32860859663033,0,96324
32860859666625,1,96324
32860859676535,0,96324
32860859680453,1,96324
32860859690699,0,96324
32860859694010,1,96324
32860859708424,0,96324
32860859711517,1,96324
32860859721438,0,96324
32860859724672,1,96324
32860859734560,0,96324
32860859737914,1,96324
32860859747791,0,96324
32860859751948,1,96324
32860859762010,0,96324
32860859765798,1,96324
32860859775827,0,96324
32860859779344,1,96324
32860859789243,0,96324
32860859792521,1,96324
32860859802376,0,96324
32860859805828,1,96324
32860859815672,0,96324
32860859818689,1,96324
32860859828621,0,96324
32860859832517,1,96324
32860859842427,0,96324
32860859845293,1,96324
32860859855224,0,96324
32860859858817,1,96324
32860859868716,0,96324
32860859872373,1,96324
32860859882294,0,96324
32860859886310,1,96324
32860859896230,0,96324
32860859899139,1,96324
32860859909027,0,96324
32860859912490,1,96324
32860859922388,0,96324
32860859925438,1,96324
32860859935326,0,96324
32860859938062,1,96324
32860859947939,0,96324
32860859951401,1,96324
32860859961311,0,96324
32860859963916,1,96324
32860860018804,0,96324
32860860023743,1,96324
32860860033859,0,96324
32860860037072,1,96324
32860860047046,0,96324
32860860049901,1,96324
32860860059822,0,96324
32860860063436,1,96324
32860860073302,0,96324
32860860076515,1,96324
32860860086381,0,96324
32860860090007,1,96324
32860860099873,0,96324
32860860104225,1,96324
32860860114309,0,96324
32860860118140,1,96324
32860860128039,0,96324
32860860131773,1,96324
32860860141715,0,96324
32860860145677,1,96324
32860860155727,0,96324
32860860159515,1,96324
32860860169534,0,96324
32860860172757,1,96324
32860860182634,0,96324
32860860185532,1,96324
32860860195464,0,96324
32860860198980,1,96324
32860860208934,0,96324
32860860212092,1,96324
32860860222002,0,96324
32860860225801,1,96324
32860860235700,0,96324
32860860238945,1,96324
32860860248833,0,96324
32860860252284,1,96324
32860860262303,0,96324
32860860266091,1,96324
32860860276022,0,96324
32860860279376,1,96324
32860860289362,0,96324
32860860292835,1,96324
32860860302777,0,96324
32860860305523,1,96324
32860860315411,0,96324
32860860318765,1,96324
32860860328620,0,96324
32860860331377,1,96324
32860860341255,0,96324
32860860344587,1,96324
32860860354507,0,96324
32860860357633,1,96324
32860860367532,0,96324
32860860371060,1,96324
32860860381034,0,96324
32860860384703,1,96324
32860860394634,0,96324
32860860398260,1,96324
32860860408517,0,96324
32860860413922,1,96324
32860860423886,0,96324
32860860428607,1,96324
32860860438484,0,96324
32860860441187,1,96324
32860860451943,0,96324
32860860455482,1,96324
32860860465348,0,96324
32860860468268,1,96324
32860860478134,0,96324
32860860481379,1,96324
32860860491257,0,96324
32860860494838,1,96324
32860860504661,0,96324
32860860507288,1,96324
32860860517165,0,96324
32860860519792,1,96324
32860860529636,0,96324
32860860532599,1,96324
32860860542466,0,96324
32860860545863,1,96324
32860860555762,0,96324
32860860558823,1,96324
32860860568754,0,96324
32860860572499,1,96324
32860860582365,0,96324
32860860584981,1,96324
32860860594869,0,96324
32860860598407,1,96324
32860860608338,0,96324
32860860611551,1,96324
32860860621418,0,96324
32860860624413,1,96324
32860860634323,0,96324
32860860638013,1,96324
32860860647880,0,96324
32860860650626,1,96324
32860860660514,0,96324
32860860663683,1,96324
32860860673625,0,96324
32860860677196,1,96324
32860860687171,0,96324
32860860690253,1,96324
32860860700098,0,96324
32860860703170,1,96324
32860860713112,0,96324
32860860716498,1,96324
32860860726484,0,96324
32860860729719,1,96324
32860860739639,0,96324
32860860742570,1,96324
32860860752393,0,96324
32860860755258,1,96324
32860860765135,0,96324
32860860832365,1,96324
32860860847528,0,96324
32860860850958,1,96324
32860860860878,0,96324
32860860863711,1,96324
32860860873632,0,96324
32860860877604,1,96324
32860860887438,0,96324
32860860890998,1,96324
32860860900962,0,96324
32860860903925,1,96324
32860860913770,0,96324
32860860917438,1,96324
32860860927456,0,96324
32860860930919,1,96324
32860860940839,0,96324
32860860943596,1,96324
32860860953430,0,96324
32860860957207,1,96324
32860860967149,0,96324
32860860970514,1,96324
32860860980413,0,96324
32860860983930,1,96324
32860860993861,0,96324
32860860996792,1,96324
32860861006777,0,96324
32860861010023,1,96324
32860861019965,0,96324
32860861023373,1,96324
32860861033239,0,96324
32860861036951,1,96324
32860861046883,0,96324
32860861078392,1,96324
32860861093436,0,96324
32860861096952,1,96324
32860861106894,0,96324
32860861110368,1,96324
32860861120353,0,96324
32860861124923,1,96324
32860861135061,0,96324
32860861138859,1,96324
32860861148878,0,96324
32860861153274,1,96324
32860861163183,0,96324
32860861166667,1,96324
32860861176577,0,96324
32860861180343,1,96324
32860861190177,0,96324
32860861192847,1,96324
32860861202768,0,96324
32860861206350,1,96324
32860861216346,0,96324
32860861219700,1,96324
32860861229620,0,96324
32860861233322,1,96324
32860861243188,0,96324
32860861246726,1,96324
32860861256593,0,96324
32860861260022,1,96324
32860861269834,0,96324
32860861272450,1,96324
32860861282360,0,96324
32860861286094,1,96324
32860861296058,0,96324
32860861306445,1,96324
32860861316789,0,96324
32860861319654,1,96324
32860861329564,0,96324
32860861333070,1,96324
32860861343034,0,96324
32860861346464,1,96324
32860861356449,0,96324
32860861359684,1,96324
32860861369539,0,96324
32860861373414,1,96324
32860861383302,0,96324
32860861387025,1,96324
32860861396869,0,96324
32860861400223,1,96324
32860861410100,0,96324
32860861413769,1,96324
32860861423690,0,96324
32860861427282,1,96324
32860861437344,0,96324
32860861440915,1,96324
32860861450846,0,96324
32860861454265,1,96324
32860861464186,0,96324
32860861467898,1,96324
32860861477905,0,96324
32860861481281,1,96324
32860861491180,0,96324
32860861494762,1,96324
32860861504671,0,96324
32860861507895,1,96324
32860861517826,0,96324
32860861521560,1,96324
32860861531448,0,96324
32860861534900,1,96324
32860861544777,0,96324
32860861547686,1,96324
32860861557606,0,96324
32860861561003,1,96324
32860861570870,0,96324
32860861574441,1,96324
32860861584329,0,96324
32860861587704,1,96324
32860861597581,0,96324
32860861600349,1,96324
32860861610204,0,96324
32860861613439,1,96324
32860861623381,0,96324
32860861626648,1,96324
32860861636601,0,96324
32860861639565,1,96324
32860861649442,0,96324
32860861652676,1,96324
32860861662651,0,96324
32860861666124,1,96324
32860861676023,0,96324
32860861679084,1,96324
32860861689015,0,96324
32860861691957,1,96324
32860861701866,0,96324
32860861705296,1,96324
32860861715152,0,96324
32860861718647,1,96324
32860861728643,0,96324
32860861731845,1,96324
32860861741733,0,96324
32860861744881,1,96324
32860861754758,0,96324
32860861758351,1,96324
32860861768282,0,96324
32860861771733,1,96324
32860861781719,0,96324
32860861785149,1,96324
32860861795124,0,96324
32860861798792,1,96324
32860861808691,0,96324
32860861812360,1,96324
32860861822248,0,96324
32860861825472,1,96324
32860861835403,0,96324
32860861838258,1,96324
32860861848102,0,96324
32860861851499,1,96324
32860861861431,0,96324
32860861864654,1,96324
32860861874608,0,96324
32860861878200,1,96324
32860861888142,0,96324
32860861891724,1,96324
32860861901612,0,96324
32860861904369,1,96324
32860861914214,0,96324
32860861917763,1,96324
32860861927662,0,96324
32860861931027,1,96324
32860861940958,0,96324
32860861944366,1,96324
32860861954330,0,96324
32860861957716,1,96324
32860861967615,0,96324
32860861971262,1,96324
32860861981172,0,96324
32860861984645,1,96324
32860861994577,0,96324
32860861997409,1,96324
32860862007330,0,96324
32860862010467,1,96324
32860862020377,0,96324
32860862023589,1,96324
32860862033477,0,96324
32860862036321,1,96324
32860862046231,0,96324
32860862049682,1,96324
32860862059625,0,96324
32860862063011,1,96324
32860862072921,0,96324
32860862076340,1,96324
32860862086206,0,96324
32860862088995,1,96324
32860862098883,0,96324
32860862102346,1,96324
32860862112223,0,96324
32860862115609,1,96324
32860862125465,0,96324
32860862128764,1,96324
32860862182416,0,96324
32860862188689,1,96324
32860862199011,0,96324
32860862202713,1,96324
32860862212698,0,96324
32860862216541,1,96324
32860862226418,0,96324
32860862229750,1,96324
32860862239660,0,96324
32860862243263,1,96324
32860862253151,0,96324
32860862255908,1,96324
32860862265720,0,96324
32860862268900,1,96324
32860862278723,0,96324
32860862282164,1,96324
32860862292008,0,96324
32860862295395,1,96324
32860862305326,0,96324
32860862309158,1,96324
32860862319046,0,96324
32860862322172,1,96324
32860862332081,0,96324
32860862335848,1,96324
32860862345855,0,96324
32860862349469,1,96324
32860862359412,0,96324
32860862362635,1,96324
32860862372664,0,96324
32860862375899,1,96324
32860862386568,0,96324
32860862390063,1,96324
32860862400201,0,96324
32860862403707,1,96324
32860862413605,0,96324
32860862416862,1,96324
32860862426739,0,96324
32860862429995,1,96324
32860862439872,0,96324
32860862442683,1,96324
32860862452604,0,96324
32860862455947,1,96324
32860862465889,0,96324
32860862469384,1,96324
32860862479337,0,96324
32860862483136,1,96324
32860862493078,0,96324
32860862496020,1,96324
32860862505908,0,96324
32860862509392,1,96324
32860862519367,0,96324
32860862522753,1,96324
32860862533064,0,96324
32860862536353,1,96324
32860862546523,0,96324
32860862550322,1,96324
32860862560275,0,96324
32860862563575,1,96324
32860862573495,0,96324
32860862576839,1,96324
32860862586802,0,96324
32860862590558,1,96324
32860862600511,0,96324
32860862603648,1,96324
32860862613536,0,96324
32860862616575,1,96324
32860862626517,0,96324
32860862630316,1,96324
32860862640247,0,96324
32860862643666,1,96324
32860862653544,0,96324
32860862656778,1,96324
32860862666677,0,96324
32860862670400,1,96324
32860862680429,0,96324
32860862684217,1,96324
32860862694213,0,96324
32860862697763,1,96324
32860862707683,0,96324
32860862711146,1,96324
32860862720990,0,96324
32860862724420,1,96324
32860862734276,0,96324
32860862737673,1,96324
32860862747648,0,96324
32860862750459,1,96324
32860862760303,0,96324
32860862770137,1,96324
32860862780394,0,96324
32860862783715,1,96324
32860862793636,0,96324
32860862796762,1,96324
32860862806693,0,96324
32860862810145,1,96324
32860862820022,0,96324
32860862822974,1,96324
32860862832841,0,96324
32860862836477,1,96324
32860862846365,0,96324
32860862849273,1,96324
32860862859118,0,96324
32860862862667,1,96324
32860862872501,0,96324
32860862875801,1,96324
32860862885678,0,96324
32860862889281,1,96324
32860862899148,0,96324
32860862902881,1,96324
32860862912791,0,96324
32860862916579,1,96324
32860862926597,0,96324
32860862930060,1,96324
32860862939883,0,96324
32860862943128,1,96324
32860862952994,0,96324
32860862956413,1,96324
32860862966269,0,96324
32860862970057,1,96324
32860862979901,0,96324
32860862983309,1,96324
32860862993208,0,96324
32860862996790,1,96324
32860863006754,0,96324
32860863010140,1,96324
32860863020028,0,96324
32860863023675,1,96324
32860863033704,0,96324
32860863037156,1,96324
32860863047055,0,96324
32860863050268,1,96324
32860863060145,0,96324
32860863063575,1,96324
32860863073506,0,96324
32860863077131,1,96324
32860863087030,0,96324
32860863090449,1,96324
32860863100304,0,96324
32860863103745,1,96324
32860863113633,0,96324
32860863116477,1,96324
32860863126376,0,96324
32860863129806,1,96324
32860863139726,0,96324
32860863143601,1,96324
32860863153500,0,96324
32860863156886,1,96324
32860863166850,0,96324
32860863170280,1,96324
32860863180244,0,96324
32860863183782,1,96324
32860863193757,0,96324
32860863197144,1,96324
32860863207021,0,96324
32860863209962,1,96324
32860863250230,0,96324
32860863255506,1,96324
32860863266273,0,96324
32860863269333,1,96324
32860863279221,0,96324
32860863283205,1,96324
32860863293093,0,96324
32860863296371,1,96324
32860863306204,0,96324
32860863308853,1,96324
32860863318871,0,96324
32860863323126,1,96324
32860863333242,0,96324
32860863336975,1,96324
32860863347005,0,96324
32860863350717,1,96324
32860863360659,0,96324
32860863363807,1,96324
32860863373727,0,96324
32860863377461,1,96324
32860863387381,0,96324
32860863390844,1,96324
32860863400732,0,96324
32860863404183,1,96324
32860863414071,0,96324
32860863417599,1,96324
32860863427552,0,96324
32860863430852,1,96324
32860863479510,0,96324
32860863485393,1,96324
32860863496258,0,96324
32860863499243,1,96324
32860863509185,0,96324
32860863514156,1,96324
32860863524163,0,96324
32860863527940,1,96324
32860863537883,0,96324
32860863541606,1,96324
32860863551526,0,96324
32860863554956,1,96324
32860863564877,0,96324
32860863568404,1,96324
32860863578325,0,96324
32860863581613,1,96324
32860863591501,0,96324
32860863595289,1,96324
32860863605264,0,96324
32860863608705,1,96324
32860863619364,0,96324
32860863622663,1,96324
32860863632595,0,96324
32860863635938,1,96324
32860863646140,0,96324
32860863649505,1,96324
32860863659480,0,96324
32860863663018,1,96324
32860863673058,0,96324
32860863676531,1,96324
32860863686495,0,96324
32860863689415,1,96324
32860863699444,0,96324
32860863702961,1,96324
32860863713153,0,96324
32860863716290,1,96324
32860863726351,0,96324
32860863729781,1,96324
32860863739626,0,96324
32860863742947,1,96324
32860863752802,0,96324
32860863756059,1,96324
32860863766033,0,96324
32860863769431,1,96324
32860863779362,0,96324
32860863782868,1,96324
32860863792723,0,96324
32860863795469,1,96324
32860863805325,0,96324
32860863808635,1,96324
32860863818523,0,96324
32860863821877,1,96324
32860863831700,0,96324
32860863835347,1,96324
32860863845213,0,96324
32860863848947,1,96324
32860863858868,0,96324
32860863862102,1,96324
32860863872044,0,96324
32860863875583,1,96324
32860863885775,0,96324
32860863889248,1,96324
32860863899223,0,96324
32860863902338,1,96324
32860863912226,0,96324
32860863915124,1,96324
32860863924968,0,96324
32860863928322,1,96324
32860863938188,0,96324
32860863941673,1,96324
32860863951539,0,96324
32860863954307,1,96324
32860863964140,0,96324
32860863967744,1,96324
32860863977708,0,96324
32860863981279,1,96324
32860863991373,0,96324
32860863994466,1,96324
32860864004495,0,96324
32860864008305,1,96324
32860864018291,0,96324
32860864021243,1,96324
32860864031164,0,96324
32860864034235,1,96324
32860864044134,0,96324
32860864047477,1,96324
32860864057419,0,96324
32860864061164,1,96324
32860864071313,0,96324
32860864074873,1,96324
32860864084880,0,96324
32860864088440,1,96324
32860864098469,0,96324
32860864102246,1,96324
32860864112113,0,96324
32860864115944,1,96324
32860864125832,0,96324
32860864129598,1,96324
32860864139552,0,96324
32860864143101,1,96324
32860864153043,0,96324
32860864156310,1,96324
32860864166220,0,96324
32860864169541,1,96324
32860864179527,0,96324
32860864182826,1,96324
32860864193105,0,96324
32860864196459,1,96324
32860864206336,0,96324
32860864209473,1,96324
32860864219437,0,96324
32860864223181,1,96324
32860864233167,0,96324
32860864236684,1,96324
32860864246615,0,96324
32860864250099,1,96324
32860864259987,0,96324
32860864263276,1,96324
32860864273262,0,96324
32860864276670,1,96324
32860864286710,0,96324
32860864289955,1,96324
32860864326381,0,96324
32860864331982,1,96324
32860864343758,0,96324
32860864347004,1,96324
32860864357076,0,96324
32860864360995,1,96324
32860864371697,0,96324
32860864375116,1,96324
32860864385123,0,96324
32860864388933,1,96324
32860864398853,0,96324
32860864402446,1,96324
32860864412421,0,96324
32860864415373,1,96324
32860864425445,0,96324
32860864428886,1,96324
32860864438839,0,96324
32860864441813,1,96324
32860864451864,0,96324
32860864455196,1,96324
32860864465366,0,96324
32860864469035,1,96324
32860864478956,0,96324
32860864482494,1,96324
32860864492404,0,96324
32860864495692,1,96324
32860864505635,0,96324
32860864510074,1,96324
32860864520136,0,96324
32860864523164,1,96324
32860864533008,0,96324
32860864535863,1,96324
32860864545751,0,96324
32860864549181,1,96324
32860864559210,0,96324
32860864563280,1,96324
32860864573179,0,96324
32860864576522,1,96324
32860864586475,0,96324
32860864589927,1,96324
32860864599782,0,96324
32860864603136,1,96324
32860864613089,0,96324
32860864616302,1,96324
32860864626233,0,96324
32860864629978,1,96324
32860864639953,0,96324
32860864642775,1,96324
32860864652771,0,96324
32860864656494,1,96324
32860864666599,0,96324
32860864670235,1,96324
32860864680123,0,96324
32860864683901,1,96324
32860864693864,0,96324
32860864696882,1,96324
32860864706781,0,96324
32860864710124,1,96324
32860864720109,0,96324
32860864730497,1,96324
32860864740895,0,96324
32860864744585,1,96324
32860864754495,0,96324
32860864757816,1,96324
32860864767791,0,96324
32860864771373,1,96324
32860864781315,0,96324
32860864784061,1,96324
32860864794068,0,96324
32860864797835,1,96324
32860864807712,0,96324
32860864811381,1,96324
32860864821344,0,96324
32860864824742,1,96324
32860864834651,0,96324
32860864837929,1,96324
32860864847926,0,96324
32860864851345,1,96324
32860864861287,0,96324
32860864864999,1,96324
32860864874887,0,96324
32860864878100,1,96324
32860864888096,0,96324
32860864891320,1,96324
32860864901393,0,96324
32860864904801,1,96324
32860864914689,0,96324
32860864917858,1,96324
32860864927790,0,96324
32860864930698,1,96324
32860864940575,0,96324
32860864944146,1,96324
32860864954056,0,96324
32860864957464,1,96324
32860864967385,0,96324
32860864971184,1,96324
32860864981083,0,96324
32860864984740,1,96324
32860864994737,0,96324
32860864998210,1,96324
32860865008315,0,96324
32860865011908,1,96324
32860865021850,0,96324
32860865025269,1,96324
32860865035222,0,96324
32860865039249,1,96324
32860865049148,0,96324
32860865052979,1,96324
32860865062878,0,96324
32860865066221,1,96324
32860865076185,0,96324
32860865080093,1,96324
32860865090057,0,96324
32860865093096,1,96324
32860865103092,0,96324
32860865106294,1,96324
32860865116193,0,96324
32860865119221,1,96324
32860865129109,0,96324
32860865132333,1,96324
32860865142221,0,96324
32860865145662,1,96324
32860865155582,0,96324
32860865159001,1,96324
32860865168878,0,96324
32860865172699,1,96324
32860865182619,0,96324
32860865186017,1,96324
32860865196024,0,96324
32860865199345,1,96324
32860865209212,0,96324
32860865211979,1,96324
32860865221835,0,96324
32860865225232,1,96324
32860865235109,0,96324
32860865238398,1,96324
32860865248329,0,96324
32860865251781,1,96324
32860865261712,0,96324
32860865265468,1,96324
32860865275334,0,96324
32860865278764,1,96324
32860865288608,0,96324
32860865291593,1,96324
32860865301514,0,96324
32860865304889,1,96324
32860865314886,0,96324
32860865317903,1,96324
32860865327770,0,96324
32860865330961,1,96324
32860865340925,0,96324
32860865344973,1,96324
32860865354915,0,96324
32860865358356,1,96324
32860865368201,0,96324
32860865371435,1,96324
32860865406352,0,96324
32860865413190,1,96324
32860865428191,0,96324
32860865431924,1,96324
32860865442062,0,96324
32860865446708,1,96324
32860865456780,0,96324
32860865460221,1,96324
32860865470239,0,96324
32860865474005,1,96324
32860865483915,0,96324
32860865487616,1,96324
32860865497493,0,96324
32860865501205,1,96324
32860865511256,0,96324
32860865514773,1,96324
32860865524900,0,96324
32860865527960,1,96324
32860865537827,0,96324
32860865541571,1,96324
32860865551492,0,96324
32860865555052,1,96324
32860865564907,0,96324
32860865568359,1,96324
32860865578301,0,96324
32860865581720,1,96324
32860865591652,0,96324
32860865595451,1,96324
32860865605404,0,96324
32860865608334,1,96324
32860865618331,0,96324
32860865621587,1,96324
32860865631475,0,96324
32860865634916,1,96324
32860865645021,0,96324
32860865648190,1,96324
32860865658078,0,96324
32860865661464,1,96324
32860865671320,0,96324
32860865674565,1,96324
32860865684453,0,96324
32860865687633,1,96324
32860865697511,0,96324
32860865701277,1,96324
32860865711121,0,96324
32860865714551,1,96324
32860865724667,0,96324
32860865728249,1,96324
32860865738202,0,96324
32860865741979,1,96324
32860865752193,0,96324
32860865755677,1,96324
32860865765630,0,96324
32860865769538,1,96324
32860865779393,0,96324
32860865782736,1,96324
32860865792646,0,96324
32860865795978,1,96324
32860865805953,0,96324
32860865809524,1,96324
32860865819802,0,96324
32860865823102,1,96324
32860865833185,0,96324
32860865836887,1,96324
32860865846731,0,96324
32860865850085,1,96324
32860865859995,0,96324
32860865863609,1,96324
32860865873573,0,96324
32860865877263,1,96324
32860865887130,0,96324
32860865890787,1,96324
32860865900643,0,96324
32860865904192,1,96324
32860865914134,0,96324
32860865917868,1,96324
32860865927756,0,96324
32860865930513,1,96324
32860865940368,0,96324
32860865943657,1,96324
32860865953621,0,96324
32860865957094,1,96324
32860865966939,0,96324
32860865970195,1,96324
32860865980040,0,96324
32860865982807,1,96324
32860865992750,0,96324
32860865996256,1,96324
32860866006252,0,96324
32860866009508,1,96324
32860866019451,0,96324
32860866023076,1,96324
32860866033051,0,96324
32860866036404,1,96324
32860866046347,0,96324
32860866049939,1,96324
32860866059827,0,96324
32860866063203,1,96324
32860866073123,0,96324
32860866076467,1,96324
32860866086376,0,96324
32860866088992,1,96324
32860866098913,0,96324
32860866102201,1,96324
32860866112415,0,96324
32860866115671,1,96324
32860866125613,0,96324
32860866128609,1,96324
32860866138464,0,96324
32860866142079,1,96324
32860866151967,0,96324
32860866155223,1,96324
32860866165241,0,96324
32860866168226,1,96324
32860866178092,0,96324
32860866180795,1,96324
32860866190661,0,96324
32860866194069,1,96324
32860866203936,0,96324
32860866207593,1,96324
32860866217525,0,96324
32860866221150,1,96324
32860866230984,0,96324
32860866233958,1,96324
32860866243846,0,96324
32860866253940,1,96324
32860866264338,0,96324
32860866267714,1,96324
32860866277678,0,96324
32860866281596,1,96324
32860866291516,0,96324
32860866295142,1,96324
32860866305106,0,96324
32860866308644,1,96324
32860866318955,0,96324
32860866322689,1,96324
32860866332686,0,96324
32860866336398,1,96324
32860866346329,0,96324
32860866349672,1,96324
32860866359647,0,96324
32860866363023,1,96324
32860866372965,0,96324
32860866376557,1,96324
32860866386456,0,96324
32860866390147,1,96324
32860866400045,0,96324
32860866402965,1,96324
32860866412875,0,96324
32860866416077,1,96324
32860866426008,0,96324
32860866429894,1,96324
32860866439782,0,96324
32860866443342,1,96324
32860866453284,0,96324
32860866455846,1,96324
32860866503810,0,96324
32860866510137,1,96324
32860866524389,0,96324
32860866528524,1,96324
32860866538455,0,96324
32860866541853,1,96324
32860866551795,0,96324
32860866555105,1,96324
32860866566177,0,96324
32860866571897,1,96324
32860866581839,0,96324
32860866584748,1,96324
32860866595178,0,96324
32860866598858,1,96324
32860866608789,0,96324
32860866613315,1,96324
32860866623312,0,96324
32860866626536,1,96324
32860866636499,0,96324
32860866639962,1,96324
32860866649904,0,96324
32860866653030,1,96324
32860866663189,0,96324
32860866666066,1,96324
32860866676247,0,96324
32860866679970,1,96324
32860866689944,0,96324
32860866693342,1,96324
32860866703241,0,96324
32860866707604,1,96324
32860866717644,0,96324
32860866721291,1,96324
32860866731222,0,96324
32860866733892,1,96324
32860866743824,0,96324
32860866747416,1,96324
32860866757391,0,96324
32860866760647,1,96324
32860866770535,0,96324
32860866773618,1,96324
32860866783473,0,96324
32860866786903,1,96324
32860866796791,0,96324
32860866799407,1,96324
32860866809273,0,96324
32860866812681,1,96324
32860866822700,0,96324
32860866826498,1,96324
32860866836430,0,96324
32860866840196,1,96324
32860866850149,0,96324
32860866853796,1,96324
32860866863728,0,96324
32860866867375,1,96324
32860866877349,0,96324
32860866881485,1,96324
32860866895367,0,96324
32860866901358,1,96324
32860866916804,0,96324
32860866922621,1,96324
32860866937328,0,96324
32860866941562,1,96324
32860866960404,0,96324
32860866965050,1,96324
32860866985998,0,96324
32860866990719,1,96324
32860867004395,0,96324
32860867008563,1,96324
32860867018505,0,96324
32860867021675,1,96324
32860867031563,0,96324
32860867035079,1,96324
32860867045043,0,96324
32860867049255,1,96324
32860867059251,0,96324
32860867062594,1,96324
32860867072526,0,96324
32860867076162,1,96324
32860867086061,0,96324
32860867089382,1,96324
32860867099259,0,96324
32860867102732,1,96324
32860867112609,0,96324
32860867115942,1,96324
32860867125884,0,96324
32860867129726,1,96324
32860867139918,0,96324
32860867142827,1,96324
32860867152802,0,96324
32860867156340,1,96324
32860867166206,0,96324
32860867169940,1,96324
32860867179828,0,96324
32860867183149,1,96324
32860867193016,0,96324
32860867196424,1,96324
32860867206301,0,96324
32860867209275,1,96324
32860867219152,0,96324
32860867222777,1,96324
32860867232654,0,96324
32860867235998,1,96324
32860867245885,0,96324
32860867249554,1,96324
32860867259420,0,96324
32860867263230,1,96324
32860867273086,0,96324
32860867276505,1,96324
32860867286534,0,96324
32860867290615,1,96324
32860867300590,0,96324
32860867303878,1,96324
32860867313734,0,96324
32860867316436,1,96324
32860867326422,0,96324
32860867330134,1,96324
32860867340087,0,96324
32860867343571,1,96324
32860867353514,0,96324
32860867357421,1,96324
32860867367548,0,96324
32860867371010,1,96324
32860867381126,0,96324
32860867384806,1,96324
32860867394683,0,96324
32860867397982,1,96324
32860867407849,0,96324
32860867411137,1,96324
32860867421058,0,96324
32860867424401,1,96324
32860867434289,0,96324
32860867437871,1,96324
32860867447737,0,96324
32860867450494,1,96324
32860867460360,0,96324
32860867463757,1,96324
32860867473678,0,96324
32860867477043,1,96324
32860867486974,0,96324
32860867490371,1,96324
32860867500238,0,96324
32860867504210,1,96324
32860867514218,0,96324
32860867517593,1,96324
32860867527742,0,96324
32860867530803,1,96324
32860867540842,0,96324
32860867544468,1,96324
32860867597077,0,96324
32860867602233,1,96324
32860867612381,0,96324
32860867616310,1,96324
32860867626318,0,96324
32860867631115,1,96324
32860867641926,0,96324
32860867645725,1,96324
32860867655916,0,96324
32860867659205,1,96324
32860867669126,0,96324
32860867672447,1,96324
32860867682346,0,96324
32860867685776,1,96324
32860867695664,0,96324
32860867699864,1,96324
32860867709904,0,96324
32860867713790,1,96324
32860867723732,0,96324
32860867726967,1,96324
32860867736855,0,96324
32860867740230,1,96324
32860867750129,0,96324
32860867753830,1,96324
32860867763848,0,96324
32860867766942,1,96324
32860867776808,0,96324
32860867779478,1,96324
32860867789464,0,96324
32860867793056,1,96324
32860867803107,0,96324
32860867806874,1,96324
32860867816859,0,96324
32860867820539,1,96324
32860867830470,0,96324
32860867834204,1,96324
32860867844450,0,96324
32860867847576,1,96324
32860867971431,0,96323
32860867976738,1,96323
32860867987061,0,96323
32860867991446,1,96323
32860868001464,0,96323
32860868005187,1,96323
32860868015162,0,96323
32860868018407,1,96323
32860868028729,0,96323
32860868032365,1,96323
32860868042275,0,96323
32860868052814,1,96323
32860868063136,0,96323
32860868066533,1,96323
32860868076454,0,96323
32860868079178,1,96323
32860868089153,0,96323
32860868093202,1,96323
32860868103383,0,96323
32860868107290,1,96323
32860868117178,0,96323
32860868121303,1,96323
32860868131277,0,96323
32860868134121,1,96323
32860868144009,0,96323
32860868147493,1,96323
32860868157360,0,96323
32860868161321,1,96323
32860868171220,0,96323
32860868174943,1,96323
32860868184831,0,96323
32860868187360,1,96323
32860868219846,0,96323
32860868223775,1,96323
32860868279347,0,96323
32860868283244,1,96323
32860868293859,0,96323
32860868297919,1,96323
32860868308230,0,96323
32860868312268,1,96323
32860868322221,0,96323
32860868325075,1,96323
32860868335159,0,96323
32860868337861,1,96323
32860868347760,0,96323
32860868351982,1,96323
32860868361935,0,96323
32860868365897,1,96323
32860868375796,0,96323
32860868379378,1,96323
32860868389287,0,96323
32860868392924,1,96323
32860868402833,0,96323
32860868406426,1,96323
32860868416368,0,96323
32860868420069,1,96323
32860868429990,0,96323
32860868433962,1,96323
32860868443992,0,96323
32860868447573,1,96323
32860868457440,0,96323
32860868461021,1,96323
32860868470866,0,96323
32860868474763,1,96323
32860868525700,0,96323
32860868530813,1,96323
32860868541667,0,96323
32860868545617,1,96323
32860868555538,0,96323
32860868559630,1,96323
32860868569561,0,96323
32860868573859,1,96323
32860868583726,0,96323
32860868587459,1,96323
32860868597402,0,96323
32860868600962,1,96323
32860868611154,0,96323
32860868614996,1,96323
32860868624862,0,96323
32860868628119,1,96323
32860868686687,0,96323
32860868692157,1,96323
32860868702555,0,96323
32860868706745,1,96323
32860868716709,0,96323
32860868720030,1,96323
32860868729907,0,96323
32860868734281,1,96323
32860868812441,0,96323
32860868817521,1,96323
32860868828190,0,96323
32860868832521,1,96323
32860868843299,0,96323
32860868846587,1,96323
32860868856508,0,96323
32860868860155,1,96323
32860868870075,0,96323
32860868873147,1,96323
32860868883035,0,96323
32860868886563,1,96323
32860868896581,0,96323
32860868900456,1,96323
32860868910778,0,96323
32860868914685,1,96323
32860868924714,0,96323
32860868928264,1,96323
32860868938184,0,96323
32860868941896,1,96323
32860868951839,0,96323
32860868955605,1,96323
32860868965493,0,96323
32860868968868,1,96323
32860868978778,0,96323
32860868982555,1,96323
32860868992574,0,96323
32860868996329,1,96323
32860869049557,0,96323
32860869053790,1,96323
32860869063938,0,96323
32860869067868,1,96323
32860869077734,0,96323
32860869081283,1,96323
32860869091073,0,96323
32860869094948,1,96323
32860869104847,0,96323
32860869109156,1,96323
32860869119164,0,96323
32860869122767,1,96323
32860869132579,0,96323
32860869136248,1,96323
32860869146092,0,96323
32860869149468,1,96323
32860869159291,0,96323
32860869162938,1,96323
32860869172793,0,96323
32860869176429,1,96323
32860869186317,0,96323
32860869189997,1,96323
32860869238785,0,96323
32860869243442,1,96323
32860869253959,0,96323
32860869257921,1,96323
32860869267787,0,96323
32860869271315,1,96323
32860869281159,0,96323
32860869284513,1,96323
32860869294325,0,96323
32860869298265,1,96323
32860869308218,0,96323
32860869311789,1,96323
32860869321677,0,96323
32860869325454,1,96323
32860869335353,0,96323
32860869338284,1,96323
32860869348139,0,96323
32860869351287,1,96323
32860869361197,0,96323
32860869364702,1,96323
32860869374786,0,96323
32860869378552,1,96323
32860869426136,0,96323
32860869430087,1,96323
32860869440648,0,96323
32860869444197,1,96323
32860869454128,0,96323
32860869458177,1,96323
32860869468173,0,96323
32860869471278,1,96323
32860869481111,0,96323
32860869484813,1,96323
32860869494798,0,96323
32860869498109,1,96323
32860869508214,0,96323
32860869511144,1,96323
32860869520989,0,96323
32860869524050,1,96323
32860869533894,0,96323
32860869537053,1,96323
32860869546897,0,96323
32860869550544,1,96323
32860869560486,0,96323
32860869564090,1,96323
32860869573945,0,96323
32860869577853,1,96323
32860869587687,0,96323
32860869590650,1,96323
32860869661743,0,96323
32860869665716,1,96323
32860869675778,0,96323
32860869680206,1,96323
32860869690496,0,96323
32860869694229,1,96323
32860869704161,0,96323
32860869707406,1,96323
32860869757454,0,96323
32860869764194,1,96323
32860869776546,0,96323
32860869781604,1,96323
32860869792556,0,96323
32860869796213,1,96323
32860869881081,0,96323
32860869886019,1,96323
32860869896363,0,96323
32860869900032,1,96323
32860869909952,0,96323
32860869913556,1,96323
32860869923455,0,96323
32860869927742,1,96323
32860869937717,0,96323
32860869941613,1,96323
32860869951512,0,96323
32860869955354,1,96323
32860869965514,0,96323
32860869969345,1,96323
32860869979363,0,96323
32860869982815,1,96323
32860869992670,0,96323
32860869996524,1,96323
32860870006466,0,96323
32860870010341,1,96323
32860870020359,0,96323
32860870023962,1,96323
32860870034013,0,96323
32860870084115,1,96323
32860870097987,0,96323
32860870101872,1,96323
32860870111869,0,96323
32860870115038,1,96323
32860870124872,0,96323
32860870128703,1,96323
32860870138580,0,96323
32860870142607,1,96323
32860870152658,0,96323
32860870156207,1,96323
32860870166095,0,96323
32860870169254,1,96323
32860870179196,0,96323
32860870182800,1,96323
32860870192959,0,96323
32860870196595,1,96323
32860870206657,0,96323
32860870210597,1,96323
32860870220506,0,96323
32860870223980,1,96323
32860870233868,0,96323
32860870237732,1,96323
32860870247576,0,96323
32860870251191,1,96323
32860870261046,0,96323
32860870270891,1,96323
32860870320135,0,96323
32860870324227,1,96323
32860870334278,0,96323
32860870338196,1,96323
32860870348323,0,96323
32860870351916,1,96323
32860870361771,0,96323
32860870365657,1,96323
32860870375588,0,96323
32860870379072,1,96323
32860870388906,0,96323
32860870392097,1,96323
32860870401996,0,96323
32860870405740,1,96323
32860870415867,0,96323
32860870419308,1,96323
32860870429196,0,96323
32860870433212,1,96323
32860870443208,0,96323
32860870446899,1,96323
32860870456722,0,96323
32860870460662,1,96323
32860870470550,0,96323
32860870474283,1,96323
32860870484193,0,96323
32860870487764,1,96323
32860870537920,0,96322
32860870543022,1,96322
32860870554549,0,96322
32860870558847,1,96322
32860870568811,0,96322
32860870571958,1,96322
32860870581922,0,96322
32860870586101,1,96322
32860870596087,0,96322
32860870600244,1,96322
32860870610436,0,96322
32860870614256,1,96322
32860870624177,0,96322
32860870627780,1,96322
32860870637712,0,96322
32860870640566,1,96322
32860870650443,0,96322
32860870660896,1,96322
32860870671424,0,96322
32860870674908,1,96322
32860870685046,0,96322
32860870688834,1,96322
32860870698689,0,96322
32860870702260,1,96322
32860870712127,0,96322
32860870715763,1,96322
32860870725629,0,96322
32860870729319,1,96322
32860870980915,0,96322
32860870987829,1,96322
32860871008582,0,96322
32860871014562,1,96322
32860871029291,0,96322
32860871037464,1,96322
32860871052366,0,96322
32860871059031,1,96322
32860871074465,0,96322
32860871080109,1,96322
32860871094773,0,96322
32860871099809,1,96322
32860871113811,0,96322
32860871119661,1,96322
32860871134184,0,96322
32860871140338,1,96322
32860871154948,0,96322
32860871160624,1,96322
32860871175006,0,96322
32860871181442,1,96322
32860871293618,0,96322
32860871303072,1,96322
32860871321100,0,96322
32860871327298,1,96322
32860871342428,0,96322
32860871348441,1,96322
32860871363409,0,96322
32860871370877,1,96322
32860871386007,0,96322
32860871393062,1,96322
32860871407053,0,96322
32860871413424,1,96322
32860871426080,0,96322
32860871432658,1,96322
32860871447918,0,96322
32860871453953,1,96322
32860871467358,0,96322
32860871472872,1,96322
32860871487959,0,96322
32860871494059,1,96322
32860871508809,0,96322
32860871512456,1,96322
32860871522409,0,96322
32860871525307,1,96322
32860871535249,0,96322
32860871538886,1,96322
32860871548849,0,96322
32860871553050,1,96322
32860871563231,0,96322
32860871566921,1,96322
32860871576864,0,96322
32860871580098,1,96322
32860871590040,0,96322
32860871593904,1,96322
32860871604118,0,96322
32860871608525,1,96322
32860871618543,0,96322
32860871621864,1,96322
32860871631785,0,96322
32860871636040,1,96322
32860871646025,0,96322
32860871649195,1,96322
32860871659028,0,96322
32860871662556,1,96322
32860871672520,0,96322
32860871676112,1,96322
32860871686109,0,96322
32860871689788,1,96322
32860871699883,0,96322
32860871703432,1,96322
32860871713450,0,96322
32860871717292,1,96322
32860871727246,0,96322
32860871730979,1,96322
32860871740911,0,96322
32860871744883,1,96322
32860871754804,0,96322
32860871758277,1,96322
32860871768187,0,96322
32860871771693,1,96322
32860871781581,0,96322
32860871785162,1,96322
32860871868488,0,96322
32860871872895,1,96322
32860871920371,0,96322
32860871927263,1,96322
32860871939712,0,96322
32860871943935,1,96322
32860871954615,0,96322
32860871958501,1,96322
32860871968443,0,96322
32860871972491,1,96322
32860871982423,0,96322
32860871986645,1,96322
32860871996522,0,96322
32860872000278,1,96322
32860872010220,0,96322
32860872014865,1,96322
32860872024905,0,96322
32860872028780,1,96322
32860872038679,0,96322
32860872042000,1,96322
32860872051888,0,96322
32860872056110,1,96322
32860872066378,0,96322
32860872069450,1,96322
32860872079360,0,96322
32860872156097,1,96322
32860872170479,0,96322
32860872173420,1,96322
32860872183395,0,96322
32860872187313,1,96322
32860872197191,0,96322
32860872201131,1,96322
32860872211105,0,96322
32860872215013,1,96322
32860872224868,0,96322
32860872227647,1,96322
32860872237502,0,96322
32860872240976,1,96322
32860872250831,0,96322
32860872253859,1,96322
32860872263747,0,96322
32860872268078,1,96322
32860872278476,0,96322
32860872282156,1,96322
32860872292076,0,96322
32860872295929,1,96322
32860872305893,0,96322
32860872309866,1,96322
32860872319775,0,96322
32860872323238,1,96322
32860872333126,0,96322
32860872336675,1,96322
32860872393702,0,96322
32860872397175,1,96322
32860872407183,0,96322
32860872412034,1,96322
32860872422194,0,96322
32860872425917,1,96322
32860872435783,0,96322
32860872439310,1,96322
32860872449339,0,96322
32860872453247,1,96322
32860872463178,0,96322
32860872466033,1,96322
32860872475899,0,96322
32860872479839,1,96322
32860872489716,0,96322
32860872493548,1,96322
32860872503457,0,96322
32860872507387,1,96322
32860872517502,0,96322
32860872521475,1,96322
32860872531330,0,96322
32860872534511,1,96322
32860872544377,0,96322
32860872547818,1,96322
32860872557782,0,96322
32860872561613,1,96322
32860872615015,0,96322
32860872618966,1,96322
32860872628930,0,96322
32860872632728,1,96322
32860872642540,0,96322
32860872645655,1,96322
32860872655511,0,96322
32860872659494,1,96322
32860872669361,0,96322
32860872673420,1,96322
32860872683351,0,96322
32860872687422,1,96322
32860872697679,0,96322
32860872701543,1,96322
32860872711387,0,96322
32860872714969,1,96322
32860872724922,0,96322
32860872728732,1,96322
32860872738718,0,96322
32860872742755,1,96322
32860872752622,0,96322
32860872756203,1,96322
32860872766037,0,96322
32860872769966,1,96322
32860872779898,0,96322
32860872825767,1,96322
32860872839453,0,96322
32860872843437,1,96322
32860872853542,0,96322
32860872857276,1,96322
32860872866936,0,96322
32860872870279,1,96322
32860872880210,0,96322
32860872883423,1,96322
32860872893278,0,96322
32860872896741,1,96322
32860872906607,0,96322
32860872910362,1,96322
32860872920359,0,96322
32860872924505,1,96322
32860872934513,0,96322
32860872938008,1,96322
32860872947928,0,96322
32860872951358,1,96322
32860872961376,0,96322
32860873064815,1,96322
32860873146176,0,96322
32860873151234,1,96322
32860873161426,0,96322
32860873164888,1,96322
32860873174809,0,96322
32860873178423,1,96322
32860873188344,0,96322
32860873191589,1,96322
32860873201510,0,96322
32860873204907,1,96322
32860873214784,0,96322
32860873217736,1,96322
32860873227635,0,96322
32860873230674,1,96322
32860873240671,0,96322
32860873246185,1,96322
32860873256919,0,96322
32860873259926,1,96322
32860873269836,0,96322
32860873273298,1,96322
32860873283164,0,96322
32860873287376,1,96322
32860873297318,0,96322
32860873300976,1,96322
32860873310831,0,96322
32860873314511,1,96322
32860873324388,0,96322
32860873374772,1,96322
32860873388437,0,96322
32860873392518,1,96322
32860873402504,0,96322
32860873406010,1,96322
32860873416006,0,96322
32860873420337,1,96322
32860873430800,0,96322
32860873434664,1,96322
32860873444748,0,96322
32860873449013,1,96322
32860873459129,0,96322
32860873463047,1,96322
32860873472892,0,96322
32860873476865,1,96322
32860873486731,0,96322
32860873489954,1,96322
32860873500005,0,96322
32860873504130,1,96322
32860873514181,0,96322
32860873517947,1,96322
32860873649725,0,96322
32860873654295,1,96322
32860873664508,0,96322
32860873667949,1,96322
32860873677815,0,96322
32860873681983,1,96322
32860873691893,0,96322
32860873695431,1,96322
32860873705287,0,96322
32860873709379,1,96322
32860873719245,0,96322
32860873723261,1,96322
32860873733116,0,96322
32860873736785,1,96322
32860873746651,0,96322
32860873751004,1,96322
32860873760935,0,96322
32860873764332,1,96322
32860873774275,0,96322
32860873778356,1,96322
32860873788450,0,96322
32860873792075,1,96322
32860873801952,0,96322
32860873806543,1,96322
32860873816475,0,96322
32860873819688,1,96322
32860873872416,0,96323
32860873876541,1,96323
32860873887916,0,96323
32860873891888,1,96323
32860873901885,0,96323
32860873906140,1,96323
32860873916657,0,96323
32860873920586,1,96323
32860873930670,0,96323
32860873942707,1,96323
32860873952899,0,96323
32860873956665,1,96323
32860873966542,0,96323
32860873969744,1,96323
32860873979632,0,96323
32860873983648,1,96323
32860873993590,0,96323
32860873996987,1,96323
32860874006908,0,96323
32860874010891,1,96323
32860874020779,0,96323
32860874024817,1,96323
32860874034803,0,96323
32860874045103,1,96323
32860874090560,0,96323
32860874094500,1,96323
32860874104561,0,96323
32860874139034,1,96323
32860874157105,0,96323
32860874162315,1,96323
32860874172420,0,96323
32860874175242,1,96323
32860874185130,0,96323
32860874189439,1,96323
32860874199501,0,96323
32860874202931,1,96323
32860874212873,0,96323
32860874216759,1,96323
32860874226669,0,96323
32860874229925,1,96323
32860874239780,0,96323
32860874243405,1,96323
32860874253359,0,96323
32860874257081,1,96323
32860874267523,0,96323
32860874270454,1,96323
32860874291749,0,96323
32860874353042,1,96323
32860874364384,0,96323
32860874367998,1,96323
32860874377886,0,96323
32860874382499,1,96323
32860874392507,0,96323
32860874395893,1,96323
32860874405705,0,96323
32860874409287,1,96323
32860874419131,0,96323
32860874422496,1,96323
32860874432428,0,96323
32860874436389,1,96323
32860874446288,0,96323
32860874449685,1,96323
32860874459552,0,96323
32860874463231,1,96323
32860874473412,0,96323
32860874476473,1,96323
32860874486350,0,96323
32860874489986,1,96323
32860874499842,0,96323
32860874503152,1,96323
32860874513040,0,96323
32860874516600,1,96323
32860874526467,0,96323
32860874529592,1,96323
32860874539459,0,96323
32860874543084,1,96323
32860874553015,0,96323
32860874563294,1,96323
32860874608913,0,96323
32860874612463,1,96323
32860874649529,0,96323
32860874657062,1,96323
32860874672355,0,96323
32860874675665,1,96323
32860874685695,0,96323
32860874688864,1,96323
32860874698719,0,96323
32860874702062,1,96323
32860874711994,0,96323
32860874715771,1,96323
32860874725659,0,96323
32860874728720,1,96323
32860874738575,0,96323
32860874741451,1,96323
32860874751361,0,96323
32860874754975,1,96323
32860874764994,0,96323
32860874768597,1,96323
32860874846627,0,96323
32860874851370,1,96323
32860874861279,0,96323
32860874864970,1,96323
32860874874836,0,96323
32860874877810,1,96323
32860874887655,0,96323
32860874891182,1,96323
32860874901103,0,96323
32860874904435,1,96323
32860874914377,0,96323
32860874917937,1,96323
32860874928205,0,96323
32860874932199,1,96323
32860874942337,0,96323
32860874946472,1,96323
32860874956480,0,96323
32860874959953,1,96323
32860874969863,0,96323
32860874973629,1,96323
32860875023622,0,96323
32860875027356,1,96323
32860875038015,0,96323
32860875042465,1,96323
32860875052418,0,96323
32860875057096,1,96323
32860875067049,0,96323
32860875070826,1,96323
32860875080682,0,96323
32860875083493,1,96323
32860875093403,0,96323
32860875097267,1,96323
32860875107198,0,96323
32860875110726,1,96323
32860875120690,0,96323
32860875124391,1,96323
32860875134485,0,96323
32860875137155,1,96323
32860875147021,0,96323
32860875150354,1,96323
32860875160198,0,96323
32860875163020,1,96323
32860875172832,0,96323
32860875176544,1,96323
32860875226136,0,96323
32860875229414,1,96323
32860875239411,0,96323
32860875243817,1,96323
32860875254118,0,96323
32860875258014,1,96323
32860875267957,0,96323
32860875270789,1,96323
32860875280753,0,96323
32860875283868,1,96323
32860875293637,0,96323
32860875297219,1,96323
32860875306998,0,96323
32860875310320,1,96323
32860875320197,0,96323
32860875323486,1,96323
32860875333298,0,96323
32860875336250,1,96323
32860875346040,0,96323
32860875349600,1,96323
32860875398454,0,96323
32860875403121,1,96323
32860875413476,0,96323
32860875417242,1,96323
32860875427141,0,96323
32860875431450,1,96323
32860875441436,0,96323
32860875445235,1,96323
32860875455318,0,96323
32860875458194,1,96323
32860875468039,0,96323
32860875471675,1,96323
32860875481530,0,96323
32860875484895,1,96323
32860875494729,0,96323
32860875497996,1,96323
32860875507949,0,96323
32860875511661,1,96323
32860875521755,0,96323
32860875525880,1,96323
32860875574440,0,96323
32860875579075,1,96323
32860875589083,0,96323
32860875593305,1,96323
32860875603171,0,96323
32860875606688,1,96323
32860875616587,0,96323
32860875620136,1,96323
32860875630045,0,96323
32860875634127,1,96323
32860875644101,0,96323
32860875648291,1,96323
32860875658483,0,96323
32860875661392,1,96323
32860875671312,0,96323
32860875674894,1,96323
32860875684815,0,96323
32860875688071,1,96323
32860875697959,0,96323
32860875807758,1,96323
32860875823322,0,96323
32860875827512,1,96323
32860875837509,0,96323
32860875840472,1,96323
32860875850370,0,96323
32860875854072,1,96323
32860875864025,0,96323
32860875868877,1,96323
32860875879731,0,96323
32860875883898,1,96323
32860875893797,0,96323
32860875896728,1,96323
32860875906670,0,96323
32860875911077,1,96323
32860875921095,0,96323
32860875924482,1,96323
32860875934402,0,96323
32860875938158,1,96323
32860875948024,0,96323
32860875951302,1,96323
32860875961190,0,96323
32860876011324,1,96323
32860876022992,0,96323
32860876026661,1,96323
32860876036679,0,96323
32860876040391,1,96323
32860876050279,0,96323
32860876053058,1,96323
32860876062978,0,96323
32860876066842,1,96323
32860876076893,0,96323
32860876080725,1,96323
32860876090656,0,96323
32860876093467,1,96323
32860876103442,0,96323
32860876107046,1,96323
32860876117009,0,96323
32860876120906,1,96323
32860876130859,0,96323
32860876135288,1,96323
32860876145404,0,96323
32860876149398,1,96323
32860876206490,0,96323
32860876210875,1,96323
32860876221067,0,96323
32860876224692,1,96323
32860876234504,0,96323
32860876237847,1,96323
32860876247659,0,96323
32860876250535,1,96323
32860876260380,0,96323
32860876264363,1,96323
32860876274349,0,96323
32860876278245,1,96323
32860876288220,0,96323
32860876291683,1,96323
32860876301549,0,96323
32860876305326,1,96323
32860876315333,0,96323
32860876319176,1,96323
32860876368637,0,96322
32860876373381,1,96322
32860876384777,0,96322
32860876388023,1,96322
32860876398019,0,96322
32860876402046,1,96322
32860876411912,0,96322
32860876415885,1,96322
32860876425816,0,96322
32860876429583,1,96322
32860876439514,0,96322
32860876443280,1,96322
32860876453418,0,96322
32860876457575,1,96322
32860876467506,0,96322
32860876471164,1,96322
32860876481139,0,96322
32860876484167,1,96322
32860876494023,0,96322
32860876496910,1,96322
32860876545883,0,96322
32860876548987,1,96322
32860876558875,0,96322
32860876562327,1,96322
32860876572215,0,96322
32860876576535,1,96322
32860876586336,0,96322
32860876590135,1,96322
32860876600034,0,96322
32860876603550,1,96322
32860876613720,0,96322
32860876617400,1,96322
32860876627288,0,96322
32860876631163,1,96322
32860876641094,0,96322
32860876644904,1,96322
32860876654792,0,96322
32860876658319,1,96322
32860876668338,0,96322
32860876714988,1,96322
32860876728176,0,96322
32860876732159,1,96322
32860876768444,0,96322
32860876772883,1,96322
32860876782891,0,96322
32860876787666,1,96322
32860876829150,0,96322
32860876833959,1,96322
32860876908927,0,96323
32860876914712,1,96323
32860876927053,0,96323
32860876931102,1,96323
32860876941011,0,96323
32860876944127,1,96323
32860876954134,0,96323
32860876957499,1,96323
32860876967343,0,96323
32860876970903,1,96323
32860876980802,0,96323
32860876985600,1,96323
32860876995607,0,96323
32860876999297,1,96323
32860877009218,0,96323
32860877012876,1,96323
32860877023002,0,96323
32860877026552,1,96323
32860877036592,0,96323
32860877081592,1,96323
32860877093239,0,96323
32860877096473,1,96323
32860877106415,0,96323
32860877109899,1,96323
32860877119733,0,96323
32860877122599,1,96323
32860877132519,0,96323
32860877136817,1,96323
32860877146803,0,96323
32860877150960,1,96323
32860877160967,0,96323
32860877164853,1,96323
32860877174926,0,96323
32860877178583,1,96323
32860877188461,0,96323
32860877191608,1,96323
32860877201475,0,96323
32860877205599,1,96323
32860877256819,0,96322
32860877260933,1,96322
32860877271233,0,96322
32860877275694,1,96322
32860877285647,0,96322
32860877289359,1,96322
32860877299226,0,96322
32860877302916,1,96322
32860877312782,0,96322
32860877316787,1,96322
32860877326719,0,96322
32860877330127,1,96322
32860877340036,0,96322
32860877343944,1,96322
32860877354114,0,96322
32860877357761,1,96322
32860877367627,0,96322
32860877371600,1,96322
32860877381455,0,96322
32860877385243,1,96322
32860877430385,0,96323
32860877435063,1,96323
32860877445722,0,96323
32860877449412,1,96323
32860877459311,0,96323
32860877463208,1,96323
32860877473193,0,96323
32860877476840,1,96323
32860877486913,0,96323
32860877490212,1,96323
32860877500089,0,96323
32860877503573,1,96323
32860877513385,0,96323
32860877516750,1,96323
32860877526584,0,96323
32860877530448,1,96323
32860877540401,0,96323
32860877551429,1,96323
32860877561762,0,96323
32860877614197,1,96323
32860877627635,0,96323
32860877631792,1,96323
32860877642114,0,96323
32860877645142,1,96323
32860877655008,0,96323
32860877658753,1,96323
32860877668717,0,96323
32860877672375,1,96323
32860877682273,0,96323
32860877685725,1,96323
32860877695591,0,96323
32860877698826,1,96323
32860877708670,0,96323
32860877712361,1,96323
32860877722249,0,96323
32860877725060,1,96323
32860877734991,0,96323
32860877782803,1,96323
32860877796729,0,96323
32860877800777,1,96323
32860877810698,0,96323
32860877813704,1,96323
32860877823560,0,96323
32860877826219,1,96323
32860877836161,0,96323
32860877839928,1,96323
32860877849870,0,96323
32860877853094,1,96323
32860877862971,0,96323
32860877866368,1,96323
32860877907656,0,96323
32860877984796,1,96323
32860877999622,0,96323
32860878003627,1,96323
32860878013559,0,96323
32860878017130,1,96323
32860878027799,0,96323
32860878031945,1,96323
32860878041855,0,96323
32860878045426,1,96323
32860878055238,0,96323
32860878059080,1,96323
32860878069023,0,96323
32860878074406,1,96323
32860878084522,0,96323
32860878088017,1,96323
32860878098263,0,96323
32860878101563,1,96323
32860878152729,0,96322
32860878164147,1,96322
32860878176065,0,96322
32860878180135,1,96322
32860878190012,0,96322
32860878193181,1,96322
32860878203080,0,96322
32860878207205,1,96322
32860878217201,0,96322
32860878221272,1,96322
32860878231811,0,96322
32860878235013,1,96322
32860878244922,0,96322
32860878248222,1,96322
32860878258143,0,96322
32860878262310,1,96322
32860878272285,0,96322
32860878276084,1,96322
32860878286026,0,96322
32860878330539,1,96322
32860878342033,0,96322
32860878345658,1,96322
32860878355655,0,96322
32860878359801,1,96322
32860878370145,0,96322
32860878373282,1,96322
32860878383159,0,96322
32860878386741,1,96322
32860878396683,0,96322
32860878399516,1,96322
32860878409534,0,96322
32860878413430,1,96322
32860878423709,0,96322
32860878427866,1,96322
32860878437917,0,96322
32860878440913,1,96322
32860878450866,0,96322
32860878455305,1,96322
32860878465215,0,96322
32860878468623,1,96322
32860878566938,0,96322
32860878574786,1,96322
32860878587279,0,96322
32860878591316,1,96322
32860878601476,0,96322
32860878605427,1,96322
32860878615445,0,96322
32860878619233,1,96322
32860878629175,0,96322
32860878634732,1,96322
32860878644816,0,96322
32860878649168,1,96322
32860878659176,0,96322
32860878662996,1,96322
32860878673036,0,96322
32860878676944,1,96322
32860878687125,0,96322
32860878690934,1,96322
32860878700953,0,96322
32860878769105,1,96322
32860878783378,0,96322
32860878787101,1,96322
32860878797141,0,96322
32860878801146,1,96322
32860878811164,0,96322
32860878814529,1,96322
32860878824493,0,96322
32860878828454,1,96322
32860878838885,0,96322
32860878842988,1,96322
32860878853071,0,96322
32860878856392,1,96322
32860878866324,0,96322
32860878870307,1,96322
32860878880152,0,96322
32860878884048,1,96322
32860878894002,0,96322
32860878897149,1,96322
32860878953590,0,96322
32860878986673,1,96322
32860879002444,0,96322
32860879006470,1,96322
32860879017433,0,96322
32860879021232,1,96322
32860879031402,0,96322
32860879034778,1,96322
32860879044731,0,96322
32860879047933,1,96322
32860879057810,0,96322
32860879060936,1,96322
32860879070856,0,96322
32860879074785,1,96322
32860879148310,0,96323
32860879154291,1,96323
32860879166664,0,96323
32860879169997,1,96323
32860879179939,0,96323
32860879183694,1,96323
32860879193582,0,96323
32860879198282,1,96323
32860879208376,0,96323
32860879212403,1,96323
32860879222454,0,96323
32860879225319,1,96323
32860879235207,0,96323
32860879238594,1,96323
32860879248438,0,96323
32860879251847,1,96323
32860879261735,0,96323
32860879265403,1,96323
32860879275280,0,96323
32860879277842,1,96323
32860879328237,0,96323
32860879332416,1,96323
32860879342792,0,96323
32860879346700,1,96323
32860879356587,0,96323
32860879360972,1,96323
32860879371219,0,96323
32860879375245,1,96323
32860879385090,0,96323
32860879388574,1,96323
32860879398408,0,96323
32860879402261,1,96323
32860879412138,0,96323
32860879415861,1,96323
32860879425771,0,96323
32860879428701,1,96323
32860879438503,0,96323
32860879441205,1,96323
32860879451082,0,96323
32860879455022,1,96323
32860879464975,0,96323
32860879468514,1,96323
32860879517758,0,96323
32860879521470,1,96323
32860879531543,0,96323
32860879535700,1,96323
32860879545783,0,96323
32860879549767,1,96323
32860879559698,0,96323
32860879562813,1,96323
32860879572636,0,96323
32860879576153,1,96323
32860879585965,0,96323
32860879588971,1,96323
32860879598783,0,96323
32860879602333,1,96323
32860879612134,0,96323
32860879615574,1,96323
32860879625517,0,96323
32860879629576,1,96323
32860879639562,0,96323
32860879643024,1,96323
32860879693028,0,96322
32860879697262,1,96322
32860879707605,0,96322
32860879711817,1,96322
32860879721824,0,96322
32860879725514,1,96322
32860879735348,0,96322
32860879738659,1,96322
32860879748471,0,96322
32860879751054,1,96322
32860879760974,0,96322
32860879765642,1,96322
32860879775866,0,96322
32860879779730,1,96322
32860879789596,0,96322
32860879793330,1,96322
32860879803153,0,96322
32860879806160,1,96322
32860879816004,0,96322
32860879820096,1,96322
32860879866681,0,96323
32860879871207,1,96323
32860879881834,0,96323
32860879885578,1,96323
32860879895434,0,96323
32860879898429,1,96323
32860879908263,0,96323
32860879911508,1,96323
32860879921353,0,96323
32860879925195,1,96323
32860879935203,0,96323
32860879938719,1,96323
32860879948607,0,96323
32860879952493,1,96323
32860879962685,0,96323
32860879965550,1,96323
32860879975395,0,96323
32860879979422,1,96323
32860879989266,0,96323
32860879992924,1,96323
32860880002921,0,96323
32860880006643,1,96323
32860880016846,0,96323
32860880019343,1,96323
32860880145423,0,96323
32860880151240,1,96323
32860880161497,0,96323
32860880164721,1,96323
32860880174631,0,96323
32860880178603,1,96323
32860880188480,0,96323
32860880191964,1,96323
32860880201863,0,96323
32860880205337,1,96323
32860880215398,0,96323
32860880219219,1,96323
32860880229128,0,96323
32860880232385,1,96323
32860880242359,0,96323
32860880246375,1,96323
32860880256708,0,96323
32860880260355,1,96323
32860880270526,0,96323
32860880273163,1,96323
32860880283084,0,96323
32860880287783,1,96323
32860880297856,0,96323
32860880301557,1,96323
32860880365845,0,96323
32860880370198,1,96323
32860880380173,0,96323
32860880384948,1,96323
32860880394956,0,96323
32860880398223,1,96323
32860880408078,0,96323
32860880412007,1,96323
32860880421884,0,96323
32860880425846,1,96323
32860880435962,0,96323
32860880439110,1,96323
32860880448900,0,96323
32860880452189,1,96323
32860880462001,0,96323
32860880465550,1,96323
32860880475481,0,96323
32860880479150,1,96323
32860880489201,0,96323
32860880492110,1,96323
32860880501976,0,96323
32860880504396,1,96323
32860880514263,0,96323
32860880517844,1,96323
32860880573004,0,96323
32860880577357,1,96323
32860880587256,0,96323
32860880591185,1,96323
32860880601062,0,96323
32860880605013,1,96323
32860880615216,0,96323
32860880619047,1,96323
32860880628924,0,96323
32860880632766,1,96323
32860880642568,0,96323
32860880645574,1,96323
32860880655473,0,96323
32860880658968,1,96323
32860880668780,0,96323
32860880672807,1,96323
32860880682716,0,96323
32860880686581,1,96323
32860880696512,0,96323
32860880699942,1,96323
32860880709841,0,96323
32860880714009,1,96323
32860880757620,0,96322
32860880823731,1,96322
32860880841087,0,96322
32860880846959,1,96322
32860880857064,0,96322
32860880861384,1,96322
32860880871402,0,96322
32860880875082,1,96322
32860880885784,0,96322
32860880889659,1,96322
32860880899503,0,96322
32860880903280,1,96322
32860880981874,0,96322
32860880985369,1,96322
32860880995322,0,96322
32860881000272,1,96322
32860881010322,0,96322
32860881013405,1,96322
32860881023369,0,96322
32860881027569,1,96322
32860881037902,0,96322
32860881042179,1,96322
32860881052023,0,96322
32860881055062,1,96322
32860881064874,0,96322
32860881068326,1,96322
32860881078203,0,96322
32860881082241,1,96322
32860881092161,0,96322
32860881095721,1,96322
32860881105696,0,96322
32860881109528,1,96322
32860881216917,0,96322
32860881222192,1,96322
32860881232373,0,96322
32860881237247,1,96322
32860881247330,0,96322
32860881250727,1,96322
32860881260659,0,96322
32860881265152,1,96322
32860881275876,0,96322
32860881279772,1,96322
32860881289650,0,96322
32860881292862,1,96322
32860881302718,0,96322
32860881306180,1,96322
32860881316047,0,96322
32860881320138,1,96322
32860881330026,0,96322
32860881332718,1,96322
32860881386804,0,96322
32860881391677,1,96322
32860881402531,0,96322
32860881406037,1,96322
32860881416066,0,96322
32860881420353,1,96322
32860881430491,0,96322
32860881432998,1,96322
32860881442875,0,96322
32860881447174,1,96322
32860881457148,0,96322
32860881460209,1,96322
32860881470162,0,96322
32860881473766,1,96322
32860881483708,0,96322
32860881487018,1,96322
32860881496874,0,96322
32860881500412,1,96322
32860881510300,0,96322
32860881514295,1,96322
32860881561933,0,96322
32860881566611,1,96322
32860881577530,0,96322
32860881581361,1,96322
32860881591347,0,96322
32860881596188,1,96322
32860881606130,0,96322
32860881609517,1,96322
32860881619470,0,96322
32860881623703,1,96322
32860881633732,0,96322
32860881637704,1,96322
32860881647766,0,96322
32860881651152,1,96322
32860881661040,0,96322
32860881665100,1,96322
32860881675064,0,96322
32860881679199,1,96322
32860881689369,0,96322
32860881693461,1,96322
32860881703480,0,96322
32860881707278,1,96322
32860881769190,0,96322
32860881773043,1,96322
32860881783039,0,96322
32860881786882,1,96322
32860881796889,0,96322
32860881800937,1,96322
32860881811129,0,96322
32860881814852,1,96322
32860881824881,0,96322
32860881828734,1,96322
32860881838796,0,96322
32860881842183,1,96322
32860881852092,0,96322
32860881855967,1,96322
32860881865855,0,96322
32860881870305,1,96322
32860881880334,0,96322
32860881883862,1,96322
32860881893956,0,96322
32860881897972,1,96322
32860881908034,0,96322
32860881911778,1,96322
32860881966461,0,96322
32860881970336,1,96322
32860881980289,0,96322
32860881984174,1,96322
32860881994279,0,96322
32860881997633,1,96322
32860882007500,0,96322
32860882010995,1,96322
32860882020861,0,96322
32860882024421,1,96322
32860882034309,0,96322
32860882038336,1,96322
32860882048452,0,96322
32860882052055,1,96322
32860882062084,0,96322
32860882065927,1,96322
32860882075793,0,96322
32860882079679,1,96322
32860882089599,0,96322
32860882093561,1,96322
32860882145845,0,96322
32860882149491,1,96322
32860882159445,0,96322
32860882163265,1,96322
32860882173414,0,96322
32860882176322,1,96322
32860882186232,0,96322
32860882189543,1,96322
32860882199452,0,96322
32860882245082,1,96322
32860882261103,0,96322
32860882339035,1,96322
32860882353394,0,96322
32860882356347,1,96322
32860882366256,0,96322
32860882369860,1,96322
32860882379748,0,96322
32860882385218,1,96322
32860882395247,0,96322
32860882398471,1,96322
32860882408533,0,96322
32860882412397,1,96322
32860882423055,0,96322
32860882427136,1,96322
32860882437057,0,96322
32860882441084,1,96322
32860882451026,0,96322
32860882549656,1,96322
32860882569313,0,96322
32860882574501,1,96322
32860882584606,0,96322
32860882588600,1,96322
32860882598586,0,96322
32860882602070,1,96322
32860882611980,0,96322
32860882615182,1,96322
32860882625178,0,96322
32860882629172,1,96322
32860882639820,0,96322
32860882643055,1,96322
32860882653051,0,96322
32860882656307,1,96322
32860882729908,0,96322
32860882734250,1,96322
32860882744246,0,96322
32860882747904,1,96322
32860882757770,0,96322
32860882761124,1,96322
32860882770980,0,96322
32860882776092,1,96322
32860882786110,0,96322
32860882789953,1,96322
32860882799916,0,96322
32860882803162,1,96322
32860882813017,0,96322
32860882815720,1,96322
32860882825630,0,96322
32860882829939,1,96322
32860882840120,0,96322
32860882887997,1,96322
32860882901423,0,96322
32860882905992,1,96322
32860882916271,0,96322
32860882920255,1,96322
32860882930132,0,96322
32860882934256,1,96322
32860882944199,0,96322
32860882947444,1,96322
32860882957375,0,96322
32860882961478,1,96322
32860882971464,0,96322
32860882975089,1,96322
32860882984977,0,96322
32860882988852,1,96322
32860882998816,0,96322
32860883002213,1,96322
32860883048473,0,96323
32860883053726,1,96323
32860883065188,0,96323
32860883070094,1,96323
32860883080156,0,96323
32860883083509,1,96323
32860883093387,0,96323
32860883096730,1,96323
32860883106552,0,96323
32860883110330,1,96323
32860883120250,0,96323
32860883123344,1,96323
32860883133210,0,96323
32860883136922,1,96323
32860883146745,0,96323
32860883150023,1,96323
32860883159997,0,96323
32860883163579,1,96323
32860883211836,0,96323
32860883216340,1,96323
32860883226717,0,96323
32860883230277,1,96323
32860883240111,0,96323
32860883243834,1,96323
32860883253852,0,96323
32860883257879,1,96323
32860883267919,0,96323
32860883271164,1,96323
32860883281074,0,96323
32860883285318,1,96323
32860883328115,0,96323
32860883401694,1,96323
32860883414100,0,96323
32860883417541,1,96323
32860883427581,0,96323
32860883431922,1,96323
32860883441919,0,96323
32860883445294,1,96323
32860883455139,0,96323
32860883458297,1,96323
32860883468099,0,96323
32860883472049,1,96323
32860883481905,0,96323
32860883485801,1,96323
32860883495863,0,96323
32860883499640,1,96323
32860883509789,0,96323
32860883512481,1,96323
32860883563397,0,96323
32860883568672,1,96323
32860883579254,0,96323
32860883583303,1,96323
32860883593690,0,96323
32860883597717,1,96323
32860883607648,0,96323
32860883610709,1,96323
32860883620771,0,96323
32860883624418,1,96323
32860883634230,0,96323
32860883638181,1,96323
32860883648188,0,96323
32860883651976,1,96323
32860883661810,0,96323
32860883665587,1,96323
32860883675518,0,96323
32860883679339,1,96323
32860883727965,0,96323
32860883732773,1,96323
32860883743497,0,96323
32860883747762,1,96323
32860883757748,0,96323
32860883761395,1,96323
32860883771294,0,96323
32860883775136,1,96323
32860883785154,0,96323
32860883788856,1,96323
32860883798765,0,96323
32860883802184,1,96323
32860883812061,0,96323
32860883816088,1,96323
32860883825965,0,96323
32860883829884,1,96323
32860883839750,0,96323
32860883843115,1,96323
32860883890264,0,96323
32860883895192,1,96323
32860883906035,0,96323
32860883908770,1,96323
32860883918767,0,96323
32860883922653,1,96323
32860883932627,0,96323
32860883936589,1,96323
32860883946542,0,96323
32860883956832,1,96323
32860883967219,0,96323
32860883970530,1,96323
32860883980407,0,96323
32860883984227,1,96323
32860883994180,0,96323
32860883997567,1,96323
32860884007520,0,96323
32860884010288,1,96323
32860884093668,0,96323
32860884097152,1,96323
32860884107116,0,96323
32860884111186,1,96323
32860884121042,0,96323
32860884125101,1,96323
32860884135065,0,96323
32860884138072,1,96323
32860884147927,0,96323
32860884150489,1,96323
32860884160333,0,96323
32860884163774,1,96323
32860884173586,0,96323
32860884177645,1,96323
32860884187457,0,96323
32860884191213,1,96323
32860884201177,0,96323
32860884210913,1,96323
32860884253645,0,96323
32860884258193,1,96323
32860884268168,0,96323
32860884270805,1,96323
32860884280606,0,96323
32860884283786,1,96323
32860884293653,0,96323
32860884297875,1,96323
32860884307806,0,96323
32860884310715,1,96323
32860884320527,0,96323
32860884323664,1,96323
32860884333498,0,96323
32860884337210,1,96323
32860884347098,0,96323
32860884350636,1,96323
32860884360557,0,96323
32860884364149,1,96323
32860884480623,0,96323
32860884486344,1,96323
32860884496579,0,96323
32860884501604,1,96323
32860884511818,0,96323
32860884515877,1,96323
32860884526189,0,96323
32860884529825,1,96323
32860884539832,0,96323
32860884543164,1,96323
32860884553041,0,96323
32860884556601,1,96323
32860884566478,0,96323
32860884569865,1,96323
32860884623147,0,96322
32860884629019,1,96322
32860884640926,0,96322
32860884644584,1,96322
32860884654537,0,96322
32860884658618,1,96322
32860884668625,0,96322
32860884672305,1,96322
32860884682160,0,96322
32860884685406,1,96322
32860884695250,0,96322
32860884697790,1,96322
32860884707743,0,96322
32860884711976,1,96322
32860884721929,0,96322
32860884725869,1,96322
32860884736105,0,96322
32860884738579,1,96322
32860884787097,0,96322
32860884792089,1,96322
32860884802770,0,96322
32860884806514,1,96322
32860884816446,0,96322
32860884820223,1,96322
32860884830100,0,96322
32860884833432,1,96322
32860884843342,0,96322
32860884847564,1,96322
32860884857517,0,96322
32860884860437,1,96322
32860884870358,0,96322
32860884874015,1,96322
32860884884196,0,96322
32860884888082,1,96322
32860884897894,0,96322
32860884901704,1,96322
32860884947106,0,96323
32860884951958,1,96323
32860884962540,0,96323
32860884966491,1,96323
32860884976434,0,96323
32860884980308,1,96323
32860884990261,0,96323
32860884993507,1,96323
32860885003406,0,96323
32860885007139,1,96323
32860885017244,0,96323
32860885020935,1,96323
32860885030779,0,96323
32860885034546,1,96323
32860885044423,0,96323
32860885047495,1,96323
32860885057317,0,96323
32860885060248,1,96323
32860885076084,0,96323
32860885121519,1,96323
32860885145343,0,96323
32860885152496,1,96323
32860885163231,0,96323
32860885166617,1,96323
32860885176787,0,96323
32860885180054,1,96323
32860885190007,0,96323
32860885192981,1,96323
32860885202891,0,96323
32860885205811,1,96323
32860885215666,0,96323
32860885219085,1,96323
32860885228951,0,96323
32860885231958,1,96323
32860885242063,0,96323
32860885244722,1,96323
32860885254545,0,96323
32860885257161,1,96323
32860885267016,0,96323
32860885312440,1,96323
32860885325780,0,96323
32860885328732,1,96323
32860885338609,0,96323
32860885341214,1,96323
32860885351146,0,96323
32860885355064,1,96323
32860885365202,0,96323
32860885369435,1,96323
32860885379464,0,96323
32860885382970,1,96323
32860885392923,0,96323
32860885396494,1,96323
32860885406447,0,96323
32860885409714,1,96323
32860885419547,0,96323
32860885422076,1,96323
32860885528109,0,96322
32860885534947,1,96322
32860885550924,0,96322
32860885555168,1,96322
32860885565089,0,96322
32860885568508,1,96322
32860885578341,0,96322
32860885581966,1,96322
32860885592104,0,96322
32860885598215,1,96322
32860885609253,0,96322
32860885613259,1,96322
32860885623201,0,96322
32860885627336,1,96322
32860885637213,0,96322
32860885640990,1,96322
32860885650911,0,96322
32860885654015,1,96322
32860885663860,0,96322
32860885667235,1,96322
32860885677188,0,96322
32860885681063,1,96322
32860885691016,0,96322
32860885694783,1,96322
32860885763391,0,96322
32860885768503,1,96322
32860885779227,0,96322
32860885783547,1,96322
32860885793608,0,96322
32860885796626,1,96322
32860885806481,0,96322
32860885809173,1,96322
32860885819072,0,96322
32860885822979,1,96322
32860885832889,0,96322
32860885836492,1,96322
32860885846348,0,96322
32860885848920,1,96322
32860885858830,0,96322
32860885862357,1,96322
32860885872473,0,96322
32860885875914,1,96322
32860885885769,0,96322
32860885889818,1,96322
32860885899684,0,96322
32860885947876,1,96322
32860885961650,0,96322
32860885966306,1,96322
32860885976856,0,96322
32860885981013,1,96322
32860885991021,0,96322
32860885994787,1,96322
32860886004675,0,96322
32860886008713,1,96322
32860886018590,0,96322
32860886021868,1,96322
32860886031799,0,96322
32860886035576,1,96322
32860886045670,0,96322
32860886049285,1,96322
32860886059390,0,96322
32860886062234,1,96322
32860886111185,0,96323
32860886116514,1,96323
32860886128020,0,96323
32860886131091,1,96323
32860886141066,0,96323
32860886145321,1,96323
32860886155600,0,96323
32860886158118,1,96323
32860886167984,0,96323
32860886171577,1,96323
32860886181541,0,96323
32860886184373,1,96323
32860886194294,0,96323
32860886197756,1,96323
32860886207742,0,96323
32860886210955,1,96323
32860886220875,0,96323
32860886224555,1,96323
32860886234541,0,96323
32860886277805,1,96323
32860886289049,0,96323
32860886292881,1,96323
32860886302856,0,96323
32860886305786,1,96323
32860886315652,0,96323
32860886319527,1,96323
32860886329339,0,96323
32860886332867,1,96323
32860886342820,0,96323
32860886346326,1,96323
32860886356235,0,96323
32860886359578,1,96323
32860886369434,0,96323
32860886373298,1,96323
32860886383229,0,96323
32860886387104,1,96323
32860886397112,0,96323
32860886400856,1,96323
32860886410918,0,96323
32860886413664,1,96323
32860886423519,0,96323
32860886426841,1,96323
32860886436750,0,96323
32860886440158,1,96323
32860886450068,0,96323
32860886453932,1,96323
32860886463820,0,96323
32860886467000,1,96323
32860886476845,0,96323
32860886479580,1,96323
32860886489479,0,96323
32860886493506,1,96323
32860886503481,0,96323
32860886506910,1,96323
32860886516896,0,96323
32860886520120,1,96323
32860886529997,0,96323
32860886533883,1,96323
32860886722188,0,96322
32860886728473,1,96322
32860886751570,0,96322
32860886758430,1,96322
32860886769913,0,96322
32860886778955,1,96322
32860886788843,0,96322
32860886792739,1,96322
32860886802768,0,96322
32860886807718,1,96322
32860886817790,0,96322
32860886822023,1,96322
32860886831966,0,96322
32860886835569,1,96322
32860886845457,0,96322
32860886848724,1,96322
32860886858580,0,96322
32860886862064,1,96322
32860886871973,0,96322
32860886874915,1,96322
32860886884868,0,96322
32860886888721,1,96322
32860886899456,0,96322
32860886902853,1,96322
32860886912741,0,96322
32860886915281,1,96322
32860886925136,0,96322
32860886929565,1,96322
32860886939507,0,96322
32860886942741,1,96322
32860886952597,0,96322
32860886956092,1,96322
32860886965980,0,96322
32860886969323,1,96322
32860886979200,0,96322
32860886982152,1,96322
32860886991975,0,96322
32860886995481,1,96322
32860887005412,0,96322
32860887009417,1,96322
32860887019349,0,96322
32860887022909,1,96322
32860887032764,0,96322
32860887036726,1,96322
32860887046603,0,96322
32860887049697,1,96322
32860887059563,0,96322
32860887063774,1,96322
32860887140740,0,96323
32860887144897,1,96323
32860887155621,0,96323
32860887159029,1,96323
32860887169025,0,96323
32860887172379,1,96323
32860887182278,0,96323
32860887186240,1,96323
32860887196139,0,96323
32860887199134,1,96323
32860887209000,0,96323
32860887212865,1,96323
32860887222742,0,96323
32860887226063,1,96323
32860887235962,0,96323
32860887240021,1,96323
32860887250343,0,96323
32860887252927,1,96323
32860887262891,0,96323
32860887267026,1,96323
32860887276990,0,96323
32860887279931,1,96323
32860887289819,0,96323
32860887292478,1,96323
32860887302366,0,96323
32860887306046,1,96323
32860887389850,0,96323
32860887394897,1,96323
32860887405099,0,96323
32860887408963,1,96323
32860887419231,0,96323
32860887423258,1,96323
32860887433255,0,96323
32860887437792,1,96323
32860887447810,0,96323
32860887450632,1,96323
32860887460542,0,96323
32860887464525,1,96323
32860887474565,0,96323
32860887477875,1,96323
32860887487883,0,96323
32860887491410,1,96323
32860887546950,0,96323
32860887550901,1,96323
32860887560995,0,96323
32860887565510,1,96323
32860887575746,0,96323
32860887580098,1,96323
32860887590116,0,96323
32860887593308,1,96323
32860887603174,0,96323
32860887606745,1,96323
32860887616817,0,96323
32860887621072,1,96323
32860887825767,0,96323
32860887831563,1,96323
32860887841907,0,96323
32860887847334,1,96323
32860887857450,0,96323
32860887860500,1,96323
32860887870497,0,96323
32860887874447,1,96323
32860887885236,0,96323
32860887888015,1,96323
32860887898044,0,96323
32860887902038,1,96323
32860887912035,0,96323
32860887915139,1,96323
32860887925114,0,96323
32860887929076,1,96323
32860887939072,0,96323
32860887943794,1,96323
32860887953920,0,96323
32860887957643,1,96323
32860887967596,0,96323
32860887978244,1,96323
32860888048209,0,96323
32860888060333,1,96323
32860888071111,0,96323
32860888074975,1,96323
32860888084917,0,96323
32860888088336,1,96323
32860888098224,0,96323
32860888102425,1,96323
32860888112367,0,96323
32860888116220,1,96323
32860888126119,0,96323
32860888129321,1,96323
32860888139230,0,96323
32860888142107,1,96323
32860888152016,0,96323
32860888155870,1,96323
32860888165855,0,96323
32860888169622,1,96323
32860888179586,0,96323
32860888231793,1,96323
32860888245534,0,96323
32860888248791,1,96323
32860888259015,0,96323
32860888262206,1,96323
32860888272170,0,96323
32860888275524,1,96323
32860888285390,0,96323
32860888288353,1,96323
32860888298306,0,96323
32860888302952,1,96323
32860888312938,0,96323
32860888316769,1,96323
32860888326668,0,96323
32860888330488,1,96323
32860888340344,0,96323
32860888344165,1,96323
32860888354150,0,96323
32860888358079,1,96323
32860888368184,0,96323
32860888371940,1,96323
32860888426199,0,96323
32860888431083,1,96323
32860888441069,0,96323
32860888445204,1,96323
32860888455222,0,96323
32860888459466,1,96323
32860888469485,0,96323
32860888472328,1,96323
32860888482260,0,96323
32860888486232,1,96323
32860888496468,0,96323
32860888500473,1,96323
32860888510393,0,96323
32860888514366,1,96323
32860888524341,0,96323
32860888528313,1,96323
32860888576516,0,96325
32860888583006,1,96325
32860888596259,0,96325
32860888599950,1,96325
32860888609913,0,96325
32860888613300,1,96325
32860888623210,0,96325
32860888627226,1,96325
32860888637190,0,96325
32860888640836,1,96325
32860888650692,0,96325
32860888654285,1,96325
32860888664162,0,96325
32860888667429,1,96325
32860888677328,0,96325
32860888680964,1,96325
32860888691145,0,96325
32860888694097,1,96325
32860888703996,0,96325
32860888848376,1,96325
32860888867251,0,96325
32860888870778,1,96325
32860888880851,0,96325
32860888885181,1,96325
32860888895178,0,96325
32860888898369,1,96325
32860888908344,0,96325
32860888912360,1,96325
32860888922378,0,96325
32860888925699,1,96325
32860888935663,0,96325
32860888939408,1,96325
32860888950110,0,96325
32860888953540,1,96325
32860888963471,0,96325
32860888967650,1,96325
32860888977690,0,96325
32860888981489,1,96325
32860888991485,0,96325
32860888994839,1,96325
32860889046482,0,96321
32860889052018,1,96321
32860889066519,0,96321
32860889069417,1,96321
32860889079565,0,96321
32860889083538,1,96321
32860889093437,0,96321
32860889097236,1,96321
32860889107048,0,96321
32860889110391,1,96321
32860889120246,0,96321
32860889123709,1,96321
32860889133499,0,96321
32860889137309,1,96321
32860889147164,0,96321
32860889151028,1,96321
32860889161068,0,96321
32860889164769,1,96321
32860889174744,0,96321
32860889183796,1,96321
32860889227929,0,96321
32860889231250,1,96321
32860889241160,0,96321
32860889252578,1,96321
32860889262867,0,96321
32860889265863,1,96321
32860889275762,0,96321
32860889280038,1,96321
32860889290057,0,96321
32860889293031,1,96321
32860889302919,0,96321
32860889307239,1,96321
32860889317127,0,96321
32860889320849,1,96321
32860889330737,0,96321
32860889334645,1,96321
32860889344587,0,96321
32860889348614,1,96321
32860889399693,0,96321
32860889403622,1,96321
32860889413879,0,96321
32860889418014,1,96321
32860889428000,0,96321
32860889431810,1,96321
32860889441676,0,96321
32860889445757,1,96321
32860889455721,0,96321
32860889458956,1,96321
32860889468789,0,96321
32860889472404,1,96321
32860889482216,0,96321
32860889485201,1,96321
32860889495078,0,96321
32860889498616,1,96321
32860889508461,0,96321
32860889512531,1,96321
32860889522484,0,96321
32860889526457,1,96321
32860889536681,0,96321
32860889546048,1,96321
32860889595455,0,96321
32860889598831,1,96321
32860889608795,0,96321
32860889613299,1,96321
32860889623198,0,96321
32860889626541,1,96321
32860889636418,0,96321
32860889640271,1,96321
32860889650159,0,96321
32860889653937,1,96321
32860889663868,0,96321
32860889667048,1,96321
32860889677012,0,96321
32860889680941,1,96321
32860889691187,0,96321
32860889694824,1,96321
32860889704712,0,96321
32860889707892,1,96321
32860889760089,0,96321
32860889764875,1,96321
32860889774861,0,96321
32860889778920,1,96321
32860889814814,0,96321
32860889821804,1,96321
32860889836544,0,96321
32860889841819,1,96321
32860889851870,0,96321
32860889855267,1,96321
32860889865264,0,96321
32860889869345,1,96321
32860889879960,0,96321
32860889955938,1,96321
32860889970200,0,96321
32860889973771,1,96321
32860889983713,0,96321
32860889986817,1,96321
32860889996662,0,96321
32860890000906,1,96321
32860890010892,0,96321
32860890014788,1,96321
32860890024806,0,96321
32860890028236,1,96321
32860890038113,0,96321
32860890041576,1,96321
32860890051551,0,96321
32860890055208,1,96321
32860890065531,0,96321
32860890069514,1,96321
32860890079489,0,96321
32860890127398,1,96321
32860890140966,0,96321
32860890145579,1,96321
32860890155597,0,96321
32860890158821,1,96321
32860890168817,0,96321
32860890173202,1,96321
32860890183622,0,96321
32860890187822,1,96321
32860890197830,0,96321
32860890201650,1,96321
32860890211549,0,96321
32860890215554,1,96321
32860890225507,0,96321
32860890229154,1,96321
32860890239086,0,96321
32860890243254,1,96321
32860890259578,0,96321
32860890300031,1,96321
32860890313631,0,96321
32860890317321,1,96321
32860890327524,0,96321
32860890330281,1,96321
32860890340169,0,96321
32860890344359,1,96321
32860890354355,0,96321
32860890358512,1,96321
32860890368400,0,96321
32860890371483,1,96321
32860890381327,0,96321
32860890385235,1,96321
32860890395101,0,96321
32860890399182,1,96321
32860890409157,0,96321
32860890413401,1,96321
32860890423495,0,96321
32860890426317,1,96321
32860890436162,0,96321
32860890445930,1,96321
32860890494100,0,96321
32860890497975,1,96321
32860890508156,0,96321
32860890511716,1,96321
32860890521572,0,96321
32860890524893,1,96321
32860890534737,0,96321
32860890538341,1,96321
32860890548261,0,96321
32860890552343,1,96321
32860890562339,0,96321
32860890566203,1,96321
32860890576373,0,96321
32860890579749,1,96321
32860890589593,0,96321
32860890593208,1,96321
32860890603280,0,96321
32860890607112,1,96321
32860890617097,0,96321
32860890620137,1,96321
32860890668784,0,96322
32860890674287,1,96322
32860890685988,0,96322
32860890689548,1,96322
32860890699490,0,96322
32860890703365,1,96322
32860890713242,0,96322
32860890716639,1,96322
32860890726527,0,96322
32860890729295,1,96322
32860890739270,0,96322
32860890742700,1,96322
32860890752609,0,96322
32860890755985,1,96322
32860890765906,0,96322
32860890944464,1,96322
32860890960550,0,96322
32860890964544,1,96322
32860890974563,0,96322
32860890977992,1,96322
32860890987859,0,96322
32860890991061,1,96322
32860891001101,0,96322
32860891004791,1,96322
32860891015634,0,96322
32860891019390,1,96322
32860891029560,0,96322
32860891033174,1,96322
32860891043160,0,96322
32860891046937,1,96322
32860891056825,0,96322
32860891060179,1,96322
32860891070045,0,96322
32860891072813,1,96322
32860891082831,0,96322
32860891086120,1,96322
32860891096019,0,96322
32860891099991,1,96322
32860891109879,0,96322
32860891164518,1,96322
32860891176023,0,96322
32860891180083,1,96322
32860891190047,0,96322
32860891193846,1,96322
32860891203744,0,96322
32860891207326,1,96322
32860891217247,0,96322
32860891220557,1,96322
32860891230402,0,96322
32860891233767,1,96322
32860891243600,0,96322
32860891246390,1,96322
32860891256299,0,96322
32860891259957,1,96322
32860891269932,0,96322
32860891272895,1,96322
32860891282707,0,96322
32860891286322,1,96322
32860891296144,0,96322
32860891299629,1,96322
32860891309592,0,96322
32860891314737,1,96322
32860891324690,0,96322
32860891328402,1,96322
32860891338366,0,96322
32860891342578,1,96322
32860891393168,0,96322
32860891397607,1,96322
32860891408461,0,96322
32860891412282,1,96322
32860891422213,0,96322
32860891426088,1,96322
32860891435933,0,96322
32860891439374,1,96322
32860891449305,0,96322
32860891452550,1,96322
32860891462395,0,96322
32860891465814,1,96322
32860891475648,0,96322
32860891479414,1,96322
32860891489269,0,96322
32860891492634,1,96322
32860891502511,0,96322
32860891505778,1,96322
32860891515655,0,96322
32860891518510,1,96322
32860891528344,0,96322
32860891531502,1,96322
32860891541379,0,96322
32860891545591,1,96322
32860891555522,0,96322
32860891559299,1,96322
32860891607187,0,96322
32860891611344,1,96322
32860891621894,0,96322
32860891625682,1,96322
32860891635527,0,96322
32860891639423,1,96322
32860891649376,0,96322
32860891653392,1,96322
32860891663291,0,96322
32860891666352,1,96322
32860891676240,0,96322
32860891680354,1,96322
32860891690404,0,96322
32860891694268,1,96322
32860891704265,0,96322
32860891708552,1,96322
32860891718712,0,96322
32860891722098,1,96322
32860891731997,0,96322
32860891736024,1,96322
32860891745955,0,96322
32860891749645,1,96322
32860891759501,0,96322
32860891763083,1,96322
32860891773058,0,96322
32860891777486,1,96322
32860891787406,0,96322
32860891790999,1,96322
32860891853627,0,96322
32860891858522,1,96322
32860891868942,0,96322
32860891872437,1,96322
32860891882422,0,96322
32860891886167,1,96322
32860891896109,0,96322
32860891899734,1,96322
32860891909677,0,96322
32860891913443,1,96322
32860891923385,0,96322
32860891927379,1,96322
32860891937289,0,96322
32860891940828,1,96322
32860891950737,0,96322
32860891954384,1,96322
32860892103540,0,96322
32860892108782,1,96322
32860892119028,0,96322
32860892124347,1,96322
32860892135125,0,96322
32860892146814,1,96322
32860892157115,0,96322
32860892160990,1,96322
32860892170965,0,96322
32860892174991,1,96322
32860892184934,0,96322
32860892188646,1,96322
32860892198555,0,96322
32860892201888,1,96322
32860892211862,0,96322
32860892216106,1,96322
32860892226244,0,96322
32860892230499,1,96322
32860892240430,0,96322
32860892244631,1,96322
32860892254562,0,96322
32860892258350,1,96322
32860892268455,0,96322
32860892272753,1,96322
32860892282695,0,96322
32860892362288,1,96322
32860892376289,0,96322
32860892379839,1,96322
32860892389835,0,96322
32860892394253,1,96322
32860892404271,0,96322
32860892408623,1,96322
32860892418663,0,96322
32860892422484,1,96322
32860892432339,0,96322
32860892436453,1,96322
32860892446428,0,96322
32860892449727,1,96322
32860892459648,0,96322
32860892463251,1,96322
32860892473454,0,96322
32860892476363,1,96322
32860892486273,0,96322
32860892489605,1,96322
32860892542388,0,96321
32860892547847,1,96321
32860892561925,0,96321
32860892566484,1,96321
32860892576578,0,96321
32860892580822,1,96321
32860892591035,0,96321
32860892594357,1,96321
32860892604212,0,96321
32860892608413,1,96321
32860892618561,0,96321
32860892621698,1,96321
32860892631564,0,96321
32860892635591,1,96321
32860892645522,0,96321
32860892648507,1,96321
32860892658384,0,96321
32860892661456,1,96321
32860892671311,0,96321
32860892674698,1,96321
32860892684564,0,96321
32860892687907,1,96321
32860892744348,0,96321
32860892749471,1,96321
32860892759793,0,96321
32860892762995,1,96321
32860892772861,0,96321
32860892776606,1,96321
32860892786548,0,96321
32860892790575,1,96321
32860892800561,0,96321
32860892804946,1,96321
32860892814942,0,96321
32860892818947,1,96321
32860892828933,0,96321
32860892832146,1,96321
32860892842175,0,96321
32860892846137,1,96321
32860892856285,0,96321
32860892860496,1,96321
32860892870471,0,96321
32860892873673,1,96321
32860892947100,0,96325
32860892954069,1,96325
32860892973454,0,96325
32860892978110,1,96325
32860892988204,0,96325
32860892991005,1,96325
32860893001652,0,96325
32860893006493,1,96325
32860893016598,0,96325
32860893021287,1,96325
32860893031240,0,96325
32860893034529,1,96325
32860893162129,0,96325
32860893168912,1,96325
32860893179213,0,96325
32860893184748,1,96325
32860893195787,0,96325
32860893199564,1,96325
32860893209474,0,96325
32860893213381,1,96325
32860893223334,0,96325
32860893227947,1,96325
32860893237933,0,96325
32860893241764,1,96325
32860893251717,0,96325
32860893255733,1,96325
32860893265686,0,96325
32860893268780,1,96325
32860893278711,0,96325
32860893289576,1,96325
32860893299985,0,96325
32860893303306,1,96325
32860893313227,0,96325
32860893316917,1,96325
32860893326783,0,96325
32860893329584,1,96325
32860893339461,0,96325
32860893342576,1,96325
32860893396010,0,96324
32860893401329,1,96324
32860893415243,0,96324
32860893419542,1,96324
32860893429495,0,96324
32860893433131,1,96324
32860893443095,0,96324
32860893447317,1,96324
32860893457346,0,96324
32860893461308,1,96324
32860893471152,0,96324
32860893474191,1,96324
32860893484090,0,96324
32860893487672,1,96324
32860893497517,0,96324
32860893500512,1,96324
32860893510368,0,96324
32860893514384,1,96324
32860893524304,0,96324
32860893527647,1,96324
32860893537600,0,96324
32860893541150,1,96324
32860893551103,0,96324
32860893554457,1,96324
32860893564377,0,96324
32860893568306,1,96324
32860893616932,0,96323
32860893621632,1,96323
32860893633257,0,96323
32860893636328,1,96323
32860893646260,0,96323
32860893650167,1,96323
32860893660066,0,96323
32860893664342,1,96323
32860893674730,0,96323
32860893678322,1,96323
32860893688232,0,96323
32860893691998,1,96323
32860893701941,0,96323
32860893705240,1,96323
32860893715074,0,96323
32860893719003,1,96323
32860893728891,0,96323
32860893731691,1,96323
32860893741492,0,96323
32860893745335,1,96323
32860893755266,0,96323
32860893758175,1,96323
32860893768041,0,96323
32860893771721,1,96323
32860893781630,0,96323
32860893784713,1,96323
32860893794590,0,96323
32860893798291,1,96323
32860893808396,0,96323
32860893812065,1,96323
32860893822007,0,96323
32860893865955,1,96323
32860893877135,0,96323
32860893881303,1,96323
32860893891234,0,96323
32860893894197,1,96323
32860893904085,0,96323
32860893908546,1,96323
32860893918499,0,96323
32860893922559,1,96323
32860893932566,0,96323
32860893936343,1,96323
32860893946557,0,96323
32860893949379,1,96323
32860893959299,0,96323
32860893963109,1,96323
32860893973019,0,96323
32860893976297,1,96323
32860893986185,0,96323
32860893990125,1,96323
32860893999980,0,96323
32860894003573,1,96323
32860894013450,0,96323
32860894016022,1,96323
32860894064149,0,96321
32860894069098,1,96321
32860894079887,0,96321
32860894084261,1,96321
32860894094355,0,96321
32860894097286,1,96321
32860894107163,0,96321
32860894110919,1,96321
32860894120807,0,96321
32860894165373,1,96321
32860894181068,0,96321
32860894192551,1,96321
32860894292864,0,96321
32860894297954,1,96321
32860894308005,0,96321
32860894312727,1,96321
32860894322799,0,96321
32860894327076,1,96321
32860894337083,0,96321
32860894340448,1,96321
32860894350347,0,96321
32860894353028,1,96321
32860894362948,0,96321
32860894366964,1,96321
32860894376917,0,96321
32860894380238,1,96321
32860894397073,0,96321
32860894442540,1,96321
32860894456271,0,96321
32860894460330,1,96321
32860894470305,0,96321
32860894475026,1,96321
32860894485088,0,96321
32860894489375,1,96321
32860894499307,0,96321
32860894502823,1,96321
32860894512690,0,96321
32860894516478,1,96321
32860894526398,0,96321
32860894530262,1,96321
32860894540248,0,96321
32860894544166,1,96321
32860894554499,0,96321
32860894558103,1,96321
32860894568099,0,96321
32860894572039,1,96321
32860894582047,0,96321
32860894585455,1,96321
32860894635622,0,96325
32860894640636,1,96325
32860894653791,0,96325
32860894657210,1,96325
32860894667142,0,96325
32860894671212,1,96325
32860894714682,0,96325
32860894721401,1,96325
32860894733568,0,96325
32860894737682,1,96325
32860894748373,0,96325
32860894752725,1,96325
32860894837810,0,96325
32860894841663,1,96325
32860894851638,0,96325
32860894855350,1,96325
32860894865346,0,96325
32860894870730,1,96325
32860894880770,0,96325
32860894884786,1,96325
32860894894620,0,96325
32860894897941,1,96325
32860894907785,0,96325
32860894911639,1,96325
32860894921581,0,96325
32860894925760,1,96325
32860894935984,0,96325
32860894940554,1,96325
32860894950463,0,96325
32860895001141,1,96325
32860895015012,0,96325
32860895019842,1,96325
32860895029958,0,96325
32860895032845,1,96325
32860895042994,0,96325
32860895046271,1,96325
32860895056149,0,96325
32860895059600,1,96325
32860895069521,0,96325
32860895073558,1,96325
32860895083685,0,96325
32860895086974,1,96325
32860895096884,0,96325
32860895100867,1,96325
32860895110798,0,96325
32860895162572,1,96325
32860895176259,0,96325
32860895179623,1,96325
32860895189598,0,96325
32860895192420,1,96325
32860895202395,0,96325
32860895206194,1,96325
32860895216386,0,96325
32860895220250,1,96325
32860895230246,0,96325
32860895234284,1,96325
32860895244422,0,96325
32860895248459,1,96325
32860895258347,0,96325
32860895261126,1,96325
32860895270927,0,96325
32860895280555,1,96325
32860895330288,0,96325
32860895335606,1,96325
32860895345668,0,96325
32860895349098,1,96325
32860895358975,0,96325
32860895362242,1,96325
32860895372162,0,96325
32860895376504,1,96325
32860895386435,0,96325
32860895389160,1,96325
32860895399058,0,96325
32860895402423,1,96325
32860895412626,0,96325
32860895416295,1,96325
32860895426150,0,96325
32860895429493,1,96325
32860895476111,0,96324
32860895480225,1,96324
32860895493499,0,96324
32860895496451,1,96324
32860895506393,0,96324
32860895509248,1,96324
32860895519136,0,96324
32860895522620,1,96324
32860895532595,0,96324
32860895537078,1,96324
32860895547335,0,96324
32860895551372,1,96324
32860895561347,0,96324
32860895564896,1,96324
32860895574741,0,96324
32860895578106,1,96324
32860895587907,0,96324
32860895591673,1,96324
32860895640744,0,96324
32860895644348,1,96324
32860895654268,0,96324
32860895659326,1,96324
32860895669355,0,96324
32860895673111,1,96324
32860895682999,0,96324
32860895687036,1,96324
32860895697000,0,96324
32860895701429,1,96324
32860895711859,0,96324
32860895715354,1,96324
32860895725318,0,96324
32860895729475,1,96324
32860895739472,0,96324
32860895742587,1,96324
32860895758597,0,96324
32860895838493,1,96324
32860895857444,0,96324
32860895861091,1,96324
32860895871066,0,96324
32860895875266,1,96324
32860895885230,0,96324
32860895888768,1,96324
32860895898624,0,96324
32860895903834,1,96324
32860895913819,0,96324
32860895917087,1,96324
32860895927007,0,96324
32860895931110,1,96324
32860895941877,0,96324
32860895954251,1,96324
32860896020188,0,96324
32860896024172,1,96324
32860896034147,0,96324
32860896038152,1,96324
32860896048083,0,96324
32860896053000,1,96324
32860896063116,0,96324
32860896066850,1,96324
32860896076749,0,96324
32860896080504,1,96324
32860896090468,0,96324
32860896094842,1,96324
32860896104774,0,96324
32860896116311,1,96324
32860896169539,0,96323
32860896176052,1,96323
32860896189663,0,96323
32860896193755,1,96323
32860896203957,0,96323
32860896207029,1,96323
32860896216960,0,96323
32860896221107,1,96323
32860896231092,0,96323
32860896234446,1,96323
32860896244302,0,96323
32860896247938,1,96323
32860896257858,0,96323
32860896260821,1,96323
32860896270666,0,96323
32860896273455,1,96323
32860896283343,0,96323
32860896330699,1,96323
32860896344614,0,96323
32860896348576,1,96323
32860896358540,0,96323
32860896362425,1,96323
32860896372335,0,96323
32860896376905,1,96323
32860896386869,0,96323
32860896390071,1,96323
32860896399948,0,96323
32860896403388,1,96323
32860896413276,0,96323
32860896417314,1,96323
32860896427300,0,96323
32860896431565,1,96323
32860896441703,0,96323
32860896485162,1,96323
32860896496298,0,96323
32860896500217,1,96323
32860896510126,0,96323
32860896513936,1,96323
32860896523813,0,96323
32860896527200,1,96323
32860896537023,0,96323
32860896540192,1,96323
32860896550069,0,96323
32860896554400,1,96323
32860896564364,0,96323
32860896567794,1,96323
32860896577888,0,96323
32860896581242,1,96323
32860896591086,0,96323
32860896594570,1,96323
32860896640548,0,96321
32860896645454,1,96321
32860896658511,0,96321
32860896662788,1,96321
32860896672654,0,96321
32860896676768,1,96321
32860896686645,0,96321
32860896690780,1,96321
32860896700787,0,96321
32860896703740,1,96321
32860896713584,0,96321
32860896717665,1,96321
32860896727575,0,96321
32860896731298,1,96321
32860896741219,0,96321
32860896745039,1,96321
32860896755405,0,96321
32860896808416,1,96321
32860896821571,0,96321
32860896824545,1,96321
32860896834704,0,96321
32860896838253,1,96321
32860896848185,0,96321
32860896851907,1,96321
32860896861817,0,96321
32860896908652,1,96321
32860897003505,0,96321
32860897008140,1,96321
32860897018342,0,96321
32860897022087,1,96321
32860897032062,0,96321
32860897035188,1,96321
32860897045065,0,96321
32860897048527,1,96321
32860897058437,0,96321
32860897062616,1,96321
32860897073437,0,96321
32860897076802,1,96321
32860897086940,0,96321
32860897090858,1,96321
32860897100724,0,96321
32860897104284,1,96321
32860897114422,0,96321
32860897118308,1,96321
32860897128163,0,96321
32860897132374,1,96321
32860897142252,0,96321
32860897146322,1,96321
32860897210067,0,96321
32860897214713,1,96321
32860897224709,0,96321
32860897227781,1,96321
32860897237615,0,96321
32860897241783,1,96321
32860897251584,0,96321
32860897255361,1,96321
32860897265303,0,96321
32860897269243,1,96321
32860897279489,0,96321
32860897283017,1,96321
32860897293013,0,96321
32860897297268,1,96321
32860897307308,0,96321
32860897311161,1,96321
32860897360080,0,96322
32860897365268,1,96322
32860897378651,0,96322
32860897382787,1,96322
32860897392794,0,96322
32860897396267,1,96322
32860897406220,0,96322
32860897411582,1,96322
32860897421579,0,96322
32860897424607,1,96322
32860897434441,0,96322
32860897437773,1,96322
32860897447693,0,96322
32860897450667,1,96322
32860897460707,0,96322
32860897464029,1,96322
32860897474090,0,96322
32860897518581,1,96322
32860897529652,0,96322
32860897532767,1,96322
32860897542742,0,96322
32860897546128,1,96322
32860897556103,0,96322
32860897560141,1,96322
32860897570083,0,96322
32860897573209,1,96322
32860897583108,0,96322
32860897587080,1,96322
32860897597283,0,96322
32860897600528,1,96322
32860897610460,0,96322
32860897615170,1,96322
32860897625048,0,96322
32860897629346,1,96322
32860897678373,0,96322
32860897682736,1,96322
32860897692798,0,96322
32860897696380,1,96322
32860897706539,0,96322
32860897709687,1,96322
32860897719531,0,96322
32860897722538,1,96322
32860897732383,0,96322
32860897735454,1,96322
32860897745310,0,96322
32860897749347,1,96322
32860897759333,0,96322
32860897763458,1,96322
32860897773432,0,96322
32860897776819,1,96322
32860897786794,0,96322
32860897833748,1,96322
32860897847522,0,96322
32860897851375,1,96322
32860897861404,0,96322
32860897865561,1,96322
32860897875406,0,96322
32860897878564,1,96322
32860897888441,0,96322
32860897892479,1,96322
32860897902323,0,96322
32860897906209,1,96322
32860897916065,0,96322
32860897918995,1,96322
32860897928840,0,96322
32860897932823,1,96322
32860897942635,0,96322
32860898043534,1,96322
32860898062268,0,96322
32860898067293,1,96322
32860898077376,0,96322
32860898080557,1,96322
32860898091443,0,96322
32860898095763,1,96322
32860898105760,0,96322
32860898129107,1,96322
32860898145843,0,96322
32860898155655,1,96322
32860898165858,0,96322
32860898171404,1,96322
32860898181889,0,96322
32860898186318,1,96322
32860898272140,0,96322
32860898277014,1,96322
32860898287238,0,96322
32860898291580,1,96322
32860898301446,0,96322
32860898304496,1,96322
32860898314384,0,96322
32860898319963,1,96322
32860898329959,0,96322
32860898333943,1,96322
32860898343787,0,96322
32860898348020,1,96322
32860898357941,0,96322
32860898361718,1,96322
32860898371650,0,96322
32860898425833,1,96322
32860898439867,0,96322
32860898444111,1,96322
32860898454205,0,96322
32860898458156,1,96322
32860898468022,0,96322
32860898471235,1,96322
32860898481166,0,96322
32860898484933,1,96322
32860898495049,0,96322
32860898498728,1,96322
32860898508757,0,96322
32860898512437,1,96322
32860898522281,0,96322
32860898525548,1,96322
32860898575780,0,96323
32860898581088,1,96323
32860898594308,0,96323
32860898598357,1,96323
32860898608299,0,96323
32860898612543,1,96323
32860898622377,0,96323
32860898625720,1,96323
32860898635618,0,96323
32860898639928,1,96323
32860898649891,0,96323
32860898653777,1,96323
32860898663817,0,96323
32860898666965,1,96323
32860898676766,0,96323
32860898680912,1,96323
32860898690778,0,96323
32860898700069,1,96323
32860898744093,0,96323
32860898748760,1,96323
32860898758746,0,96323
32860898762762,1,96323
32860898772661,0,96323
32860898776123,1,96323
32860898786022,0,96323
32860898789951,1,96323
32860898799904,0,96323
32860898803975,1,96323
32860898814101,0,96323
32860898817629,1,96323
32860898827506,0,96323
32860898831142,1,96323
32860898840954,0,96323
32860898843841,1,96323
32860898892738,0,96325
32860898898133,1,96325
32860898911548,0,96325
32860898915716,1,96325
32860898925669,0,96325
32860898928557,1,96325
32860898938412,0,96325
32860898941321,1,96325
32860898951296,0,96325
32860898955626,1,96325
32860898965666,0,96325
32860898969617,1,96325
32860898979473,0,96325
32860898983076,1,96325
32860898993062,0,96325
32860898997024,1,96325
32860899006966,0,96325
32860899016539,1,96325
32860899136736,0,96325
32860899142304,1,96325
32860899153126,0,96325
32860899155991,1,96325
32860899165955,0,96325
32860899171360,1,96325
32860899181476,0,96325
32860899185829,1,96325
32860899195847,0,96325
32860899198984,1,96325
32860899208904,0,96325
32860899212171,1,96325
32860899222135,0,96325
32860899225717,1,96325
32860899235920,0,96325
32860899239686,1,96325
32860899249693,0,96325
32860899252743,1,96325
32860899262675,0,96325
32860899265519,1,96325
32860899324608,0,96321
32860899329785,1,96321
32860899343157,0,96321
32860899347770,1,96321
32860899357853,0,96321
32860899361858,1,96321
32860899371974,0,96321
32860899375849,1,96321
32860899385867,0,96321
32860899389992,1,96321
32860899399891,0,96321
32860899403527,1,96321
32860899413730,0,96321
32860899416704,1,96321
32860899426537,0,96321
32860899430130,1,96321
32860899439996,0,96321
32860899444099,1,96321
32860899454074,0,96321
32860899457439,1,96321
32860899467251,0,96321
32860899470594,1,96321
32860899480460,0,96321
32860899484519,1,96321
32860899494364,0,96321
32860899497685,1,96321
32860899507562,0,96321
32860899511524,1,96321
32860899571123,0,96321
32860899575150,1,96321
32860899585233,0,96321
32860899588870,1,96321
32860899598996,0,96321
32860899602307,1,96321
32860899612119,0,96321
32860899615071,1,96321
32860899624916,0,96321
32860899628356,1,96321
32860899638125,0,96321
32860899641837,1,96321
32860899651692,0,96321
32860899655014,1,96321
32860899664869,0,96321
32860899668494,1,96321
32860899678328,0,96321
32860899682605,1,96321
32860899692590,0,96321
32860899696671,1,96321
32860899706722,0,96321
32860899710760,1,96321
32860899770066,0,96321
32860899774104,1,96321
32860899784035,0,96321
32860899787823,1,96321
32860899797765,0,96321
32860899805754,1,96321
32860899815750,0,96321
32860899822979,1,96321
32860899833985,0,96321
32860899840389,1,96321
32860899850244,0,96321
32860899853153,1,96321
32860899863030,0,96321
32860899867263,1,96321
32860899877423,0,96321
32860899880701,1,96321
32860899890610,0,96321
32860899894648,1,96321
32860899904623,0,96321
32860899908324,1,96321
32860899918158,0,96321
32860899921826,1,96321
32860899931736,0,96321
32860899935524,1,96321
32860899951599,0,96321
32860899992366,1,96321
32860900006032,0,96321
32860900010351,1,96321
32860900020402,0,96321
32860900024288,1,96321
32860900034187,0,96321
32860900037855,1,96321
32860900048112,0,96321
32860900052150,1,96321
32860900062125,0,96321
32860900066380,1,96321
32860900076333,0,96321
32860900080045,1,96321
32860900089846,0,96321
32860900092961,1,96321
32860900102892,0,96321
32860900106529,1,96321
32860900217858,0,96325
32860900226563,1,96325
32860900244439,0,96325
32860900248130,1,96325
32860900258137,0,96325
32860900262468,1,96325
32860900272529,0,96325
32860900277197,1,96325
32860900287345,0,96325
32860900291252,1,96325
32860900301911,0,96325
32860900305797,1,96325
32860900315717,0,96325
32860900319310,1,96325
32860900329285,0,96325
32860900332357,1,96325
32860900342223,0,96325
32860900345826,1,96325
32860900406967,0,96325
32860900411200,1,96325
32860900421164,0,96325
32860900425462,1,96325
32860900435480,0,96325
32860900438867,1,96325
32860900449135,0,96325
32860900452912,1,96325
32860900462854,0,96325
32860900466978,1,96325
32860900476910,0,96325
32860900480872,1,96325
32860900490846,0,96325
32860900493734,1,96325
32860900503611,0,96325
32860900507724,1,96325
32860900517656,0,96325
32860900521607,1,96325
32860900531473,0,96325
32860900534870,1,96325
32860900544856,0,96325
32860900548470,1,96325
32860900558456,0,96325
32860900567769,1,96325
32860900617675,0,96325
32860900621344,1,96325
32860900631340,0,96325
32860900634162,1,96325
32860900644072,0,96325
32860900648077,1,96325
32860900657954,0,96325
32860900662252,1,96325
32860900672130,0,96325
32860900675690,1,96325
32860900685545,0,96325
32860900688790,1,96325
32860900698657,0,96325
32860900701696,1,96325
32860900711638,0,96325
32860900715849,1,96325
32860900726106,0,96325
32860900729753,1,96325
32860900847628,0,96324
32860900854824,1,96324
32860900874491,0,96324
32860900879397,1,96324
32860900889405,0,96324
32860900893334,1,96324
32860900903287,0,96324
32860900908681,1,96324
32860900918732,0,96324
32860900922607,1,96324
32860900932658,0,96324
32860900935577,1,96324
32860900946323,0,96324
32860900950133,1,96324
32860900960325,0,96324
32860900963657,1,96324
32860900973545,0,96324
32860900976269,1,96324
32860900986135,0,96324
32860900989956,1,96324
32860900999822,0,96324
32860901003871,1,96324
32860901013759,0,96324
32860901017525,1,96324
32860901086871,0,96324
32860901091006,1,96324
32860901100981,0,96324
32860901105301,1,96324
32860901115254,0,96324
32860901118934,1,96324
32860901128854,0,96324
32860901132664,1,96324
32860901142889,0,96324
32860901146177,1,96324
32860901156196,0,96324
32860901160483,1,96324
32860901170349,0,96324
32860901174039,1,96324
32860901183917,0,96324
32860901187368,1,96324
32860901225140,0,96324
32860901232445,1,96324
32860901246718,0,96324
32860901251211,1,96324
32860901326646,0,96323
32860901332768,1,96323
32860901347171,0,96323
32860901350818,1,96323
32860901360847,0,96323
32860901365102,1,96323
32860901375055,0,96323
32860901378561,1,96323
32860901388503,0,96323
32860901391369,1,96323
32860901401995,0,96323
32860901405045,1,96323
32860901416127,0,96323
32860901425396,1,96323
32860901436304,0,96323
32860901444054,1,96323
32860901453931,0,96323
32860901457546,1,96323
32860901467379,0,96323
32860901470863,1,96323
32860901480773,0,96323
32860901484420,1,96323
32860901494471,0,96323
32860901497868,1,96323
32860901559649,0,96323
32860901564859,1,96323
32860901574931,0,96323
32860901586002,1,96323
32860901596498,0,96323
32860901600688,1,96323
32860901610652,0,96323
32860901613713,1,96323
32860901623568,0,96323
32860901627106,1,96323
32860901637439,0,96323
32860901640446,1,96323
32860901650291,0,96323
32860901654089,1,96323
32860901663956,0,96323
32860901668156,1,96323
32860901678022,0,96323
32860901681789,1,96323
32860901691764,0,96323
32860901695801,1,96323
32860901754228,0,96323
32860901759015,1,96323
32860901768925,0,96323
32860901773353,1,96323
32860901783404,0,96323
32860901787159,1,96323
32860901797047,0,96323
32860901799826,1,96323
32860901810148,0,96323
32860901814164,1,96323
32860901824074,0,96323
32860901828057,1,96323
32860901837934,0,96323
32860901841136,1,96323
32860901851013,0,96323
32860901854790,1,96323
32860901864602,0,96323
32860901868314,1,96323
32860901918644,0,96324
32860901924006,1,96324
32860901935511,0,96324
32860901940287,1,96324
32860901950750,0,96324
32860901953507,1,96324
32860901963569,0,96324
32860901966760,1,96324
32860901976637,0,96324
32860901979709,1,96324
32860901989651,0,96324
32860901993363,1,96324
32860902003490,0,96324
32860902007311,1,96324
32860902017318,0,96324
32860902020618,1,96324
32860902030484,0,96324
32860902034228,1,96324
32860902044030,0,96324
32860902047286,1,96324
32860902057130,0,96324
32860902060571,1,96324
32860902070416,0,96324
32860902074312,1,96324
32860902084135,0,96324
32860902088086,1,96324
32860902136343,0,96324
32860902140988,1,96324
32860902151918,0,96324
32860902154599,1,96324
32860902164596,0,96324
32860902168514,1,96324
32860902178554,0,96324
32860902181767,1,96324
32860902191633,0,96324
32860902195150,1,96324
32860902205135,0,96324
32860902208435,1,96324
32860902218399,0,96324
32860902221666,1,96324
32860902231565,0,96324
32860902235277,1,96324
32860902245143,0,96324
32860902248681,1,96324
32860902258483,0,96324
32860902261533,1,96324
32860902363028,0,96322
32860902371451,1,96322
32860902387395,0,96322
32860902391455,1,96322
32860902401549,0,96322
32860902405771,1,96322
32860902416549,0,96322
32860902420446,1,96322
32860902430507,0,96322
32860902433796,1,96322
32860902443836,0,96322
32860902447624,1,96322
32860902457523,0,96322
32860902460866,1,96322
32860902470841,0,96322
32860902474716,1,96322
32860902484842,0,96322
32860902488576,1,96322
32860902544257,0,96323
32860902549478,1,96323
32860902560191,0,96323
32860902563827,1,96323
32860902573769,0,96323
32860902576917,1,96323
32860902586783,0,96323
32860902590213,1,96323
32860902600351,0,96323
32860902604149,1,96323
32860902614005,0,96323
32860902617858,1,96323
32860902627735,0,96323
32860902631567,1,96323
32860902641411,0,96323
32860902645297,1,96323
32860902655228,0,96323
32860902659266,1,96323
32860902669186,0,96323
32860902672627,1,96323
32860902719961,0,96324
32860902725019,1,96324
32860902735732,0,96324
32860902739694,1,96324
32860902749690,0,96324
32860902753978,1,96324
32860902764300,0,96324
32860902767057,1,96324
32860902777075,0,96324
32860902780418,1,96324
32860902790274,0,96324
32860902793855,1,96324
32860902803754,0,96324
32860902807727,1,96324
32860902817647,0,96324
32860902821088,1,96324
32860902830965,0,96324
32860902834547,1,96324
32860902844685,0,96324
32860902848028,1,96324
32860902896675,0,96322
32860902900376,1,96322
32860902911013,0,96322
32860902914758,1,96322
32860902924733,0,96322
32860902928390,1,96322
32860902938333,0,96322
32860902942609,1,96322
32860902952606,0,96322
32860902955851,1,96322
32860902965750,0,96322
32860902969766,1,96322
32860902979969,0,96322
32860902983854,1,96322
32860902993927,0,96322
32860902998887,1,96322
32860903008732,0,96322
32860903012129,1,96322
32860903022017,0,96322
32860903025588,1,96322
32860903075006,0,96323
32860903080118,1,96323
32860903090408,0,96323
32860903094294,1,96323
32860903104485,0,96323
32860903107470,1,96323
32860903117326,0,96323
32860903120940,1,96323
32860903130796,0,96323
32860903133726,1,96323
32860903143603,0,96323
32860903147815,1,96323
32860903157768,0,96323
32860903161360,1,96323
32860903171248,0,96323
32860903175069,1,96323
32860903185065,0,96323
32860903189103,1,96323
32860903241463,0,96324
32860903246401,1,96324
32860903257006,0,96324
32860903260544,1,96324
32860903270454,0,96324
32860903274904,1,96324
32860903341927,0,96324
32860903348592,1,96324
32860903363016,0,96324
32860903366262,1,96324
32860903376269,0,96324
32860903380665,1,96324
32860903390662,0,96324
32860903395720,1,96324
32860903405922,0,96324
32860903409895,1,96324
32860903420000,0,96324
32860903424135,1,96324
32860903533858,0,96324
32860903537245,1,96324
32860903547339,0,96324
32860903552082,1,96324
32860903562035,0,96324
32860903564890,1,96324
32860903574702,0,96324
32860903578056,1,96324
32860903587998,0,96324
32860903591873,1,96324
32860903601956,0,96324
32860903605310,1,96324
32860903615393,0,96324
32860903619409,1,96324
32860903629438,0,96324
32860903632054,1,96324
32860903642583,0,96324
32860903646631,1,96324
32860903656486,0,96324
32860903660123,1,96324
32860903670021,0,96324
32860903674417,1,96324
32860903684403,0,96324
32860903763604,1,96324
32860903776803,0,96324
32860903780819,1,96324
32860903791076,0,96324
32860903794473,1,96324
32860903804383,0,96324
32860903808410,1,96324
32860903818298,0,96324
32860903821619,1,96324
32860903831648,0,96324
32860903834296,1,96324
32860903844239,0,96324
32860903848103,1,96324
32860903857980,0,96324
32860903861225,1,96324
32860903871135,0,96324
32860903874532,1,96324
32860903930615,0,96324
32860903934294,1,96324
32860903944475,0,96324
32860903948469,1,96324
32860903958455,0,96324
32860903962406,1,96324
32860903972305,0,96324
32860903976321,1,96324
32860903986220,0,96324
32860903990257,1,96324
32860904000330,0,96324
32860904004031,1,96324
32860904014038,0,96324
32860904018217,1,96324
32860904028105,0,96324
32860904031492,1,96324
32860904041314,0,96324
32860904044690,1,96324
32860904054535,0,96324
32860904058051,1,96324
32860904067928,0,96324
32860904114264,1,96324
32860904127712,0,96324
32860904131142,1,96324
32860904140987,0,96324
32860904143830,1,96324
32860904153664,0,96324
32860904157658,1,96324
32860904167568,0,96324
32860904170857,1,96324
32860904180669,0,96324
32860904184153,1,96324
32860904194008,0,96324
32860904197948,1,96324
32860904207793,0,96324
32860904211212,1,96324
32860904221100,0,96324
32860904225680,1,96324
32860904235644,0,96324
32860904239063,1,96324
32860904287342,0,96323
32860904291119,1,96323
32860904304230,0,96323
32860904308952,1,96323
32860904319035,0,96323
32860904322997,1,96323
32860904332842,0,96323
32860904336043,1,96323
32860904345866,0,96323
32860904348721,1,96323
32860904358587,0,96323
32860904362625,1,96323
32860904372524,0,96323
32860904376453,1,96323
32860904386276,0,96323
32860904389695,1,96323
32860904593283,0,96323
32860904598666,1,96323
32860904609542,0,96323
32860904612766,1,96323
32860904622784,0,96323
32860904627549,1,96323
32860904637578,0,96323
32860904641279,1,96323
32860904651287,0,96323
32860904655281,1,96323
32860904665180,0,96323
32860904669380,1,96323
32860904679377,0,96323
32860904682329,1,96323
32860904692347,0,96323
32860904696461,1,96323
32860904706598,0,96323
32860904709963,1,96323
32860904719840,0,96323
32860904723542,1,96323
32860904733473,0,96323
32860904736827,1,96323
32860904746726,0,96323
32860904750883,1,96323
32860904760792,0,96323
32860904764873,1,96323
32860904774816,0,96323
32860904778593,1,96323
32860904788546,0,96323
32860904792345,1,96323
32860904802450,0,96323
32860904805272,1,96323
32860904861311,0,96322
32860904866771,1,96322
32860904880447,0,96322
32860904884398,1,96322
32860904896619,0,96322
32860904899322,1,96322
32860904911131,0,96322
32860904914257,1,96322
32860904926153,0,96322
32860904931753,1,96322
32860904941631,0,96322
32860904945039,1,96322
32860904954894,0,96322
32860904958954,1,96322
32860904968787,0,96322
32860904971892,1,96322
32860904981779,0,96322
32860904985307,1,96322
32860904995119,0,96322
32860904998375,1,96322
32860905008231,0,96322
32860905011194,1,96322
32860905021027,0,96322
32860905024816,1,96322
32860905034660,0,96322
32860905038524,1,96322
32860905048510,0,96322
32860905052743,1,96322
32860905062924,0,96322
32860905066972,1,96322
32860905077001,0,96322
32860905080247,1,96322
32860905090113,0,96322
32860905094411,1,96322
32860905104288,0,96322
32860905107501,1,96322
32860905117346,0,96322
32860905120200,1,96322
32860905130229,0,96322
32860905134756,1,96322
32860905193356,0,96322
32860905197296,1,96322
32860905207314,0,96322
32860905211602,1,96322
32860905221902,0,96322
32860905224529,1,96322
32860905234504,0,96322
32860905237944,1,96322
32860905247832,0,96322
32860905251620,1,96322
32860905261476,0,96322
32860905265177,1,96322
32860905275098,0,96322
32860905278245,1,96322
32860905288079,0,96322
32860905292301,1,96322
32860905302167,0,96322
32860905306346,1,96322
32860905316299,0,96322
32860905319968,1,96322
32860905329845,0,96322
32860905333079,1,96322
32860905343011,0,96322
32860905346831,1,96322
32860905356969,0,96322
32860905360616,1,96322
32860905370504,0,96322
32860905379969,1,96322
32860905429289,0,96322
32860905433001,1,96322
32860905442933,0,96322
32860905446156,1,96322
32860905456066,0,96322
32860905459821,1,96322
32860905469753,0,96322
32860905543419,1,96322
32860905561371,0,96322
32860905567960,1,96322
32860905578901,0,96322
32860905582699,1,96322
32860905592663,0,96322
32860905596473,1,96322
32860905606350,0,96322
32860905610203,1,96322
32860905620037,0,96322
32860905623380,1,96322
32860905633409,0,96322
32860905636589,1,96322
32860905646369,0,96322
32860905649375,1,96322
32860905659372,0,96322
32860905663562,1,96322
32860905756113,0,96322
32860905761758,1,96322
32860905772329,0,96322
32860905776562,1,96322
32860905786613,0,96322
32860905789631,1,96322
32860905799562,0,96322
32860905803383,1,96322
32860905813281,0,96322
32860905816527,1,96322
32860905826339,0,96322
32860905829790,1,96322
32860905839754,0,96322
32860905843499,1,96322
32860905853550,0,96322
32860905857772,1,96322
32860905867714,0,96322
32860905870818,1,96322
32860905880728,0,96322
32860905884169,1,96322
32860905894176,0,96322
32860905898149,1,96322
32860905908091,0,96322
32860905911336,1,96322
32860905921148,0,96322
32860905925229,1,96322
32860905976721,0,96321
32860905981692,1,96321
32860905995324,0,96321
32860905999188,1,96321
32860906009142,0,96321
32860906013440,1,96321
32860906023284,0,96321
32860906026910,1,96321
32860906036787,0,96321
32860906039587,1,96321
32860906049464,0,96321
32860906053024,1,96321
32860906063184,0,96321
32860906066559,1,96321
32860906076480,0,96321
32860906080355,1,96321
32860906090351,0,96321
32860906094020,1,96321
32860906103886,0,96321
32860906107218,1,96321
32860906117074,0,96321
32860906119863,1,96321
32860906129849,0,96321
32860906133865,1,96321
32860906143720,0,96321
32860906147508,1,96321
32860906157331,0,96321
32860906160522,1,96321
32860906170301,0,96321
32860906173536,1,96321
32860906229564,0,96321
32860906233982,1,96321
32860906243957,0,96321
32860906247365,1,96321
32860906257340,0,96321
32860906261138,1,96321
32860906271330,0,96321
32860906274728,1,96321
32860906284789,0,96321
32860906288295,1,96321
32860906298096,0,96321
32860906301906,1,96321
32860906311783,0,96321
32860906315723,1,96321
32860906325568,0,96321
32860906329095,1,96321
32860906338918,0,96321
32860906341686,1,96321
32860906351476,0,96321
32860906354808,1,96321
32860906364664,0,96321
32860906368104,1,96321
32860906377884,0,96321
32860906381064,1,96321
32860906391061,0,96321
32860906394360,1,96321
32860906404324,0,96321
32860906451105,1,96321
32860906464618,0,96321
32860906467831,1,96321
32860906477773,0,96321
32860906482071,1,96321
32860906492057,0,96321
32860906495476,1,96321
32860906505299,0,96321
32860906509412,1,96321
32860906519344,0,96321
32860906522774,1,96321
32860906532673,0,96321
32860906536417,1,96321
32860906546294,0,96321
32860906550354,1,96321
32860906605394,0,96321
32860906688373,1,96321
32860906703731,0,96321
32860906709093,1,96321
32860906719220,0,96321
32860906723442,1,96321
32860906733363,0,96321
32860906736945,1,96321
32860906746876,0,96321
32860906750675,1,96321
32860906760802,0,96321
32860906765241,1,96321
32860906775899,0,96321
32860906779991,1,96321
32860906789869,0,96321
32860906794492,1,96321
32860906804543,0,96321
32860906808255,1,96321
32860906818197,0,96321
32860906821573,1,96321
32860906831504,0,96321
32860906835249,1,96321
32860906845256,0,96321
32860906849044,1,96321
32860906859106,0,96321
32860906862514,1,96321
32860906872435,0,96321
32860906876353,1,96321
32860906886241,0,96321
32860906889172,1,96321
32860906940967,0,96323
32860906946350,1,96323
32860906959603,0,96323
32860906962555,1,96323
32860906972498,0,96323
32860906976394,1,96323
32860906986282,0,96323
32860906989473,1,96323
32860906999502,0,96323
32860907003301,1,96323
32860907013276,0,96323
32860907017401,1,96323
32860907027289,0,96323
32860907030946,1,96323
32860907041117,0,96323
32860907043971,1,96323
32860907053816,0,96323
32860907058049,1,96323
32860907067958,0,96323
32860907070694,1,96323
32860907080582,0,96323
32860907084326,1,96323
32860907094247,0,96323
32860907098089,1,96323
32860907107988,0,96323
32860907111884,1,96323
32860907166556,0,96323
32860907171429,1,96323
32860907181741,0,96323
32860907184823,1,96323
32860907194722,0,96323
32860907198402,1,96323
32860907208203,0,96323
32860907211633,1,96323
32860907221434,0,96323
32860907225146,1,96323
32860907235034,0,96323
32860907238985,1,96323
32860907249220,0,96323
32860907252009,1,96323
32860907262006,0,96323
32860907266087,1,96323
32860907275910,0,96323
32860907279427,1,96323
32860907289336,0,96323
32860907293211,1,96323
32860907303132,0,96323
32860907306681,1,96323
32860907353983,0,96324
32860907359410,1,96324
32860907372499,0,96324
32860907376874,1,96324
32860907386881,0,96324
32860907389833,1,96324
32860907399743,0,96324
32860907402912,1,96324
32860907412768,0,96324
32860907416567,1,96324
32860907426379,0,96324
32860907430243,1,96324
32860907440239,0,96324
32860907444678,1,96324
32860907454577,0,96324
32860907458441,1,96324
32860907468373,0,96324
32860907472193,1,96324
32860907482418,0,96324
32860907485088,1,96324
32860907495084,0,96324
32860907498883,1,96324
32860907558634,0,96324
32860907563150,1,96324
32860907573157,0,96324
32860907577271,1,96324
32860907587235,0,96324
32860907590849,1,96324
32860907600726,0,96324
32860907604970,1,96324
32860907614977,0,96324
32860907618342,1,96324
32860907628252,0,96324
32860907631899,1,96324
32860907737215,0,96325
32860907745746,1,96325
32860907761528,0,96325
32860907765772,1,96325
32860907775844,0,96325
32860907779372,1,96325
32860907789412,0,96325
32860907793189,1,96325
32860907803728,0,96325
32860907806648,1,96325
32860907816590,0,96325
32860907821073,1,96325
32860907831026,0,96325
32860907833848,1,96325
32860907843725,0,96325
32860907848056,1,96325
32860907899493,0,96325
32860907904529,1,96325
32860907917261,0,96325
32860907925933,1,96325
32860907938155,0,96325
32860907943462,1,96325
32860907956444,0,96325
32860907959808,1,96325
32860907969696,0,96325
32860907973202,1,96325
32860907983264,0,96325
32860907986846,1,96325
32860907996679,0,96325
32860908000478,1,96325
32860908010345,0,96325
32860908013405,1,96325
32860908023315,0,96325
32860908026854,1,96325
32860908036709,0,96325
32860908039520,1,96325
32860908088786,0,96325
32860908093237,1,96325
32860908104134,0,96325
32860908108193,1,96325
32860908118233,0,96325
32860908122803,1,96325
32860908132691,0,96325
32860908135545,1,96325
32860908145422,0,96325
32860908149905,1,96325
32860908159880,0,96325
32860908163853,1,96325
32860908173773,0,96325
32860908177496,1,96325
32860908187330,0,96325
32860908190542,1,96325
32860908200387,0,96325
32860908203383,1,96325
32860908251629,0,96325
32860908256415,1,96325
32860908267052,0,96325
32860908270200,1,96325
32860908280110,0,96325
32860908283756,1,96325
32860908293677,0,96325
32860908297031,1,96325
32860908307006,0,96325
32860908310707,1,96325
32860908320584,0,96325
32860908323319,1,96325
32860908333218,0,96325
32860908336377,1,96325
32860908346417,0,96325
32860908349868,1,96325
32860908359789,0,96325
32860908363696,1,96325
32860908412441,0,96325
32860908416957,1,96325
32860908427474,0,96325
32860908431056,1,96325
32860908441085,0,96325
32860908444732,1,96325
32860908454696,0,96325
32860908459103,1,96325
32860908468969,0,96325
32860908472616,1,96325
32860908482504,0,96325
32860908485467,1,96325
32860908495344,0,96325
32860908499762,1,96325
32860908509802,0,96325
32860908521155,1,96325
32860908572462,0,96325
32860908576695,1,96325
32860908587060,0,96325
32860908590957,1,96325
32860908601235,0,96325
32860908605534,1,96325
32860908615487,0,96325
32860908619275,1,96325
32860908629119,0,96325
32860908631887,1,96325
32860908641840,0,96325
32860908645845,1,96325
32860908681718,0,96325
32860908698010,1,96325
32860908821723,0,96325
32860908827606,1,96325
32860908837711,0,96325
32860908841988,1,96325
32860908851941,0,96325
32860908856858,1,96325
32860908867625,0,96325
32860908871369,1,96325
32860908881312,0,96325
32860908884296,1,96325
32860908894195,0,96325
32860908897701,1,96325
32860908907622,0,96325
32860908911573,1,96325
32860908930545,0,96325
32860908985173,1,96325
32860908999685,0,96325
32860909003745,1,96325
32860909013741,0,96325
32860909016986,1,96325
32860909026918,0,96325
32860909030814,1,96325
32860909040789,0,96325
32860909044556,1,96325
32860909054693,0,96325
32860909057743,1,96325
32860909067794,0,96325
32860909071723,1,96325
32860909081600,0,96325
32860909084411,1,96325
32860909134948,0,96323
32860909140320,1,96323
32860909153573,0,96323
32860909157904,1,96323
32860909167835,0,96323
32860909172068,1,96323
32860909181913,0,96323
32860909185158,1,96323
32860909195046,0,96323
32860909199029,1,96323
32860909208896,0,96323
32860909212217,1,96323
32860909222072,0,96323
32860909225850,1,96323
32860909235727,0,96323
32860909239558,1,96323
32860909249815,0,96323
32860909299820,1,96323
32860909313311,0,96323
32860909316904,1,96323
32860909326878,0,96323
32860909331198,1,96323
32860909341238,0,96323
32860909344961,1,96323
32860909354925,0,96323
32860909358854,1,96323
32860909368710,0,96323
32860909373442,1,96323
32860909383330,0,96323
32860909387259,1,96323
32860909397147,0,96323
32860909400848,1,96323
32860909449550,0,96322
32860909455379,1,96322
32860909468925,0,96322
32860909472278,1,96322
32860909482221,0,96322
32860909486486,1,96322
32860909496776,0,96322
32860909499902,1,96322
32860909509822,0,96322
32860909513057,1,96322
32860909522912,0,96322
32860909526483,1,96322
32860909536371,0,96322
32860909539844,1,96322
32860909549711,0,96322
32860909553086,1,96322
32860909563007,0,96322
32860909652802,1,96322
32860909666543,0,96322
32860909671113,1,96322
32860909681250,0,96322
32860909685212,1,96322
32860909695534,0,96322
32860909698703,1,96322
32860909708613,0,96322
32860909712162,1,96322
32860909722050,0,96322
32860909725914,1,96322
32860909735791,0,96322
32860909739514,1,96322
32860909749424,0,96322
32860909752908,1,96322
32860909801556,0,96321
32860909832902,1,96321
32860909854979,0,96321
32860909861155,1,96321
32860909871260,0,96321
32860909875602,1,96321
32860909885533,0,96321
32860909888626,1,96321
32860909898623,0,96321
32860909902378,1,96321
32860909913037,0,96321
32860909917248,1,96321
32860909997969,0,96321
32860910001540,1,96321
32860910011548,0,96321
32860910022565,1,96321
32860910032952,0,96321
32860910037326,1,96321
32860910047290,0,96321
32860910050752,1,96321
32860910060640,0,96321
32860910063603,1,96321
32860910073524,0,96321
32860910077594,1,96321
32860910087819,0,96321
32860910092073,1,96321
32860910109092,0,96321
32860910159010,1,96321
32860910172729,0,96321
32860910176767,1,96321
32860910186883,0,96321
32860910191246,1,96321
32860910201243,0,96321
32860910205226,1,96321
32860910215179,0,96321
32860910218989,1,96321
32860910228910,0,96321
32860910232329,1,96321
32860910242195,0,96321
32860910245777,1,96321
32860910255958,0,96321
32860910259746,1,96321
32860910305441,0,96324
32860910310217,1,96324
32860910323708,0,96324
32860910327127,1,96324
32860910337070,0,96324
32860910341183,1,96324
32860910351115,0,96324
32860910355087,1,96324
32860910364943,0,96324
32860910368633,1,96324
32860910378488,0,96324
32860910381940,1,96324
32860910391763,0,96324
32860910394607,1,96324
32860910404484,0,96324
32860910408087,1,96324
32860910417953,0,96324
32860910466145,1,96324
32860910479778,0,96324
32860910483794,1,96324
32860910493682,0,96324
32860910496894,1,96324
32860910506815,0,96324
32860910510755,1,96324
32860910520643,0,96324
32860910523574,1,96324
32860910533396,0,96324
32860910536913,1,96324
32860910546768,0,96324
32860910550025,1,96324
32860910559848,0,96324
32860910563288,1,96324
32860910573176,0,96324
32860910619718,1,96324
32860910633286,0,96324
32860910637725,1,96324
32860910647732,0,96324
32860910652682,1,96324
32860910662711,0,96324
32860910666596,1,96324
32860910676506,0,96324
32860910680446,1,96324
32860910690388,0,96324
32860910694090,1,96324
32860910703978,0,96324
32860910707614,1,96324
32860910717588,0,96324
32860910720421,1,96324
32860910730288,0,96324
32860910739633,1,96324
32860910862522,0,96324
32860910869295,1,96324
32860910879649,0,96324
32860910884023,1,96324
32860910923152,0,96324
32860910929447,1,96324
32860911015943,0,96324
32860911020523,1,96324
32860911030541,0,96324
32860911035317,1,96324
32860911045162,0,96324
32860911048819,1,96324
32860911058697,0,96324
32860911062550,1,96324
32860911072449,0,96324
32860911076172,1,96324
32860911086027,0,96324
32860911089967,1,96324
32860911099877,0,96324
32860911102959,1,96324
32860911112836,0,96324
32860911117536,1,96324
32860911127565,0,96324
32860911131179,1,96324
32860911141067,0,96324
32860911144856,1,96324
32860911154754,0,96324
32860911158423,1,96324
32860911237635,0,96323
32860911241326,1,96323
32860911255034,0,96323
32860911258584,1,96323
32860911268613,0,96323
32860911272292,1,96323
32860911282137,0,96323
32860911285469,1,96323
32860911295324,0,96323
32860911298331,1,96323
32860911308295,0,96323
32860911313136,1,96323
32860911323154,0,96323
32860911326475,1,96323
32860911336417,0,96323
32860911340542,1,96323
32860911350701,0,96323
32860911354294,1,96323
32860911409942,0,96323
32860911413828,1,96323
32860911423705,0,96323
32860911426647,1,96323
32860911436524,0,96323
32860911440963,1,96323
32860911450884,0,96323
32860911454802,1,96323
32860911464614,0,96323
32860911468326,1,96323
32860911478388,0,96323
32860911482773,1,96323
32860911492943,0,96323
32860911496340,1,96323
32860911506174,0,96323
32860911509810,1,96323
32860911519730,0,96323
32860911565827,1,96323
32860911579232,0,96323
32860911583139,1,96323
32860911593027,0,96323
32860911596924,1,96323
32860911606834,0,96323
32860911610122,1,96323
32860911620455,0,96323
32860911623907,1,96323
32860911633860,0,96323
32860911637170,1,96323
32860911646961,0,96323
32860911649967,1,96323
32860911659823,0,96323
32860911662992,1,96323
32860911672902,0,96323
32860911676158,1,96323
32860911730070,0,96323
32860911734075,1,96323
32860911744028,0,96323
32860911748825,1,96323
32860911758887,0,96323
32860911762870,1,96323
32860911772813,0,96323
32860911776688,1,96323
32860911786858,0,96323
32860911789474,1,96323
32860911799481,0,96323
32860911802791,1,96323
32860911812614,0,96323
32860911816923,1,96323
32860911826931,0,96323
32860911830708,1,96323
32860911879290,0,96322
32860911884468,1,96322
32860911897612,0,96322
32860911901226,1,96322
32860911911038,0,96322
32860911914653,1,96322
32860911924519,0,96322
32860911928643,1,96322
32860911938824,0,96322
32860911942070,1,96322
32860911951947,0,96322
32860911955974,1,96322
32860911965775,0,96322
32860911968944,1,96322
32860912087752,0,96322
32860912095491,1,96322
32860912106822,0,96322
32860912111305,1,96322
32860912121334,0,96322
32860912124916,1,96322
32860912134826,0,96322
32860912138852,1,96322
32860912149641,0,96322
32860912153896,1,96322
32860912163914,0,96322
32860912167930,1,96322
32860912177807,0,96322
32860912180912,1,96322
32860912190724,0,96322
32860912194609,1,96322
32860912204465,0,96322
32860912207927,1,96322
32860912218043,0,96322
32860912220670,1,96322
32860912230645,0,96322
32860912234042,1,96322
32860912244017,0,96322
32860912247316,1,96322
32860912257139,0,96322
32860912260808,1,96322
32860912319625,0,96322
32860912323783,1,96322
32860912333736,0,96322
32860912336818,1,96322
32860912346728,0,96322
32860912350255,1,96322
32860912360371,0,96322
32860912364073,1,96322
32860912373928,0,96322
32860912378443,1,96322
32860912388407,0,96322
32860912392152,1,96322
32860912402072,0,96322
32860912405405,1,96322
32860912415412,0,96322
32860912419743,1,96322
32860912429674,0,96322
32860912433419,1,96322
32860912443556,0,96322
32860912447670,1,96322
32860912457710,0,96322
32860912461672,1,96322
32860912471484,0,96322
32860912475706,1,96322
32860912485583,0,96322
32860912489599,1,96322
32860912499639,0,96322
32860912502146,1,96322
32860912567715,0,96322
32860912572350,1,96322
32860912582400,0,96322
32860912586970,1,96322
32860912597032,0,96322
32860912600852,1,96322
32860912610827,0,96322
32860912614072,1,96322
32860912624058,0,96322
32860912627010,1,96322
32860912636974,0,96322
32860912640958,1,96322
32860912650900,0,96322
32860912653961,1,96322
32860912663881,0,96322
32860912667669,1,96322
32860912677568,0,96322
32860912681128,1,96322
32860912691071,0,96322
32860912695206,1,96322
32860912705311,0,96322
32860912709349,1,96322
32860912764335,0,96322
32860912769187,1,96322
32860912779194,0,96322
32860912782939,1,96322
32860912792837,0,96322
32860912796050,1,96322
32860912805982,0,96322
32860912808858,1,96322
32860912818757,0,96322
32860912822653,1,96322
32860912832585,0,96322
32860912836210,1,96322
32860912846109,0,96322
32860912849767,1,96322
32860912859665,0,96322
32860912863106,1,96322
32860912873059,0,96322
32860912877021,1,96322
32860912887256,0,96322
32860912890360,1,96322
32860912900183,0,96322
32860912903483,1,96322
32860912913317,0,96322
32860912916768,1,96322
32860912926656,0,96322
32860912930976,1,96322
32860912940842,0,96322
32860912946269,1,96322
32860912956103,0,96322
32860912960434,1,96322
32860912970343,0,96322
32860913017222,1,96322
32860913030627,0,96322
32860913033948,1,96322
32860913043912,0,96322
32860913048015,1,96322
32860913085710,0,96322
32860913092147,1,96322
32860913106572,0,96322
32860913111684,1,96322
32860913121691,0,96322
32860913125013,1,96322
32860913134988,0,96322
32860913209630,1,96322
32860913224153,0,96322
32860913228701,1,96322
32860913238697,0,96322
32860913242377,1,96322
32860913252276,0,96322
32860913255467,1,96322
32860913265452,0,96322
32860913269675,1,96322
32860913292501,0,96324
32860913296755,1,96324
32860913309422,0,96324
32860913314035,1,96324
32860913324086,0,96324
32860913327494,1,96324
32860913337479,0,96324
32860913341213,1,96324
32860913351188,0,96324
32860913355367,1,96324
32860913365266,0,96324
32860913369314,1,96324
32860913379202,0,96324
32860913383088,1,96324
32860913393052,0,96324
32860913396514,1,96324
32860913406543,0,96324
32860913410266,1,96324
32860913426699,0,96324
32860913481468,1,96324
32860913495839,0,96324
32860913500788,1,96324
32860913510883,0,96324
32860913514964,1,96324
32860913524852,0,96324
32860913528976,1,96324
32860913538853,0,96324
32860913543054,1,96324
32860913553040,0,96324
32860913556686,1,96324
32860913567106,0,96324
32860913570710,1,96324
32860913580587,0,96324
32860913584234,1,96324
32860913600406,0,96324
32860913641456,1,96324
32860913655165,0,96324
32860913658280,1,96324
32860913668179,0,96324
32860913671793,1,96324
32860913681681,0,96324
32860913685252,1,96324
32860913695162,0,96324
32860913699601,1,96324
32860913709511,0,96324
32860913713809,1,96324
32860913723838,0,96324
32860913726758,1,96324
32860913736635,0,96324
32860913740108,1,96324
32860913750039,0,96324
32860913759960,1,96324
32860913808228,0,96324
32860913812309,1,96324
32860913822240,0,96324
32860913825181,1,96324
32860913835069,0,96324
32860913839096,1,96324
32860913848984,0,96324
32860913852067,1,96324
32860913861944,0,96324
32860913865797,1,96324
32860913875685,0,96324
32860913880027,1,96324
32860913889969,0,96324
32860913892975,1,96324
32860913998748,0,96324
32860914004316,1,96324
32860914014399,0,96324
32860914018513,1,96324
32860914028455,0,96324
32860914031993,1,96324
32860914041990,0,96324
32860914046820,1,96324
32860914056860,0,96324
32860914067801,1,96324
32860914078199,0,96324
32860914082030,1,96324
32860914091962,0,96324
32860914095977,1,96324
32860914193359,0,96324
32860914199633,1,96324
32860914209836,0,96324
32860914213201,1,96324
32860914223447,0,96324
32860914227495,1,96324
32860914237361,0,96324
32860914240498,1,96324
32860914250441,0,96324
32860914255249,1,96324
32860914274699,0,96324
32860914346856,1,96324
32860914361184,0,96324
32860914365395,1,96324
32860914375359,0,96324
32860914379635,1,96324
32860914389491,0,96324
32860914392660,1,96324
32860914402624,0,96324
32860914407302,1,96324
32860914417310,0,96324
32860914421076,1,96324
32860914430942,0,96324
32860914434719,1,96324
32860914444629,0,96324
32860914448211,1,96324
32860914458066,0,96324
32860914461778,1,96324
32860914471623,0,96324
32860914475498,1,96324
32860914485353,0,96324
32860914490248,1,96324
32860914503197,0,96324
32860914512380,1,96324
32860914522344,0,96324
32860914525784,1,96324
32860914535694,0,96324
32860914539460,1,96324
32860914555872,0,96324
32860914621820,1,96324
32860914634628,0,96324
32860914638687,1,96324
32860914648586,0,96324
32860914652136,1,96324
32860914662045,0,96324
32860914666387,1,96324
32860914676448,0,96324
32860914680454,1,96324
32860914690450,0,96324
32860914694065,1,96324
32860914703909,0,96324
32860914707773,1,96324
32860914723956,0,96324
32860914765039,1,96324
32860914778574,0,96324
32860914782666,1,96324
32860914792662,0,96324
32860914796331,1,96324
32860914806186,0,96324
32860914809866,1,96324
32860914819732,0,96324
32860914823900,1,96324
32860914833777,0,96324
32860914837478,1,96324
32860914847279,0,96324
32860914850622,1,96324
32860914860467,0,96324
32860914864472,1,96324
32860914874403,0,96324
32860914878669,1,96324
32860914932830,0,96324
32860914936933,1,96324
32860914946875,0,96324
32860914951293,1,96324
32860914961300,0,96324
32860914965067,1,96324
32860914974890,0,96324
32860914978591,1,96324
32860914988511,0,96324
32860914991268,1,96324
32860915001189,0,96324
32860915005509,1,96324
32860915015494,0,96324
32860915019445,1,96324
32860915029257,0,96324
32860915032134,1,96324
32860915080336,0,96321
32860915085014,1,96321
32860915098169,0,96321
32860915102489,1,96321
32860915112464,0,96321
32860915116328,1,96321
32860915126270,0,96321
32860915130416,1,96321
32860915140293,0,96321
32860915144092,1,96321
32860915154013,0,96321
32860915158311,1,96321
32860915168253,0,96321
32860915172595,1,96321
32860915183080,0,96321
32860915186325,1,96321
32860915196202,0,96321
32860915295603,1,96321
32860915311244,0,96321
32860915315737,1,96321
32860915325799,0,96321
32860915330683,1,96321
32860915340832,0,96321
32860915344848,1,96321
32860915354768,0,96321
32860915358122,1,96321
32860915368010,0,96321
32860915371548,1,96321
32860915381458,0,96321
32860915384703,1,96321
32860915394667,0,96321
32860915398477,1,96321
32860915466184,0,96321
32860915470884,1,96321
32860915481651,0,96321
32860915485732,1,96321
32860915495642,0,96321
32860915498768,1,96321
32860915508580,0,96321
32860915512173,1,96321
32860915522093,0,96321
32860915525990,1,96321
32860915535878,0,96321
32860915539492,1,96321
32860915549380,0,96321
32860915553950,1,96321
32860915563968,0,96321
32860915567962,1,96321
32860915577991,0,96321
32860915581779,1,96321
32860915631708,0,96321
32860915635995,1,96321
32860915645970,0,96321
32860915648900,1,96321
32860915658832,0,96321
32860915663510,1,96321
32860915673506,0,96321
32860915676383,1,96321
32860915686227,0,96321
32860915689147,1,96321
32860915699013,0,96321
32860915702617,1,96321
32860915712483,0,96321
32860915715913,1,96321
32860915725779,0,96321
32860915729730,1,96321
32860915812502,0,96322
32860915819319,1,96322
32860915839257,0,96322
32860915843903,1,96322
32860915853910,0,96322
32860915857557,1,96322
32860915867434,0,96322
32860915872612,1,96322
32860915919772,0,96325
32860915931028,1,96325
32860915951270,0,96325
32860915955753,1,96325
32860915965761,0,96325
32860915969429,1,96325
32860915979469,0,96325
32860915983496,1,96325
32860915993406,0,96325
32860915997302,1,96325
32860916007310,0,96325
32860916010870,1,96325
32860916027639,0,96325
32860916081301,1,96325
32860916092785,0,96325
32860916096312,1,96325
32860916106320,0,96325
32860916110379,1,96325
32860916120213,0,96325
32860916123382,1,96325
32860916133259,0,96325
32860916137492,1,96325
32860916147717,0,96325
32860916150745,1,96325
32860916160666,0,96325
32860916164280,1,96325
32860916174146,0,96325
32860916178043,1,96325
32860916187931,0,96325
32860916191958,1,96325
32860916208347,0,96325
32860916246846,1,96325
32860916257928,0,96325
32860916261684,1,96325
32860916271778,0,96325
32860916275045,1,96325
32860916285172,0,96325
32860916288525,1,96325
32860916298392,0,96325
32860916302017,1,96325
32860916311894,0,96325
32860916315367,1,96325
32860916325201,0,96325
32860916328262,1,96325
32860916338139,0,96325
32860916341352,1,96325
32860916351413,0,96325
32860916354192,1,96325
32860916403013,0,96325
32860916407170,1,96325
32860916417786,0,96325
32860916421541,1,96325
32860916431440,0,96325
32860916435152,1,96325
32860916445018,0,96325
32860916448947,1,96325
32860916458803,0,96325
32860916461679,1,96325
32860916471556,0,96325
32860916474921,1,96325
32860916484852,0,96325
32860916489150,1,96325
32860916499190,0,96325
32860916503206,1,96325
32860916513170,0,96325
32860916517382,1,96325
32860916565063,0,96325
32860916569394,1,96325
32860916580194,0,96325
32860916584948,1,96325
32860916594977,0,96325
32860916598797,1,96325
32860916608805,0,96325
32860916612745,1,96325
32860916622644,0,96325
32860916626399,1,96325
32860916636276,0,96325
32860916639804,1,96325
32860916649768,0,96325
32860916653697,1,96325
32860916663672,0,96325
32860916666993,1,96325
32860916676903,0,96325
32860916681136,1,96325
32860916735536,0,96325
32860916740257,1,96325
32860916750308,0,96325
32860916753347,1,96325
32860916763572,0,96325
32860916766405,1,96325
32860916776358,0,96325
32860916780102,1,96325
32860916789947,0,96325
32860916794473,1,96325
32860916804480,0,96325
32860916807867,1,96325
32860916817755,0,96325
32860916821467,1,96325
32860916831398,0,96325
32860916835338,1,96325
32860916911674,0,96323
32860916919174,1,96323
32860916935445,0,96323
32860916939102,1,96323
32860916949131,0,96323
32860916954667,1,96323
32860916964750,0,96323
32860916969059,1,96323
32860916978980,0,96323
32860916983018,1,96323
32860916993155,0,96323
32860916996227,1,96323
32860917073192,0,96323
32860917077523,1,96323
32860917088041,0,96323
32860917091547,1,96323
32860917101413,0,96323
32860917104886,1,96323
32860917114720,0,96323
32860917118378,1,96323
32860917128233,0,96323
32860917131837,1,96323
32860917141681,0,96323
32860917144937,1,96323
32860917154804,0,96323
32860917158765,1,96323
32860917168642,0,96323
32860917172430,1,96323
32860917182362,0,96323
32860917186280,1,96323
32860917262844,0,96323
32860917266686,1,96323
32860917276650,0,96323
32860917281144,1,96323
32860917291054,0,96323
32860917294006,1,96323
32860917303916,0,96323
32860917307877,1,96323
32860917317744,0,96323
32860917321857,1,96323
32860917331789,0,96323
32860917336315,1,96323
32860917352758,0,96323
32860917428194,1,96323
32860917441685,0,96323
32860917445972,1,96323
32860917456056,0,96323
32860917460050,1,96323
32860917470253,0,96323
32860917473954,1,96323
32860917483929,0,96323
32860917487771,1,96323
32860917497648,0,96323
32860917501089,1,96323
32860917510999,0,96323
32860917514211,1,96323
32860917524067,0,96323
32860917527291,1,96323
32860917537146,0,96323
32860917540055,1,96323
32860917549899,0,96323
32860917553329,1,96323
32860917640356,0,96323
32860917645328,1,96323
32860917655671,0,96323
32860917659948,1,96323
32860917669803,0,96323
32860917743046,3,96321
32860917941359,1,96323
32860917960440,0,96323
32860917995108,1,96323
32860918010651,0,96323
32860918015438,1,96323
32860918025456,0,96323
32860918028658,1,96323
32860918038567,0,96323
32860918049562,1,96323
32860918059982,0,96323
32860918137708,1,96323
32860918152024,0,96323
32860918156159,1,96323
32860918166807,0,96323
32860918170552,1,96323
32860918180418,0,96323
32860918184032,1,96323
32860918193899,0,96323
32860918197730,1,96323
32860918207955,0,96323
32860918211591,1,96323
32860918221566,0,96323
32860918225788,1,96323
32860918235687,0,96323
32860918239659,1,96323
32860918291302,0,96325
32860918296795,1,96325
32860918308354,0,96325
32860918312652,1,96325
32860918322649,0,96325
32860918326643,1,96325
32860918336791,0,96325
32860918340797,1,96325
32860918350988,0,96325
32860918354527,1,96325
32860918364632,0,96325
32860918368073,1,96325
32860918378069,0,96325
32860918381325,1,96325
32860918391235,0,96325
32860918394535,1,96325
32860918404499,0,96325
32860918449510,1,96325
32860918460744,0,96325
32860918465010,1,96325
32860918474984,0,96325
32860918477893,1,96325
32860918487749,0,96325
32860918491602,1,96325
32860918501815,0,96325
32860918505169,1,96325
32860918515090,0,96325
32860918518900,1,96325
32860918528788,0,96325
32860918532804,1,96325
32860918542648,0,96325
32860918545481,1,96325
32860918555336,0,96325
32860918559526,1,96325
32860918609595,0,96325
32860918614719,1,96325
32860918624824,0,96325
32860918628818,1,96325
32860918638890,0,96325
32860918642364,1,96325
32860918652219,0,96325
32860918655551,1,96325
32860918665417,0,96325
32860918669466,1,96325
32860918679549,0,96325
32860918683620,1,96325
32860918693627,0,96325
32860918697306,1,96325
32860918707118,0,96325
32860918710852,1,96325
32860918726862,0,96325
32860918765545,1,96325
32860918785376,0,96325
32860918788437,1,96325
32860918798346,0,96325
32860918804164,1,96325
32860918814106,0,96325
32860918817113,1,96325
32860918827229,0,96325
32860918830952,1,96325
32860918840796,0,96325
32860918844454,1,96325
32860918854364,0,96325
32860918858716,1,96325
32860918868723,0,96325
32860918872696,1,96325
32860918882541,0,96325
32860918885927,1,96325
32860918895956,0,96325
32860918900026,1,96325
32860918916275,0,96325
32860918952560,1,96325
32860918963587,0,96325
32860918967473,1,96325
32860918977404,0,96325
32860918981496,1,96325
32860918991449,0,96325
32860918995107,1,96325
32860919004984,0,96325
32860919008501,1,96325
32860919018367,0,96325
32860919021461,1,96325
32860919031338,0,96325
32860919035495,1,96325
32860919045339,0,96325
32860919194267,1,96325
32860919211470,0,96325
32860919215628,1,96325
32860919226525,0,96325
32860919230432,1,96325
32860919240364,0,96325
32860919244065,1,96325
32860919254040,0,96325
32860919258783,1,96325
32860919268834,0,96325
32860919340090,1,96325
32860919354146,0,96325
32860919359030,1,96325
32860919369125,0,96325
32860919372576,1,96325
32860919382508,0,96325
32860919386393,1,96325
32860919396596,0,96325
32860919400417,1,96325
32860919410446,0,96325
32860919414972,1,96325
32860919424947,0,96325
32860919428822,1,96325
32860919438699,0,96325
32860919442335,1,96325
32860919452266,0,96325
32860919456347,1,96325
32860919466300,0,96325
32860919469470,1,96325
32860919479379,0,96325
32860919486966,1,96325
32860919496843,0,96325
32860919502216,1,96325
32860919513016,0,96325
32860919517195,1,96325
32860919527202,0,96325
32860919531131,1,96325
32860919541128,0,96325
32860919544753,1,96325
32860919554619,0,96325
32860919557973,1,96325
32860919607869,0,96323
32860919612753,1,96323
32860919626147,0,96323
32860919630347,1,96323
32860919640376,0,96323
32860919644903,1,96323
32860919655344,0,96323
32860919658090,1,96323
32860919668271,0,96323
32860919671842,1,96323
32860919681752,0,96323
32860919688470,1,96323
32860919699390,0,96323
32860919703080,1,96323
32860919713033,0,96323
32860919716615,1,96323
32860919726449,0,96323
32860919730508,1,96323
32860919740374,0,96323
32860919744303,1,96323
32860919754343,0,96323
32860919757068,1,96323
32860919767021,0,96323
32860919770776,1,96323
32860919780653,0,96323
32860919784170,1,96323
32860919794015,0,96323
32860919797835,1,96323
32860919807777,0,96323
32860919811555,1,96323
32860919859323,0,96322
32860919864381,1,96322
32860919875832,0,96322
32860919879935,1,96322
32860919889986,0,96322
32860919894132,1,96322
32860919904117,0,96322
32860919908199,1,96322
32860919918119,0,96322
32860919921462,1,96322
32860919931578,0,96322
32860919935073,1,96322
32860919944983,0,96322
32860919948619,1,96322
32860919958496,0,96322
32860919961937,1,96322
32860919971901,0,96322
32860919975211,1,96322
32860919985110,0,96322
32860919988941,1,96322
32860919998938,0,96322
32860920002400,1,96322
32860920051059,0,96322
32860920055693,1,96322
32860920066146,0,96322
32860920070216,1,96322
32860920080440,0,96322
32860920083469,1,96322
32860920093454,0,96322
32860920098002,1,96322
32860920107988,0,96322
32860920111374,1,96322
32860920121262,0,96322
32860920124985,1,96322
32860920247646,0,96323
32860920254332,1,96323
32860920266228,0,96323
32860920270320,1,96323
32860920280382,0,96323
32860920284343,1,96323
32860920294177,0,96323
32860920298540,1,96323
32860920308385,0,96323
32860920311467,1,96323
32860920321410,0,96323
32860920325491,1,96323
32860920335368,0,96323
32860920338385,1,96323
32860920348284,0,96323
32860920352300,1,96323
32860920362199,0,96323
32860920366237,1,96323
32860920376081,0,96323
32860920380998,1,96323
32860920397854,0,96323
32860920441748,1,96323
32860920455521,0,96323
32860920460460,1,96323
32860920470457,0,96323
32860920473756,1,96323
32860920483709,0,96323
32860920487638,1,96323
32860920497548,0,96323
32860920500804,1,96323
32860920510681,0,96323
32860920514708,1,96323
32860920524694,0,96323
32860920529329,1,96323
32860920539792,0,96323
32860920542375,1,96323
32860920552448,0,96323
32860920609431,1,96323
32860920622662,0,96323
32860920626754,1,96323
32860920636685,0,96323
32860920640050,1,96323
32860920649916,0,96323
32860920653791,1,96323
32860920663690,0,96323
32860920666849,1,96323
32860920676704,0,96323
32860920680394,1,96323
32860920690271,0,96323
32860920693929,1,96323
32860920703915,0,96323
32860920708072,1,96323
32860920761647,0,96323
32860920765587,1,96323
32860920834651,0,96323
32860920840729,1,96323
32860920851768,0,96323
32860920855588,1,96323
32860920877676,0,96323
32860920943582,1,96323
32860920958148,0,96323
32860920962576,1,96323
32860920972475,0,96323
32860920975861,1,96323
32860920985760,0,96323
32860920988561,1,96323
32860920998449,0,96323
32860921003593,1,96323
32860921013568,0,96323
32860921016987,1,96323
32860921026886,0,96323
32860921030598,1,96323
32860921040508,0,96323
32860921044100,1,96323
32860921095223,0,96324
32860921100324,1,96324
32860921113696,0,96324
32860921117549,1,96324
32860921127546,0,96324
32860921130292,1,96324
32860921140147,0,96324
32860921143545,1,96324
32860921153454,0,96324
32860921157861,1,96324
32860921167749,0,96324
32860921172080,1,96324
32860921182055,0,96324
32860921184757,1,96324
32860921194623,0,96324
32860921198227,1,96324
32860921208082,0,96324
32860921862947,1,96324
32860921881702,0,96324
32860921884806,1,96324
32860921894868,0,96324
32860921898819,1,96324
32860921908816,0,96324
32860921914123,1,96324
32860921924217,0,96324
32860921927734,1,96324
32860921937687,0,96324
32860921940694,1,96324
32860921950625,0,96324
32860921954891,1,96324
32860921964876,0,96324
32860921968208,1,96324
32860921978096,0,96324
32860921981591,1,96324
32860921991490,0,96324
32860921995723,1,96324
32860922005676,0,96324
32860922009237,1,96324
32860922070106,0,96324
32860922075283,1,96324
32860922085366,0,96324
32860922088449,1,96324
32860922098348,0,96324
32860922102537,1,96324
32860922112425,0,96324
32860922116159,1,96324
32860922126091,0,96324
32860922129629,1,96324
32860922139473,0,96324
32860922142643,1,96324
32860922152487,0,96324
32860922156124,1,96324
32860922166044,0,96324
32860922169279,1,96324
32860922179134,0,96324
32860922182238,1,96324
32860922232601,0,96322
32860922237235,1,96322
32860922250499,0,96322
32860922255307,1,96322
32860922265369,0,96322
32860922269331,1,96322
32860922279305,0,96322
32860922282301,1,96322
32860922292308,0,96322
32860922296292,1,96322
32860922339046,0,96322
32860922344733,1,96322
32860922355131,0,96322
32860922360428,1,96322
32860922370642,0,96322
32860922374234,1,96322
32860922384187,0,96322
32860922388117,1,96322
32860922408902,0,96322
32860922472723,1,96322
32860922486844,0,96322
32860922492163,1,96322
32860922502181,0,96322
32860922505318,1,96322
32860922515260,0,96322
32860922519938,1,96322
32860922530152,0,96322
32860922534005,1,96322
32860922543882,0,96322
32860922547594,1,96322
32860922557428,0,96322
32860922560630,1,96322
32860922570496,0,96322
32860922574577,1,96322
32860922584422,0,96322
32860922632896,1,96322
32860922646496,0,96322
32860922651510,1,96322
32860922661496,0,96322
32860922665327,1,96322
32860922675313,0,96322
32860922678862,1,96322
32860922688815,0,96322
32860922692853,1,96322
32860922703175,0,96322
32860922706149,1,96322
32860922716102,0,96322
32860922719575,1,96322
32860922729420,0,96322
32860922732557,1,96322
32860922742499,0,96322
32860922746526,1,96322
32860922800123,0,96322
32860922804388,1,96322
32860922814418,0,96322
32860922817880,1,96322
32860922827757,0,96322
32860922831741,1,96322
32860922841618,0,96322
32860922845851,1,96322
32860922855717,0,96322
32860922859451,1,96322
32860922869339,0,96322
32860922873387,1,96322
32860922883547,0,96322
32860922886564,1,96322
32860922896452,0,96322
32860922899958,1,96322
32860922945469,0,96325
32860922949962,1,96325
32860922961522,0,96325
32860922966352,1,96325
32860922976435,0,96325
32860922980180,1,96325
32860922990100,0,96325
32860922993118,1,96325
32860923003179,0,96325
32860923007141,1,96325
32860923016975,0,96325
32860923020404,1,96325
32860923030271,0,96325
32860923033939,1,96325
32860923043806,0,96325
32860923047355,1,96325
32860923057319,0,96325
32860923061812,1,96325
32860923258324,0,96325
32860923264066,1,96325
32860923274279,0,96325
32860923278588,1,96325
32860923289377,0,96325
32860923293371,1,96325
32860923303433,0,96325
32860923307471,1,96325
32860923317391,0,96325
32860923321114,1,96325
32860923331154,0,96325
32860923334204,1,96325
32860923344124,0,96325
32860923348271,1,96325
32860923358137,0,96325
32860923370293,1,96325
32860923471713,0,96325
32860923476945,1,96325
32860923487093,0,96325
32860923491315,1,96325
32860923501963,0,96325
32860923505849,1,96325
32860923515780,0,96325
32860923519503,1,96325
32860923529587,0,96325
32860923533092,1,96325
32860923543208,0,96325
32860923547127,1,96325
32860923557058,0,96325
32860923560238,1,96325
32860923570115,0,96325
32860923582163,1,96325
32860923631126,0,96325
32860923635630,1,96325
32860923645789,0,96325
32860923649480,1,96325
32860923659357,0,96325
32860923662960,1,96325
32860923672783,0,96325
32860923676246,1,96325
32860923686144,0,96325
32860923691029,1,96325
32860923701069,0,96325
32860923704325,1,96325
32860923714234,0,96325
32860923718576,1,96325
32860923728790,0,96325
32860923731807,1,96325
32860923781366,0,96322
32860923785447,1,96322
32860923795791,0,96322
32860923799677,1,96322
32860923809576,0,96322
32860923813179,1,96322
32860923823067,0,96322
32860923826421,1,96322
32860923836353,0,96322
32860923840900,1,96322
32860923850984,0,96322
32860923855521,1,96322
32860923865789,0,96322
32860923869794,1,96322
32860923879649,0,96322
32860923883947,1,96322
32860923900141,0,96322
32860923949961,1,96322
32860923963323,0,96322
32860923967773,1,96322
32860923977704,0,96322
32860923980917,1,96322
32860923990794,0,96322
32860923995016,1,96322
32860924005002,0,96322
32860924008529,1,96322
32860924018385,0,96322
32860924021652,1,96322
32860924031583,0,96322
32860924035371,1,96322
32860924045444,0,96322
32860924048602,1,96322
32860924101515,0,96322
32860924105369,1,96322
32860924115289,0,96322
32860924119642,1,96322
32860924129551,0,96322
32860924133394,1,96322
32860924143227,0,96322
32860924147254,1,96322
32860924157110,0,96322
32860924161646,1,96322
32860924171730,0,96322
32860924175344,1,96322
32860924185178,0,96322
32860924189357,1,96322
32860924199266,0,96322
32860924203185,1,96322
32860924247382,0,96324
32860924251409,1,96324
32860924264434,0,96324
32860924268330,1,96324
32860924278283,0,96324
32860924281952,1,96324
32860924291873,0,96324
32860924294684,1,96324
32860924304702,0,96324
32860924309174,1,96324
32860924319203,0,96324
32860924323251,1,96324
32860924333270,0,96324
32860924336135,1,96324
32860924346034,0,96324
32860924350191,1,96324
32860924360079,0,96324
32860924407109,1,96324
32860924420709,0,96324
32860924423640,1,96324
32860924433528,0,96324
32860924436893,1,96324
32860924446770,0,96324
32860924449972,1,96324
32860924459871,0,96324
32860924501354,1,96324
32860924617698,0,96323
32860924624884,1,96323
32860924639482,0,96323
32860924644312,1,96323
32860924654320,0,96323
32860924658846,1,96323
32860924668723,0,96323
32860924672109,1,96323
32860924681954,0,96323
32860924686111,1,96323
32860924696042,0,96323
32860924699624,1,96323
32860924709556,0,96323
32860924712345,1,96323
32860924722200,0,96323
32860924725348,1,96323
32860924782614,0,96323
32860924787086,1,96323
32860924797147,0,96323
32860924802107,1,96323
32860924812147,0,96323
32860924816142,1,96323
32860924826062,0,96323
32860924829047,1,96323
32860924839000,0,96323
32860924842788,1,96323
32860924852698,0,96323
32860924856139,1,96323
32860924866048,0,96323
32860924869847,1,96323
32860924879713,0,96323
32860924883393,1,96323
32860924937348,0,96323
32860924942960,1,96323
32860924953021,0,96323
32860924957113,1,96323
32860924967055,0,96323
32860924971343,1,96323
32860924981296,0,96323
32860924984715,1,96323
32860924994679,0,96323
32860924998825,1,96323
32860925008756,0,96323
32860925012664,1,96323
32860925165466,0,96323
32860925171501,1,96323
32860925181715,0,96323
32860925185644,1,96323
32860925195510,0,96323
32860925199016,1,96323
32860925208958,0,96323
32860925214320,1,96323
32860925224479,0,96323
32860925228343,1,96323
32860925238253,0,96323
32860925242074,1,96323
32860925251951,0,96323
32860925254784,1,96323
32860925313591,0,96323
32860925318464,1,96323
32860925328439,0,96323
32860925332813,1,96323
32860925342712,0,96323
32860925346391,1,96323
32860925356258,0,96323
32860925360599,1,96323
32860925370585,0,96323
32860925374210,1,96323
32860925384065,0,96323
32860925387246,1,96323
32860925397079,0,96323
32860925400705,1,96323
32860925410571,0,96323
32860925414728,1,96323
32860925470854,0,96323
32860925475402,1,96323
32860925486191,0,96323
32860925488893,1,96323
32860925498966,0,96323
32860925503741,1,96323
32860925513608,0,96323
32860925517048,1,96323
32860925526947,0,96323
32860925530768,1,96323
32860925540623,0,96323
32860925544411,1,96323
32860925554267,0,96323
32860925558261,1,96323
32860925568106,0,96323
32860925571818,1,96323
32860925624904,0,96323
32860925629040,1,96323
32860925639047,0,96323
32860925642499,1,96323
32860925652821,0,96323
32860925656479,1,96323
32860925666605,0,96323
32860925670307,1,96323
32860925680184,0,96323
32860925683668,1,96323
32860925693491,0,96323
32860925696682,1,96323
32860925706537,0,96323
32860925709576,1,96323
32860925719454,0,96323
32860925723925,1,96323
32860925772204,0,96325
32860925776415,1,96325
32860925789429,0,96325
32860925793858,1,96325
32860925803865,0,96325
32860925807827,1,96325
32860925817758,0,96325
32860925821503,1,96325
32860925831412,0,96325
32860925835537,1,96325
32860925845381,0,96325
32860925848334,1,96325
32860925858178,0,96325
32860925861033,1,96325
32860925870943,0,96325
32860925874926,1,96325
32860925884901,0,96325
32860925888124,1,96325
32860925937640,0,96325
32860925941233,1,96325
32860925951154,0,96325
32860925955365,1,96325
32860925965329,0,96325
32860925969334,1,96325
32860925979363,0,96325
32860925983672,1,96325
32860925993636,0,96325
32860925996610,1,96325
32860926006465,0,96325
32860926009342,1,96325
32860926019208,0,96325
32860926023007,1,96325
32860926032971,0,96325
32860926036911,1,96325
32860926046940,0,96325
32860926050641,1,96325
32860926060486,0,96325
32860926063547,1,96325
32860926073424,0,96325
32860926084071,1,96325
32860926094231,0,96325
32860926097487,1,96325
32860926107364,0,96325
32860926110143,1,96325
32860926264703,0,96325
32860926278249,1,96325
32860926288778,0,96325
32860926293065,1,96325
32860926303756,0,96325
32860926307772,1,96325
32860926317747,0,96325
32860926321687,1,96325
32860926331705,0,96325
32860926335189,1,96325
32860926345153,0,96325
32860926348333,1,96325
32860926358384,0,96325
32860926365070,1,96325
32860926375143,0,96325
32860926380776,1,96325
32860926390751,0,96325
32860926394289,1,96325
32860926404242,0,96325
32860926408464,1,96325
32860926418548,0,96325
32860926471830,1,96325
32860926485614,0,96325
32860926490043,1,96325
32860926500007,0,96325
32860926502959,1,96325
32860926512880,0,96325
32860926517362,1,96325
32860926527402,0,96325
32860926531114,1,96325
32860926540981,0,96325
32860926544910,1,96325
32860926554830,0,96325
32860926557956,1,96325
32860926567985,0,96325
32860926571708,1,96325
32860926581998,0,96325
32860926585439,1,96325
32860926595305,0,96325
32860926598203,1,96325
32860926608037,0,96325
32860926612009,1,96325
32860926621886,0,96325
32860926625316,1,96325
32860926635182,0,96325
32860926638797,1,96325
32860926648696,0,96325
32860926652712,1,96325
32860926662524,0,96325
32860926665389,1,96325
32860926675299,0,96325
32860926679564,1,96325
32860926738827,0,96325
32860926743266,1,96325
32860926753263,0,96325
32860926757908,1,96325
32860926767948,0,96325
32860926771194,1,96325
32860926781082,0,96325
32860926784435,1,96325
32860926794410,0,96325
32860926798166,1,96325
32860926808151,0,96325
32860926812157,1,96325
32860926822088,0,96325
32860926826039,1,96325
32860926836003,0,96325
32860926839367,1,96325
32860926849310,0,96325
32860926853033,1,96325
32860926900725,0,96322
32860926905078,1,96322
32860926918211,0,96322
32860926921586,1,96322
32860926931496,0,96322
32860926934394,1,96322
32860926944271,0,96322
32860926948027,1,96322
32860926957947,0,96322
32860926962625,1,96322
32860926972665,0,96322
32860926976801,1,96322
32860926986732,0,96322
32860926990748,1,96322
32860927000658,0,96322
32860927004391,1,96322
32860927014334,0,96322
32860927018111,1,96322
32860927073249,0,96322
32860927078155,1,96322
32860927088238,0,96322
32860927091506,1,96322
32860927101415,0,96322
32860927105735,1,96322
32860927115623,0,96322
32860927119053,1,96322
32860927128952,0,96322
32860927132729,1,96322
32860927142584,0,96322
32860927146275,1,96322
32860927156141,0,96322
32860927159734,1,96322
32860927169589,0,96322
32860927173388,1,96322
32860927264247,0,96322
32860927270596,1,96322
32860927280680,0,96322
32860927283838,1,96322
32860927293759,0,96322
32860927297699,1,96322
32860927308260,0,96322
32860927312352,1,96322
32860927322239,0,96322
32860927325148,1,96322
32860927334971,0,96322
32860927337880,1,96322
32860927347725,0,96322
32860927352110,1,96322
32860927362019,0,96322
32860927425928,1,96322
32860927437520,0,96322
32860927441210,1,96322
32860927452010,0,96322
32860927457817,1,96322
32860927474271,0,96322
32860927483085,1,96322
32860927493059,0,96322
32860927496782,1,96322
32860927506725,0,96322
32860927511001,1,96322
32860927520976,0,96322
32860927524883,1,96322
32860927534771,0,96322
32860927538364,1,96322
32860927548415,0,96322
32860927551465,1,96322
32860927561353,0,96322
32860927565293,1,96322
32860927615742,0,96323
32860927620529,1,96323
32860927634682,0,96323
32860927638014,1,96323
32860927647968,0,96323
32860927651864,1,96323
32860927661774,0,96323
32860927665942,1,96323
32860927675819,0,96323
32860927679118,1,96323
32860927689115,0,96323
32860927694043,1,96323
32860927704083,0,96323
32860927707795,1,96323
32860927717650,0,96323
32860927721655,1,96323
32860927770487,0,96324
32860927775187,1,96324
32860927786638,0,96324
32860927790415,1,96324
32860927800347,0,96324
32860927804829,1,96324
32860927814848,0,96324
32860927817843,1,96324
32860927827742,0,96324
32860927831823,1,96324
32860927841863,0,96324
32860927845857,1,96324
32860927855800,0,96324
32860927859490,1,96324
32860927869345,0,96324
32860927873264,1,96324
32860927883108,0,96324
32860927891889,1,96324
32860927935196,0,96324
32860927939223,1,96324
32860927949187,0,96324
32860927953236,1,96324
32860927963189,0,96324
32860927966488,1,96324
32860927976420,0,96324
32860927980121,1,96324
32860927990552,0,96324
32860927994275,1,96324
32860928004184,0,96324
32860928008244,1,96324
32860928018175,0,96324
32860928022397,1,96324
32860928032546,0,96324
32860928035248,1,96324
32860928082452,0,96324
32860928087369,1,96324
32860928097995,0,96324
32860928101458,1,96324
32860928111367,0,96324
32860928115199,1,96324
32860928125087,0,96324
32860928128506,1,96324
32860928138350,0,96324
32860928142182,1,96324
32860928152406,0,96324
32860928156032,1,96324
32860928166104,0,96324
32860928170131,1,96324
32860928179997,0,96324
32860928183774,1,96324
32860928193630,0,96324
32860928196419,1,96324
32860928248551,0,96324
32860928253218,1,96324
32860928263421,0,96324
32860928267035,1,96324
32860928276945,0,96324
32860928280733,1,96324
32860928321229,0,96324
32860928326602,1,96324
32860928337510,0,96324
32860928342579,1,96324
32860928353585,0,96324
32860928356212,1,96324
32860928434252,0,96324
32860928439310,1,96324
32860928449415,0,96324
32860928453474,1,96324
32860928463351,0,96324
32860928467389,1,96324
32860928477255,0,96324
32860928481651,1,96324
32860928491517,0,96324
32860928494220,1,96324
32860928504086,0,96324
32860928508298,1,96324
32860928518207,0,96324
32860928521615,1,96324
32860928531471,0,96324
32860928534141,1,96324
32860928584688,0,96322
32860928588519,1,96322
32860928599330,0,96322
32860928603194,1,96322
32860928613071,0,96322
32860928616197,1,96322
32860928626118,0,96322
32860928638003,1,96322
32860928648444,0,96322
32860928652601,1,96322
32860928662891,0,96322
32860928666158,1,96322
32860928676046,0,96322
32860928680149,1,96322
32860928689982,0,96322
32860928692783,1,96322
32860928743536,0,96324
32860928748377,1,96324
32860928759372,0,96324
32860928763182,1,96324
32860928784445,0,96323
32860928789264,1,96323
32860928799510,0,96323
32860928803113,1,96323
32860928812969,0,96323
32860928816410,1,96323
32860928826287,0,96323
32860928829912,1,96323
32860928839778,0,96323
32860928843783,1,96323
32860928853726,0,96323
32860928856971,1,96323
32860928866816,0,96323
32860928870441,1,96323
32860928880274,0,96323
32860928883997,1,96323
32860928893864,0,96323
32860928897663,1,96323
32860928907540,0,96323
32860928911556,1,96323
32860928921411,0,96323
32860928924613,1,96323
32860928934783,0,96323
32860928937518,1,96323
32860928947547,0,96323
32860929025056,1,96323
32860929038200,0,96323
32860929042835,1,96323
32860929052831,0,96323
32860929055794,1,96323
32860929065671,0,96323
32860929069861,1,96323
32860929079825,0,96323
32860929084069,1,96323
32860929094521,0,96323
32860929098060,1,96323
32860929108197,0,96323
32860929112137,1,96323
32860929160991,0,96324
32860929165908,1,96324
32860929179193,0,96324
32860929182916,1,96324
32860929192858,0,96324
32860929196386,1,96324
32860929206252,0,96324
32860929209356,1,96324
32860929219190,0,96324
32860929222956,1,96324
32860929232834,0,96324
32860929236698,1,96324
32860929246564,0,96324
32860929249418,1,96324
32860929259306,0,96324
32860929262856,1,96324
32860929272733,0,96324
32860929276846,1,96324
32860929332299,0,96324
32860929336728,1,96324
32860929346735,0,96324
32860929350187,1,96324
32860929360129,0,96324
32860929364807,1,96324
32860929407496,0,96324
32860929413335,1,96324
32860929423744,0,96324
32860929427890,1,96324
32860929502859,0,96322
32860929508579,1,96322
32860929522830,0,96322
32860929526477,1,96322
32860929536398,0,96322
32860929540685,1,96322
32860929550606,0,96322
32860929555153,1,96322
32860929565725,0,96322
32860929569589,1,96322
32860929579477,0,96322
32860929583374,1,96322
32860929593229,0,96322
32860929597386,1,96322
32860929607318,0,96322
32860929611290,1,96322
32860929659710,0,96325
32860929665061,1,96325
32860929676935,0,96325
32860929680180,1,96325
32860929690112,0,96325
32860929693368,1,96325
32860929703234,0,96325
32860929706816,1,96325
32860929716672,0,96325
32860929719754,1,96325
32860929729588,0,96325
32860929733083,1,96325
32860929742949,0,96325
32860929745771,1,96325
32860929755692,0,96325
32860929759686,1,96325
32860929769758,0,96325
32860929772722,1,96325
32860929830107,0,96325
32860929833938,1,96325
32860929843880,0,96325
32860929847050,1,96325
32860929856948,0,96325
32860929860454,1,96325
32860929870375,0,96325
32860929874673,1,96325
32860929884594,0,96325
32860929889369,1,96325
32860929899398,0,96325
32860929902969,1,96325
32860929912857,0,96325
32860929916048,1,96325
32860929925958,0,96325
32860929929811,1,96325
32860929998104,0,96325
32860930002055,1,96325
32860930012052,0,96325
32860930015807,1,96325
32860930025684,0,96325
32860930029766,1,96325
32860930039675,0,96325
32860930043713,1,96325
32860930053612,0,96325
32860930056835,1,96325
32860930066821,0,96325
32860930070924,1,96325
32860930080942,0,96325
32860930084502,1,96325
32860930100371,0,96325
32860930171931,1,96325
32860930185498,0,96325
32860930188624,1,96325
32860930198773,0,96325
32860930202583,1,96325
32860930212460,0,96325
32860930216465,1,96325
32860930249939,0,96325
32860930311665,1,96325
32860930326437,0,96325
32860930330182,1,96325
32860930340244,0,96325
32860930343934,1,96325
32860930434728,3,96324
32860930585381,0,96323
32860930592718,1,96323
32860930607490,0,96323
32860930610823,1,96323
32860930620776,0,96323
32860930624379,1,96323
32860930634441,0,96323
32860930639651,1,96323
32860930649702,0,96323
32860930653870,1,96323
32860930663801,0,96323
32860930667915,1,96323
32860930677889,0,96323
32860930681287,1,96323
32860930691196,0,96323
32860930694062,1,96323
32860930703885,0,96323
32860930707315,1,96323
32860930717181,0,96323
32860930721077,1,96323
32860930731020,0,96323
32860930734211,1,96323
32860930744131,0,96323
32860930748397,1,96323
32860930874857,0,96322
32860930882672,1,96322
32860930898681,0,96322
32860930902654,1,96322
32860930912607,0,96322
32860930917958,1,96322
32860930928074,0,96322
32860930932524,1,96322
32860930943248,0,96322
32860930947470,1,96322
32860930957336,0,96322
32860930960473,1,96322
32860930970361,0,96322
32860930974333,1,96322
32860930984211,0,96322
32860930988205,1,96322
32860930998158,0,96322
32860931001957,1,96322
32860931011845,0,96322
32860931015459,1,96322
32860931025304,0,96322
32860931029255,1,96322
32860931085934,0,96322
32860931090438,1,96322
32860931100359,0,96322
32860931104071,1,96322
32860931113970,0,96322
32860931118160,1,96322
32860931128601,0,96322
32860931131239,1,96322
32860931141311,0,96322
32860931144828,1,96322
32860931154672,0,96322
32860931158102,1,96322
32860931167990,0,96322
32860931172028,1,96322
32860931181916,0,96322
32860931185595,1,96322
32860931195451,0,96322
32860931199239,1,96322
32860931209105,0,96322
32860931212144,1,96322
32860931222000,0,96322
32860931225950,1,96322
32860931235806,0,96322
32860931239095,1,96322
32860931249048,0,96322
32860931253400,1,96322
32860931263473,0,96322
32860931315887,1,96322
32860931329248,0,96322
32860931332602,1,96322
32860931342511,0,96322
32860931346983,1,96322
32860931357034,0,96322
32860931360290,1,96322
32860931370211,0,96322
32860931374368,1,96322
32860931384321,0,96322
32860931387349,1,96322
32860931397259,0,96322
32860931401112,1,96322
32860931411423,0,96322
32860931414864,1,96322
32860931424752,0,96322
32860931482072,1,96322
32860931494901,0,96322
32860931498396,1,96322
32860931508360,0,96322
32860931512029,1,96322
32860931522329,0,96322
32860931526617,1,96322
32860931573430,0,96322
32860931580702,1,96322
32860931661803,0,96323
32860931667566,1,96323
32860931681872,0,96323
32860931686181,1,96323
32860931696156,0,96323
32860931700237,1,96323
32860931710179,0,96323
32860931715845,1,96323
32860931725917,0,96323
32860931729760,1,96323
32860931739680,0,96323
32860931743349,1,96323
32860931753215,0,96323
32860931757144,1,96323
32860931767011,0,96323
32860931770506,1,96323
32860931780394,0,96323
32860931831744,1,96323
32860931845268,0,96323
32860931856078,1,96323
32860931866444,0,96323
32860931870590,1,96323
32860931880500,0,96323
32860931883941,1,96323
32860931893796,0,96323
32860931897432,1,96323
32860931907320,0,96323
32860931911542,1,96323
32860931921398,0,96323
32860931925077,1,96323
32860931934998,0,96323
32860931938721,1,96323
32860931948609,0,96323
32860931952635,1,96323
32860931962534,0,96323
32860931966605,1,96323
32860931976449,0,96323
32860931979846,1,96323
32860931989691,0,96323
32860931993663,1,96323
32860932003541,0,96323
32860932053078,1,96323
32860932066808,0,96323
32860932070119,1,96323
32860932080083,0,96323
32860932084197,1,96323
32860932094291,0,96323
32860932098090,1,96323
32860932109280,0,96323
32860932113079,1,96323
32860932122934,0,96323
32860932126940,1,96323
32860932136860,0,96323
32860932141071,1,96323
32860932150959,0,96323
32860932154400,1,96323
32860932164321,0,96323
32860932216572,1,96323
32860932230193,0,96323
32860932234492,1,96323
32860932244488,0,96323
32860932247907,1,96323
32860932257784,0,96323
32860932261855,1,96323
32860932271753,0,96323
32860932275845,1,96323
32860932285777,0,96323
32860932289261,1,96323
32860932299084,0,96323
32860932302286,1,96323
32860932312163,0,96323
32860932316124,1,96323
32860932326056,0,96323
32860932372370,1,96323
32860932386100,0,96323
32860932389834,1,96323
32860932399798,0,96323
32860932402804,1,96323
32860932412681,0,96323
32860932416752,1,96323
32860932426640,0,96323
32860932429798,1,96323
32860932439589,0,96323
32860932443583,1,96323
32860932453406,0,96323
32860932456890,1,96323
32860932466702,0,96323
32860932470479,1,96323
32860932480378,0,96323
32860932484969,1,96323
32860932494933,0,96323
32860932498037,1,96323
32860932551840,0,96323
32860932556529,1,96323
32860932566591,0,96323
32860932569977,1,96323
32860932579876,0,96323
32860932584229,1,96323
32860932594301,0,96323
32860932597981,1,96323
32860932607869,0,96323
32860932611744,1,96323
32860932694266,0,96323
32860932700095,1,96323
32860932779796,0,96325
32860932783899,1,96325
32860932798367,0,96325
32860932804261,1,96325
32860932818924,0,96325
32860932825860,1,96325
32860932836833,0,96325
32860932844236,1,96325
32860932855437,0,96325
32860932859453,1,96325
32860932869482,0,96325
32860932873607,1,96325
32860932883462,0,96325
32860932886349,1,96325
32860932896248,0,96325
32860932899895,1,96325
32860932909761,0,96325
32860932914070,1,96325
32860932924078,0,96325
32860932927996,1,96325
32860932937873,0,96325
32860932941900,1,96325
32860932951810,0,96325
32860932955923,1,96325
32860932966061,0,96325
32860932969675,1,96325
32860932979683,0,96325
32860932983558,1,96325
32860933034995,0,96322
32860933040074,1,96322
32860933051493,0,96322
32860933056019,1,96322
32860933065939,0,96322
32860933069619,1,96322
32860933079550,0,96322
32860933083208,1,96322
32860933093335,0,96322
32860933096960,1,96322
32860933106848,0,96322
32860933110831,1,96322
32860933120741,0,96322
32860933125061,1,96322
32860933134927,0,96322
32860933138628,1,96322
32860933148538,0,96322
32860933151914,1,96322
32860933161823,0,96322
32860933165633,1,96322
32860933175554,0,96322
32860933179537,1,96322
32860933189425,0,96322
32860933192356,1,96322
32860933202309,0,96322
32860933205945,1,96322
32860933215952,0,96322
32860933219545,1,96322
32860933229389,0,96322
32860933233720,1,96322
32860933312824,0,96322
32860933316406,1,96322
32860933326337,0,96322
32860933331070,1,96322
32860933341099,0,96322
32860933344778,1,96322
32860933354601,0,96322
32860933358172,1,96322
32860933368027,0,96322
32860933372402,1,96322
32860933382365,0,96322
32860933386685,1,96322
32860933396541,0,96322
32860933399938,1,96322
32860933409804,0,96322
32860933413625,1,96322
32860933423524,0,96322
32860933427876,1,96322
32860933438046,0,96322
32860933440868,1,96322
32860933495117,0,96322
32860933499816,1,96322
32860933509726,0,96322
32860933512906,1,96322
32860933522773,0,96322
32860933526962,1,96322
32860933536980,0,96322
32860933540606,1,96322
32860933550396,0,96322
32860933554021,1,96322
32860933563942,0,96322
32860933568066,1,96322
32860933577998,0,96322
32860933581558,1,96322
32860933591489,0,96322
32860933595190,1,96322
32860933605350,0,96322
32860933608541,1,96322
32860933654855,0,96325
32860933659902,1,96325
32860933671396,0,96325
32860933675011,1,96325
32860933684953,0,96325
32860933688817,1,96325
32860933698737,0,96325
32860933728911,1,96325
32860933744715,0,96325
32860933749729,1,96325
32860933759780,0,96325
32860933762895,1,96325
32860933773619,0,96325
32860933846753,1,96325
32860933858660,0,96325
32860933863490,1,96325
32860933873486,0,96325
32860933876504,1,96325
32860933886479,0,96325
32860933890918,1,96325
32860933900969,0,96325
32860933904095,1,96325
32860933913994,0,96325
32860933918042,1,96325
32860933927887,0,96325
32860933931631,1,96325
32860933941508,0,96325
32860933944906,1,96325
32860933954848,0,96325
32860933958679,1,96325
32860934010627,0,96325
32860934015109,1,96325
32860934025562,0,96325
32860934029567,1,96325
32860934039422,0,96325
32860934043644,1,96325
32860934053576,0,96325
32860934057071,1,96325
32860934066959,0,96325
32860934070334,1,96325
32860934080244,0,96325
32860934084032,1,96325
32860934094170,0,96325
32860934097231,1,96325
32860934107216,0,96325
32860934110537,1,96325
32860934120447,0,96325
32860934123834,1,96325
32860934177029,0,96325
32860934181457,1,96325
32860934191508,0,96325
32860934195275,1,96325
32860934205119,0,96325
32860934208842,1,96325
32860934218687,0,96325
32860934223766,1,96325
32860934233860,0,96325
32860934238159,1,96325
32860934248014,0,96325
32860934251976,1,96325
32860934261885,0,96325
32860934265359,1,96325
32860934275247,0,96325
32860934278850,1,96325
32860934288912,0,96325
32860934338884,1,96325
32860934352288,0,96325
32860934356413,1,96325
32860934366431,0,96325
32860934369275,1,96325
32860934379163,0,96325
32860934383222,1,96325
32860934393295,0,96325
32860934397582,1,96325
32860934407622,0,96325
32860934411410,1,96325
32860934421634,0,96325
32860934425498,1,96325
32860934435495,0,96325
32860934438805,1,96325
32860934487779,0,96322
32860934492565,1,96322
32860934503962,0,96322
32860934507848,1,96322
32860934517725,0,96322
32860934520514,1,96322
32860934530380,0,96322
32860934533561,1,96322
32860934543470,0,96322
32860934548159,1,96322
32860934557950,0,96322
32860934561097,1,96322
32860934570974,0,96322
32860934574936,1,96322
32860934584791,0,96322
32860934588493,1,96322
32860934598587,0,96322
32860934601724,1,96322
32860934656254,0,96322
32860934660596,1,96322
32860934670560,0,96322
32860934674945,1,96322
32860934684985,0,96322
32860934689196,1,96322
32860934699073,0,96322
32860934703002,1,96322
32860934712868,0,96322
32860934716591,1,96322
32860934726490,0,96322
32860934730191,1,96322
32860934740340,0,96322
32860934743336,1,96322
32860934753213,0,96322
32860934756784,1,96322
32860934856955,0,96323
32860934864759,1,96323
32860934880736,0,96323
32860934884535,1,96323
32860934894542,0,96323
32860934898765,1,96323
32860934908663,0,96323
32860934913027,1,96323
32860934923012,0,96323
32860934926497,1,96323
32860934936374,0,96323
32860934940075,1,96323
32860934949974,0,96323
32860934954988,1,96323
32860934965039,0,96323
32860934968143,1,96323
32860935034005,0,96323
32860935038857,1,96323
32860935048832,0,96323
32860935052077,1,96323
32860935061943,0,96323
32860935066817,1,96323
32860935076781,0,96323
32860935081036,1,96323
32860935090923,0,96323
32860935094798,1,96323
32860935104741,0,96323
32860935107519,1,96323
32860935117494,0,96323
32860935121380,1,96323
32860935131279,0,96323
32860935134622,1,96323
32860935182347,0,96325
32860935187122,1,96325
32860935198671,0,96325
32860935202112,1,96325
32860935212130,0,96325
32860935216135,1,96325
32860935226750,0,96325
32860935230419,1,96325
32860935240263,0,96325
32860935244323,1,96325
32860935254211,0,96325
32860935257554,1,96325
32860935267409,0,96325
32860935271664,1,96325
32860935281585,0,96325
32860935285622,1,96325
32860935295673,0,96325
32860935299754,1,96325
32860935354675,0,96325
32860935358746,1,96325
32860935368688,0,96325
32860935372780,1,96325
32860935382722,0,96325
32860935387357,1,96325
32860935397440,0,96325
32860935400338,1,96325
32860935410193,0,96325
32860935413493,1,96325
32860935423338,0,96325
32860935427701,1,96325
32860935437654,0,96325
32860935441355,1,96325
32860935539779,0,96322
32860935545998,1,96322
32860935561465,0,96322
32860935565655,1,96322
32860935575825,0,96322
32860935579103,1,96322
32860935588948,0,96322
32860935591922,1,96322
32860935601864,0,96322
32860935607530,1,96322
32860935617656,0,96322
32860935622074,1,96322
32860935632711,0,96322
32860935635815,1,96322
32860935645671,0,96322
32860935649643,1,96322
32860935713063,0,96322
32860935718262,1,96322
32860935728302,0,96322
32860935731428,1,96322
32860935741294,0,96322
32860935745267,1,96322
32860935755176,0,96322
32860935758769,1,96322
32860935768624,0,96322
32860935771642,1,96322
32860935781486,0,96322
32860935784319,1,96322
32860935794218,0,96322
32860935798006,1,96322
32860935808252,0,96322
32860935811997,1,96322
32860935860699,0,96323
32860935864888,1,96323
32860935876187,0,96323
32860935880496,1,96323
32860935890536,0,96323
32860935894531,1,96323
32860935904592,0,96323
32860935908098,1,96323
32860935917954,0,96323
32860935921763,1,96323
32860935931564,0,96323
32860935935374,1,96323
32860935945208,0,96323
32860935948659,1,96323
32860935958471,0,96323
32860935962694,1,96323
32860935972517,0,96323
32860935976457,1,96323
32860936034514,0,96323
32860936039084,1,96323
32860936049005,0,96323
32860936053520,1,96323
32860936063440,0,96323
32860936066697,1,96323
32860936076476,0,96323
32860936080004,1,96323
32860936089892,0,96323
32860936093886,1,96323
32860936103828,0,96323
32860936107725,1,96323
32860936117645,0,96323
32860936121346,1,96323
32860936131278,0,96323
32860936135163,1,96323
32860936192766,0,96323
32860936195870,1,96323
32860936205899,0,96323
32860936209546,1,96323
32860936219488,0,96323
32860936223971,1,96323
32860936233946,0,96323
32860936237441,1,96323
32860936247350,0,96323
32860936250997,1,96323
32860936261135,0,96323
32860936264738,1,96323
32860936274811,0,96323
32860936278252,1,96323
32860936288096,0,96323
32860936291005,1,96323
32860936337167,0,96325
32860936341867,1,96325
32860936354967,0,96325
32860936358821,1,96325
32860936368709,0,96325
32860936372681,1,96325
32860936382689,0,96325
32860936387182,1,96325
32860936397092,0,96325
32860936400467,1,96325
32860936410334,0,96325
32860936413915,1,96325
32860936423879,0,96325
32860936537911,1,96325
32860936556298,0,96325
32860936559207,1,96325
32860936570017,0,96325
32860936573002,1,96325
32860936582988,0,96325
32860936586885,1,96325
32860936596762,0,96325
32860936600615,1,96325
32860936610600,0,96325
32860936615452,1,96325
32860936625546,0,96325
32860936629747,1,96325
32860936639613,0,96325
32860936643054,1,96325
32860936702002,0,96325
32860936706159,1,96325
32860936716155,0,96325
32860936719965,1,96325
32860936730125,0,96325
32860936733652,1,96325
32860936743540,0,96325
32860936747122,1,96325
32860936756966,0,96325
32860936760234,1,96325
32860936770089,0,96325
32860936775006,1,96325
32860936784991,0,96325
32860936788324,1,96325
32860936798168,0,96325
32860936801750,1,96325
32860936864074,0,96325
32860936868220,1,96325
32860936878325,0,96325
32860936882612,1,96325
32860936892902,0,96325
32860936896017,1,96325
32860936905861,0,96325
32860936909769,1,96325
32860936919646,0,96325
32860936923445,1,96325
32860936933344,0,96325
32860936936556,1,96325
32860936946412,0,96325
32860936950287,1,96325
32860936960175,0,96325
32860937007965,1,96325
32860937021890,0,96325
32860937025592,1,96325
32860937035566,0,96325
32860937039398,1,96325
32860937049405,0,96325
32860937053183,1,96325
32860937063255,0,96325
32860937066696,1,96325
32860937076562,0,96325
32860937079753,1,96325
32860937089598,0,96325
32860937092615,1,96325
32860937102557,0,96325
32860937106649,1,96325
32860937116667,0,96325
32860937119750,1,96325
32860937173857,0,96325
32860937178047,1,96325
32860937188022,0,96325
32860937191397,1,96325
32860937201285,0,96325
32860937205486,1,96325
32860937215374,0,96325
32860937218825,1,96325
32860937228702,0,96325
32860937231459,1,96325
32860937241380,0,96325
32860937245027,1,96325
32860937255240,0,96325
32860937259180,1,96325
32860937269177,0,96325
32860937271858,1,96325
32860937325194,0,96325
32860937329927,1,96325
32860937339912,0,96325
32860937344351,1,96325
32860937354326,0,96325
32860937358234,1,96325
32860937368122,0,96325
32860937372029,1,96325
32860937381885,0,96325
32860937385314,1,96325
32860937395235,0,96325
32860937399099,1,96325
32860937409030,0,96325
32860937412829,1,96325
32860937422815,0,96325
32860937426755,1,96325
32860937472624,0,96323
32860937477313,1,96323
32860937490251,0,96323
32860937493127,1,96323
32860937503048,0,96323
32860937507357,1,96323
32860937517277,0,96323
32860937521304,1,96323
32860937663448,0,96322
32860937670579,1,96322
32860937686208,0,96322
32860937689237,1,96322
32860937699277,0,96322
32860937703054,1,96322
32860937713148,0,96322
32860937716947,1,96322
32860937726868,0,96322
32860937730677,1,96322
32860937740554,0,96322
32860937745569,1,96322
32860937755598,0,96322
32860937759505,1,96322
32860937769426,0,96322
32860937772802,1,96322
32860937782766,0,96322
32860937785740,1,96322
32860937796420,0,96322
32860937800566,1,96322
32860937810454,0,96322
32860937814177,1,96322
32860937866113,0,96322
32860937870292,1,96322
32860937881092,0,96322
32860937886030,1,96322
32860937896049,0,96322
32860937900054,1,96322
32860937909909,0,96322
32860937913665,1,96322
32860937923574,0,96322
32860937926744,1,96322
32860937936632,0,96322
32860937940810,1,96322
32860937950818,0,96322
32860937954400,1,96322
32860937964602,0,96322
32860937967576,1,96322
32860937991629,0,96323
32860938036510,1,96323
32860938047766,0,96323
32860938051575,1,96323
32860938061528,0,96323
32860938065501,1,96323
32860938075367,0,96323
32860938078537,1,96323
32860938088359,0,96323
32860938092202,1,96323
32860938102090,0,96323
32860938104825,1,96323
32860938114702,0,96323
32860938118555,1,96323
32860938128432,0,96323
32860938132655,1,96323
32860938142597,0,96323
32860938146265,1,96323
32860938156175,0,96323
32860938160680,1,96323
32860938170578,0,96323
32860938173650,1,96323
32860938183571,0,96323
32860938187489,1,96323
32860938197388,0,96323
32860938207851,1,96323
32860938279628,0,96323
32860938282852,1,96323
32860938292990,0,96323
32860938297006,1,96323
32860938306872,0,96323
32860938310747,1,96323
32860938320580,0,96323
32860938324379,1,96323
32860938334235,0,96323
32860938338381,1,96323
32860938348225,0,96323
32860938351981,1,96323
32860938361923,0,96323
32860938365787,1,96323
32860938375957,0,96323
32860938379648,1,96323
32860938425234,0,96322
32860938430271,1,96322
32860938452435,0,96323
32860938456396,1,96323
32860938466512,0,96323
32860938469931,1,96323
32860938479797,0,96323
32860938484313,1,96323
32860938494385,0,96323
32860938498499,1,96323
32860938508441,0,96323
32860938512425,1,96323
32860938522291,0,96323
32860938526035,1,96323
32860938535913,0,96323
32860938539440,1,96323
32860938697973,0,96323
32860938707243,1,96323
32860938723220,0,96323
32860938731784,1,96323
32860938747402,0,96323
32860938752417,1,96323
32860938763944,0,96323
32860938771455,1,96323
32860938782211,0,96323
32860938929076,1,96323
32860938943165,0,96323
32860938946302,1,96323
32860938957427,0,96323
32860938963038,1,96323
32860938974891,0,96323
32860938980275,1,96323
32860938991139,0,96323
32860938999899,1,96323
32860939009754,0,96323
32860939012750,1,96323
32860939022627,0,96323
32860939027023,1,96323
32860939036998,0,96323
32860939040113,1,96323
32860939050001,0,96323
32860939054190,1,96323
32860939064078,0,96323
32860939067052,1,96323
32860939077049,0,96323
32860939080913,1,96323
32860939090768,0,96323
32860939094100,1,96323
32860939103988,0,96323
32860939108080,1,96323
32860939118012,0,96323
32860939121192,1,96323
32860939131036,0,96323
32860939134944,1,96323
32860939144930,0,96323
32860939149011,1,96323
32860939158942,0,96323
32860939166344,1,96323
32860939176308,0,96323
32860939181540,1,96323
32860939194066,0,96323
32860939197680,1,96323
32860939208447,0,96323
32860939213863,1,96323
32860939223838,0,96323
32860939228798,1,96323
32860939238914,0,96323
32860939245416,1,96323
32860939296408,3,96322
32860939503958,0,96325
32860939512196,1,96325
32860939528108,0,96325
32860939532862,1,96325
32860939543705,0,96325
32860939548046,1,96325
32860939558303,0,96325
32860939563155,1,96325
32860939573108,0,96325
32860939576093,1,96325
32860939586046,0,96325
32860939591962,1,96325
32860939601882,0,96325
32860939605052,1,96325
32860939614961,0,96325
32860939618880,1,96325
32860939628811,0,96325
32860939632642,1,96325
32860939642585,0,96325
32860939646470,1,96325
32860939656445,0,96325
32860939660439,1,96325
32860939670479,0,96325
32860939673649,1,96325
32860939683591,0,96325
32860939687346,1,96325
32860939793748,0,96325
32860939800879,1,96325
32860939812113,0,96325
32860939815228,1,96325
32860939825181,0,96325
32860939829024,1,96325
32860939838890,0,96325
32860939841875,1,96325
32860939851806,0,96325
32860939863018,1,96325
32860939873362,0,96325
32860939876792,1,96325
32860939886799,0,96325
32860939890826,1,96325
32860939901517,0,96325
32860939905609,1,96325
32860939915595,0,96325
32860939919329,1,96325
32860939929217,0,96325
32860939933352,1,96325
32860939987133,0,96325
32860939992734,1,96325
32860940003436,0,96325
32860940006421,1,96325
32860940016363,0,96325
32860940020596,1,96325
32860940030593,0,96325
32860940034522,1,96325
32860940044399,0,96325
32860940048415,1,96325
32860940058346,0,96325
32860940061570,1,96325
32860940071436,0,96325
32860940074562,1,96325
32860940084732,0,96325
32860940088770,1,96325
32860940098626,0,96325
32860940102327,1,96325
32860940118521,0,96325
32860940169860,1,96325
32860940183428,0,96325
32860940187194,1,96325
32860940197191,0,96325
32860940200903,1,96325
32860940210877,0,96325
32860940213515,1,96325
32860940223620,0,96325
32860940227278,1,96325
32860940237166,0,96325
32860940241138,1,96325
32860940251016,0,96325
32860940253794,1,96325
32860940263747,0,96325
32860940267481,1,96325
32860940277412,0,96325
32860940325452,1,96325
32860940338998,0,96325
32860940342829,1,96325
32860940352772,0,96325
32860940356722,1,96325
32860940366621,0,96325
32860940370692,1,96325
32860940380601,0,96325
32860940384889,1,96325
32860940395211,0,96325
32860940398532,1,96325
32860940408442,0,96325
32860940411318,1,96325
32860940421173,0,96325
32860940424180,1,96325
32860940434079,0,96325
32860940437834,1,96325
32860940490867,0,96325
32860940494340,1,96325
32860940504250,0,96325
32860940508309,1,96325
32860940518208,0,96325
32860940522560,1,96325
32860940532470,0,96325
32860940536009,1,96325
32860940545897,0,96325
32860940549576,1,96325
32860940559714,0,96325
32860940563816,1,96325
32860940573661,0,96325
32860940576440,1,96325
32860940586284,0,96325
32860940590973,1,96325
32860940668449,0,96323
32860940676112,1,96323
32860940692751,0,96323
32860940696734,1,96323
32860940706818,0,96323
32860940710725,1,96323
32860940720613,0,96323
32860940724119,1,96323
32860940734039,0,96323
32860940739597,1,96323
32860940749604,0,96323
32860940752860,1,96323
32860940762792,0,96323
32860940855116,1,96323
32860940929574,0,96323
32860940935229,1,96323
32860940945291,0,96323
32860940949079,1,96323
32860940959097,0,96323
32860940963134,1,96323
32860940973012,0,96323
32860940976116,1,96323
32860940986026,0,96323
32860940991279,1,96323
32860941001232,0,96323
32860941005161,1,96323
32860941015092,0,96323
32860941018653,1,96323
32860941028541,0,96323
32860941076342,1,96323
32860941087565,0,96323
32860941092177,1,96323
32860941102141,0,96323
32860941106342,1,96323
32860941116273,0,96323
32860941120398,1,96323
32860941130384,0,96323
32860941134638,1,96323
32860941144515,0,96323
32860941147880,1,96323
32860941157768,0,96323
32860941161089,1,96323
32860941170967,0,96323
32860941174396,1,96323
32860941184252,0,96323
32860941187193,1,96323
32860941197081,0,96323
32860941200468,1,96323
32860941210377,0,96323
32860941214231,1,96323
32860941224108,0,96323
32860941228004,1,96323
32860941277976,0,96325
32860941283034,1,96325
32860941293779,0,96325
32860941297426,1,96325
32860941307325,0,96325
32860941310299,1,96325
32860941320209,0,96325
32860941324344,1,96325
32860941334341,0,96325
32860941338519,1,96325
32860941348462,0,96325
32860941352337,1,96325
32860941362963,0,96325
32860941366675,1,96325
32860941376595,0,96325
32860941380665,1,96325
32860941390705,0,96325
32860941438148,1,96325
32860941452237,0,96325
32860941456752,1,96325
32860941466781,0,96325
32860941471676,1,96325
32860941481694,0,96325
32860941484929,1,96325
32860941494849,0,96325
32860941498290,1,96325
32860941508504,0,96325
32860941511955,1,96325
32860941521865,0,96325
32860941524654,1,96325
32860941534553,0,96325
32860941538396,1,96325
32860941548338,0,96325
32860941551768,1,96325
32860941605451,0,96325
32860941610423,1,96325
32860941620690,0,96325
32860941623480,1,96325
32860941633325,0,96325
32860941637102,1,96325
32860941647196,0,96325
32860941650506,1,96325
32860941660394,0,96325
32860941664508,1,96325
32860941674483,0,96325
32860941678455,1,96325
32860941688387,0,96325
32860941692338,1,96325
32860941702312,0,96325
32860941705742,1,96325
32860941759665,0,96325
32860941763008,1,96325
32860941772994,0,96325
32860941777183,1,96325
32860941787440,0,96325
32860941791576,1,96325
32860941801529,0,96325
32860941805425,1,96325
32860941815389,0,96325
32860941819090,1,96325
32860941829065,0,96325
32860941832842,1,96325
32860941842752,0,96325
32860941846627,1,96325
32860941856537,0,96325
32860941887948,1,96325
32860941903893,0,96325
32860941907724,1,96325
32860941990920,0,96325
32860941995945,1,96325
32860942005942,0,96325
32860942009328,1,96325
32860942019238,0,96325
32860942024611,1,96325
32860942034661,0,96325
32860942039263,1,96325
32860942049184,0,96325
32860942052690,1,96325
32860942062610,0,96325
32860942065975,1,96325
32860942075939,0,96325
32860942079912,1,96325
32860942090071,0,96325
32860942138946,1,96325
32860942152557,0,96325
32860942157257,1,96325
32860942167254,0,96325
32860942171150,1,96325
32860942180810,0,96325
32860942184262,1,96325
32860942194139,0,96325
32860942198426,1,96325
32860942208748,0,96325
32860942211831,1,96325
32860942221871,0,96325
32860942226093,1,96325
32860942236003,0,96325
32860942239487,1,96325
32860942249342,0,96325
32860942253499,1,96325
32860942307715,0,96325
32860942312404,1,96325
32860942322357,0,96325
32860942325396,1,96325
32860942335262,0,96325
32860942339409,1,96325
32860942349438,0,96325
32860942353812,1,96325
32860942363895,0,96325
32860942368421,1,96325
32860942378602,0,96325
32860942382293,1,96325
32860942392192,0,96325
32860942396001,1,96325
32860942405878,0,96325
32860942409015,1,96325
32860942462591,0,96325
32860942466118,1,96325
32860942476147,0,96325
32860942480065,1,96325
32860942490257,0,96325
32860942492895,1,96325
32860942502794,0,96325
32860942506896,1,96325
32860942516806,0,96325
32860942520833,1,96325
32860942530721,0,96325
32860942534987,1,96325
32860942545102,0,96325
32860942548912,1,96325
32860942559028,0,96325
32860942562805,1,96325
32860942572802,0,96325
32860942576546,1,96325
32860942586673,0,96325
32860942590157,1,96325
32860942600045,0,96325
32860942603844,1,96325
32860942613949,0,96325
32860942617542,1,96325
32860942633736,0,96325
32860942673407,1,96325
32860942686801,0,96325
32860942689775,1,96325
32860942699685,0,96325
32860942704027,1,96325
32860942714077,0,96325
32860942718419,1,96325
32860942728708,0,96325
32860942732203,1,96325
32860942742091,0,96325
32860942745543,1,96325
32860942755420,0,96325
32860942758177,1,96325
32860942768032,0,96325
32860942770768,1,96325
32860942780710,0,96325
32860942784324,1,96325
32860942832570,0,96323
32860942836304,1,96323
32860942847690,0,96323
32860942852335,1,96323
32860942862473,0,96323
32860942866413,1,96323
32860942876344,0,96323
32860942880567,1,96323
32860942890878,0,96323
32860942894709,1,96323
32860942909384,0,96323
32860942915994,1,96323
32860942935900,0,96323
32860943000264,1,96323
32860943016144,0,96323
32860943021766,1,96323
32860943031947,0,96323
32860943036137,1,96323
32860943048890,0,96323
32860943053970,1,96323
32860943066539,0,96323
32860943072845,1,96323
32860943082711,0,96323
32860943087737,1,96323
32860943102661,0,96323
32860943218766,1,96323
32860943236664,0,96323
32860943242004,1,96323
32860943255897,0,96323
32860943261379,1,96323
32860943275608,0,96323
32860943283369,1,96323
32860943298933,0,96323
32860943305630,1,96323
32860943325797,0,96323
32860943332613,1,96323
32860943345888,0,96323
32860943350642,1,96323
32860943360573,0,96323
32860943364947,1,96323
32860943380143,0,96323
32860943385429,1,96323
32860943400288,0,96323
32860943408103,1,96323
32860943426511,0,96323
32860943434380,1,96323
32860943448436,0,96323
32860943468581,1,96323
32860943564758,0,96323
32860943572758,1,96323
32860943586998,0,96323
32860943592458,1,96323
32860943606709,0,96323
32860943614838,1,96323
32860943636470,0,96323
32860943642462,1,96323
32860943657484,0,96323
32860943664007,1,96323
32860943678421,0,96323
32860943684358,1,96323
32860943699163,0,96323
32860943705100,1,96323
32860943715748,0,96323
32860943720198,1,96323
32860943730336,0,96323
32860943734156,1,96323
32860943744055,0,96323
32860943748418,1,96323
32860943758350,0,96323
32860943761422,1,96323
32860943840721,0,96323
32860943846148,1,96323
32860943857034,0,96323
32860943861777,1,96323
32860943871839,0,96323
32860943874878,1,96323
32860943884777,0,96323
32860943889238,1,96323
32860943899311,0,96323
32860943903923,1,96323
32860943913931,0,96323
32860943918609,1,96323
32860943928562,0,96323
32860943931655,1,96323
32860943941608,0,96323
32860943944876,1,96323
32860943954698,0,96323
32860943958226,1,96323
32860943968146,0,96323
32860943972000,1,96323
32860943981985,0,96323
32860943985350,1,96323
32860943995271,0,96323
32860943999808,1,96323
32860944009728,0,96323
32860944013310,1,96323
32860944120645,0,96323
32860944126636,1,96323
32860944141137,0,96323
32860944145750,1,96323
32860944155834,0,96323
32860944159339,1,96323
32860944169314,0,96323
32860944173460,1,96323
32860944183468,0,96323
32860944188602,1,96323
32860944198642,0,96323
32860944202484,1,96323
32860944212437,0,96323
32860944216583,1,96323
32860944226558,0,96323
32860944230878,1,96323
32860944240777,0,96323
32860944244500,1,96323
32860944254388,0,96323
32860944257828,1,96323
32860944267662,0,96323
32860944271526,1,96323
32860944334251,0,96323
32860944339005,1,96323
32860944349002,0,96323
32860944352486,1,96323
32860944362352,0,96323
32860944365999,1,96323
32860944375822,0,96323
32860944378991,1,96323
32860944388912,0,96323
32860944392244,1,96323
32860944402078,0,96323
32860944405909,1,96323
32860944415786,0,96323
32860944420302,1,96323
32860944430298,0,96323
32860944434032,1,96323
32860944443811,0,96323
32860944447502,1,96323
32860944494847,0,96325
32860944500122,1,96325
32860944511757,0,96325
32860944515567,1,96325
32860944525499,0,96325
32860944529449,1,96325
32860944539402,0,96325
32860944542897,1,96325
32860944552937,0,96325
32860944556595,1,96325
32860944567297,0,96325
32860944570890,1,96325
32860944581060,0,96325
32860944584067,1,96325
32860944593987,0,96325
32860944597732,1,96325
32860944607652,0,96325
32860944611299,1,96325
32860944621263,0,96325
32860944625290,1,96325
32860944635178,0,96325
32860944638988,1,96325
32860944688981,0,96325
32860944693518,1,96325
32860944704198,0,96325
32860944706803,1,96325
32860944716757,0,96325
32860944720447,1,96325
32860944730367,0,96325
32860944734427,1,96325
32860944744412,0,96325
32860944748244,1,96325
32860944758099,0,96325
32860944761301,1,96325
32860944771200,0,96325
32860944774912,1,96325
32860944784930,0,96325
32860944788458,1,96325
32860944798335,0,96325
32860944802384,1,96325
32860944880196,0,96325
32860944884320,1,96325
32860944894339,0,96325
32860944898930,1,96325
32860944908905,0,96325
32860944912063,1,96325
32860944921951,0,96325
32860944925435,1,96325
32860944935323,0,96325
32860944938091,1,96325
32860944947990,0,96325
32860944951897,1,96325
32860944962176,0,96325
32860944965953,1,96325
32860944975830,0,96325
32860944979043,1,96325
32860945027300,0,96323
32860945032086,1,96323
32860945043505,0,96323
32860945047857,1,96323
32860945057962,0,96323
32860945062185,1,96323
32860945072116,0,96323
32860945076295,1,96323
32860945086270,0,96323
32860945090372,1,96323
32860945100336,0,96323
32860945104103,1,96323
32860945225906,0,96323
32860945231051,1,96323
32860945242154,0,96323
32860945246995,1,96323
32860945257003,0,96323
32860945260389,1,96323
32860945270321,0,96323
32860945274195,1,96323
32860945284029,0,96323
32860945287361,1,96323
32860945297217,0,96323
32860945300451,1,96323
32860945310372,0,96323
32860945313617,1,96323
32860945323538,0,96323
32860945326577,1,96323
32860945343010,0,96323
32860945386860,1,96323
32860945400796,0,96323
32860945405105,1,96323
32860945415113,0,96323
32860945419031,1,96323
32860945441238,0,96325
32860945445971,1,96325
32860945857857,0,96323
32860945864023,1,96323
32860946265566,0,96325
32860946271003,1,96325
32860946281510,0,96325
32860946285700,1,96325
32860946295729,0,96325
32860946301492,1,96325
32860946311532,0,96325
32860946315657,1,96325
32860946325686,0,96325
32860946328464,1,96325
32860946338472,0,96325
32860946342249,1,96325
32860946431838,0,96325
32860946436179,1,96325
32860946447446,0,96325
32860946451711,1,96325
32860946462294,0,96325
32860946466972,1,96325
32860946477077,0,96325
32860946479660,1,96325
32860946489679,0,96325
32860946493510,1,96325
32860946503409,0,96325
32860946514773,1,96325
32860946525095,0,96325
32860946528243,1,96325
32860946538163,0,96325
32860946542255,1,96325
32860946552176,0,96325
32860946562759,1,96325
32860946640658,3,96323
32860946750207,0,96325
32860946757251,1,96325
32860946836995,0,96325
32860946841836,1,96325
32860946851909,0,96325
32860946856912,1,96325
32860946866931,0,96325
32860946870154,1,96325
32860946880129,0,96325
32860946884145,1,96325
32860946893990,0,96325
32860946896866,1,96325
32860946906776,0,96325
32860946910618,1,96325
32860946920517,0,96325
32860946924023,1,96325
32860946933910,0,96325
32860946937058,1,96325
32860946946968,0,96325
32860946950767,1,96325
32860946960676,0,96325
32860947008391,1,96325
32860947020200,0,96325
32860947023488,1,96325
32860947033452,0,96325
32860947037392,1,96325
32860947047302,0,96325
32860947050884,1,96325
32860947060837,0,96325
32860947065309,1,96325
32860947075327,0,96325
32860947079115,1,96325
32860947089025,0,96325
32860947092845,1,96325
32860947102733,0,96325
32860947106500,1,96325
32860947116507,0,96325
32860947120165,1,96325
32860947130107,0,96325
32860947134166,1,96325
32860947185278,0,96325
32860947189891,1,96325
32860947199898,0,96325
32860947203925,1,96325
32860947214063,0,96325
32860947217503,1,96325
32860947227424,0,96325
32860947230919,1,96325
32860947240796,0,96325
32860947243835,1,96325
32860947253712,0,96325
32860947257544,1,96325
32860947267519,0,96325
32860947271849,1,96325
32860947379966,0,96325
32860947386283,1,96325
32860947397397,0,96325
32860947401522,1,96325
32860947411497,0,96325
32860947416717,1,96325
32860947426866,0,96325
32860947430524,1,96325
32860947440509,0,96325
32860947444102,1,96325
32860947454815,0,96325
32860947459091,1,96325
32860947469077,0,96325
32860947472963,1,96325
32860947482851,0,96325
32860947486411,1,96325
32860947496386,0,96325
32860947500076,1,96325
32860947551839,0,96325
32860947557114,1,96325
32860947567783,0,96325
32860947571083,1,96325
32860947581079,0,96325
32860947585377,1,96325
32860947595363,0,96325
32860947599195,1,96325
32860947609093,0,96325
32860947612143,1,96325
32860947622444,0,96325
32860947625874,1,96325
32860947635740,0,96325
32860947639723,1,96325
32860947649590,0,96325
32860947653421,1,96325
32860947663309,0,96325
32860947666489,1,96325
32860947676334,0,96325
32860947680285,1,96325
32860947730256,0,96325
32860947734858,1,96325
32860947744790,0,96325
32860947749283,1,96325
32860947759161,0,96325
32860947762797,1,96325
32860947772695,0,96325
32860947776690,1,96325
32860947786621,0,96325
32860947790463,1,96325
32860947800742,0,96325
32860947804346,1,96325
32860947814212,0,96325
32860947817316,1,96325
32860947827193,0,96325
32860947831741,1,96325
32860947841824,0,96325
32860947845526,1,96325
32860947893218,0,96325
32860947898276,1,96325
32860947908967,0,96325
32860947911843,1,96325
32860947921775,0,96325
32860947925563,1,96325
32860947935407,0,96325
32860947938848,1,96325
32860947948747,0,96325
32860947952427,1,96325
32860947962629,0,96325
32860947965549,1,96325
32860947975654,0,96325
32860947979258,1,96325
32860947989146,0,96325
32860947992185,1,96325
32860948002116,0,96325
32860948007022,1,96325
32860948017073,0,96325
32860948020503,1,96325
32860948072309,0,96325
32860948083000,1,96325
32860948093007,0,96325
32860948097783,1,96325
32860948109158,0,96325
32860948116300,1,96325
32860948126155,0,96325
32860948130996,1,96325
32860948140960,0,96325
32860948144162,1,96325
32860948154007,0,96325
32860948158500,1,96325
32860948168443,0,96325
32860948171525,1,96325
32860948181424,0,96325
32860948184430,1,96325
32860948194362,0,96325
32860948198432,1,96325
32860948208581,0,96325
32860948211175,1,96325
32860948260115,0,96325
32860948264468,1,96325
32860948275105,0,96325
32860948278339,1,96325
32860948288303,0,96325
32860948291917,1,96325
32860948301773,0,96325
32860948305811,1,96325
32860948315709,0,96325
32860948318955,1,96325
32860948328810,0,96325
32860948332012,1,96325
32860948341911,0,96325
32860948345916,1,96325
32860948356043,0,96325
32860948385121,1,96325
32860948467698,0,96325
32860948473016,1,96325
32860948482958,0,96325
32860948487246,1,96325
32860948497134,0,96325
32860948500270,1,96325
32860948510158,0,96325
32860948513393,1,96325
32860948523346,0,96325
32860948527525,1,96325
32860948538086,0,96325
32860948541592,1,96325
32860948551458,0,96325
32860948554725,1,96325
32860948564526,0,96325
32860948568064,1,96325
32860948577931,0,96325
32860948580688,1,96325
32860948630746,0,96325
32860948636097,1,96325
32860948646984,0,96325
32860948651032,1,96325
32860948661007,0,96325
32860948664144,1,96325
32860948674043,0,96325
32860948678080,1,96325
32860948688099,0,96325
32860948693167,1,96325
32860948703348,0,96325
32860948707343,1,96325
32860948717296,0,96325
32860948721051,1,96325
32860948730907,0,96325
32860948734565,1,96325
32860948744463,0,96325
32860948747622,1,96325
32860948757542,0,96325
32860948768060,1,96325
32860948812138,0,96325
32860948816100,1,96325
32860948826140,0,96325
32860948831371,1,96325
32860948841379,0,96325
32860948845102,1,96325
32860948854989,0,96325
32860948858257,1,96325
32860948868177,0,96325
32860948872171,1,96325
32860948882038,0,96325
32860948885033,1,96325
32860948894954,0,96325
32860948898774,1,96325
32860948908782,0,96325
32860948912526,1,96325
32860948922447,0,96325
32860948926474,1,96325
32860948976348,0,96325
32860948980624,1,96325
32860948990567,0,96325
32860948993920,1,96325
32860949003884,0,96325
32860949008649,1,96325
32860949018928,0,96325
32860949022944,1,96325
32860949032865,0,96325
32860949035654,1,96325
32860949045553,0,96325
32860949048994,1,96325
32860949058903,0,96325
32860949062637,1,96325
32860949072503,0,96325
32860949075163,1,96325
32860949085029,0,96325
32860949088231,1,96325
32860949098292,0,96325
32860949101375,1,96325
32860949149914,0,96325
32860949153691,1,96325
32860949163622,0,96325
32860949167769,1,96325
32860949177624,0,96325
32860949181260,1,96325
32860949191170,0,96325
32860949195870,1,96325
32860949206127,0,96325
32860949210392,1,96325
32860949220335,0,96325
32860949223971,1,96325
32860949233848,0,96325
32860949237755,1,96325
32860949247752,0,96325
32860949251203,1,96325
32860949261059,0,96325
32860949264347,1,96325
32860949313581,0,96325
32860949317706,1,96325
32860949327963,0,96325
32860949330893,1,96325
32860949340759,0,96325
32860949344320,1,96325
32860949354164,0,96325
32860949357768,1,96325
32860949367742,0,96325
32860949371715,1,96325
32860949381603,0,96325
32860949385728,1,96325
32860949395626,0,96325
32860949399512,1,96325
32860949409368,0,96325
32860949412873,1,96325
32860949422740,0,96325
32860949426929,1,96325
32860949436774,0,96325
32860949440638,1,96325
32860949550426,0,96325
32860949555527,1,96325
32860949565763,0,96325
32860949570158,1,96325
32860949580871,0,96325
32860949586135,1,96325
32860949596175,0,96325
32860949599855,1,96325
32860949609938,0,96325
32860949613043,1,96325
32860949622974,0,96325
32860949626588,1,96325
32860949636465,0,96325
32860949640525,1,96325
32860949650500,0,96325
32860949654342,1,96325
32860949705377,0,96325
32860949710131,1,96325
32860949720790,0,96325
32860949725023,1,96325
32860949734998,0,96325
32860949739166,1,96325
32860949749401,0,96325
32860949753059,1,96325
32860949763131,0,96325
32860949765964,1,96325
32860949775809,0,96325
32860949779412,1,96325
32860949789300,0,96325
32860949793229,1,96325
32860949803215,0,96325
32860949807426,1,96325
32860949817412,0,96325
32860949820701,1,96325
32860949870119,0,96325
32860949874472,1,96325
32860949884848,0,96325
32860949888712,1,96325
32860949898860,0,96325
32860949902800,1,96325
32860949912699,0,96325
32860949916661,1,96325
32860949926506,0,96325
32860949930999,1,96325
32860949940941,0,96325
32860949944588,1,96325
32860949954476,0,96325
32860949958688,1,96325
32860949968641,0,96325
32860949972450,1,96325
32860949982295,0,96325
32860950025212,1,96325
32860950036250,0,96325
32860950040624,1,96325
32860950050827,0,96325
32860950054463,1,96325
32860950064395,0,96325
32860950069648,1,96325
32860950079612,0,96325
32860950083194,1,96325
32860950093082,0,96325
32860950097022,1,96325
32860950107062,0,96325
32860950110817,1,96325
32860950120727,0,96325
32860950125003,1,96325
32860950134967,0,96325
32860950138755,1,96325
32860950187490,0,96325
32860950191961,1,96325
32860950202001,0,96325
32860950205681,1,96325
32860950215818,0,96325
32860950218890,1,96325
32860950228767,0,96325
32860950231947,1,96325
32860950241857,0,96325
32860950246220,1,96325
32860950256141,0,96325
32860950264119,1,96325
32860950273985,0,96325
32860950276742,1,96325
32860950286586,0,96325
32860950290516,1,96325
32860950300501,0,96325
32860950304941,1,96325
32860950315067,0,96325
32860950318866,1,96325
32860950328743,0,96325
32860950331761,1,96325
32860950341692,0,96325
32860950345361,1,96325
32860950394551,0,96325
32860950398958,1,96325
32860950408878,0,96325
32860950412265,1,96325
32860950422250,0,96325
32860950426928,1,96325
32860950436947,0,96325
32860950440778,1,96325
32860950450699,0,96325
32860950454074,1,96325
32860950464049,0,96325
32860950468195,1,96325
32860950478224,0,96325
32860950482403,1,96325
32860950492476,0,96325
32860950495602,1,96325
32860950505522,0,96325
32860950597944,1,96325
32860950613725,0,96325
32860950618262,1,96325
32860950628302,0,96325
32860950633697,1,96325
32860950643726,0,96325
32860950647091,1,96325
32860950657033,0,96325
32860950660647,1,96325
32860950670524,0,96325
32860950674280,1,96325
32860950684211,0,96325
32860950688140,1,96325
32860950698104,0,96325
32860950702251,1,96325
32860950762197,0,96325
32860950815620,1,96325
32860950826474,0,96325
32860950830328,1,96325
32860950840226,0,96325
32860950843537,1,96325
32860950853447,0,96325
32860950857636,1,96325
32860950867524,0,96325
32860950870596,1,96325
32860950924974,0,96325
32860950929587,1,96325
32860950939595,0,96325
32860950943198,1,96325
32860950953097,0,96325
32860950956473,1,96325
32860950966404,0,96325
32860950969964,1,96325
32860950979885,0,96325
32860950984367,1,96325
32860950994689,0,96325
32860950997902,1,96325
32860951007768,0,96325
32860951011893,1,96325
32860951021748,0,96325
32860951025916,1,96325
32860951073923,0,96325
32860951079068,1,96325
32860951089890,0,96325
32860951094003,1,96325
32860951103924,0,96325
32860951107712,1,96325
32860951117643,0,96325
32860951120704,1,96325
32860951130918,0,96325
32860951133870,1,96325
32860951143780,0,96325
32860951147622,1,96325
32860951157575,0,96325
32860951161635,1,96325
32860951171523,0,96325
32860951174605,1,96325
32860951184526,0,96325
32860951188715,1,96325
32860951198723,0,96325
32860951202250,1,96325
32860951212192,0,96325
32860951216317,1,96325
32860951226259,0,96325
32860951229309,1,96325
32860951239241,0,96325
32860951243419,1,96325
32860951253513,0,96325
32860951256607,1,96325
32860951305178,0,96325
32860951309216,1,96325
32860951345447,0,96325
32860951350320,1,96325
32860951360469,0,96325
32860951365798,1,96325
32860951375903,0,96325
32860951387571,1,96325
32860951397969,0,96325
32860951401182,1,96325
32860951411092,0,96325
32860951414815,1,96325
32860951424768,0,96325
32860951429196,1,96325
32860951445586,0,96325
32860951450654,1,96325
32860951471168,0,96325
32860951478115,1,96325
32860951492551,0,96325
32860951498379,1,96325
32860951512457,0,96325
32860951698657,1,96325
32860951719366,0,96325
32860951725466,1,96325
32860951739446,0,96325
32860951744309,1,96325
32860951757638,0,96325
32860951762717,1,96325
32860951776350,0,96325
32860951782417,1,96325
32860951868001,0,96325
32860951874437,1,96325
32860951884933,0,96325
32860951888710,1,96325
32860951899347,0,96325
32860951903102,1,96325
32860951913099,0,96325
32860951916757,1,96325
32860951926645,0,96325
32860951930389,1,96325
32860951941732,0,96325
32860952100168,1,96325
32860952117393,0,96325
32860952121409,1,96325
32860952131688,0,96325
32860952140121,1,96325
32860952155697,0,96325
32860952259677,1,96325
32860952285944,0,96325
32860952294464,1,96325
32860952312873,0,96325
32860952326310,1,96325
32860952348213,0,96325
32860952356169,1,96325
32860952372917,0,96325
32860952380656,1,96325
32860952504532,0,96325
32860952512868,1,96325
32860952527282,0,96325
32860952532720,1,96325
32860952544920,0,96325
32860952549099,1,96325
32860952561179,0,96325
32860952566389,1,96325
32860952579175,0,96325
32860952583408,1,96325
32860952595445,0,96325
32860952600189,1,96325
32860952611987,0,96325
32860952616795,1,96325
32860952628810,0,96325
32860952633619,1,96325
32860952645515,0,96325
32860952650497,1,96325
32860952660634,0,96325
32860952664683,1,96325
32860952674907,0,96325
32860952678858,1,96325
32860952688692,0,96325
32860952691764,1,96325
32860952701586,0,96325
32860952704474,1,96325
32860952763118,0,96325
32860952768447,1,96325
32860952778964,0,96325
32860952782090,1,96325
32860952792163,0,96325
32860952795832,1,96325
32860952805763,0,96325
32860952809052,1,96325
32860952818983,0,96325
32860952822511,1,96325
32860952832388,0,96325
32860952835242,1,96325
32860952845228,0,96325
32860952849190,1,96325
32860952859360,0,96325
32860952863094,1,96325
32860952873003,0,96325
32860952876791,1,96325
32860952886603,0,96325
32860952890522,1,96325
32860952900464,0,96325
32860952904057,1,96325
32860952913945,0,96325
32860952917483,1,96325
32860952934242,0,96325
32860952972762,1,96325
32860952983866,0,96325
32860952988381,1,96325
32860952998530,0,96325
32860953002350,1,96325
32860953012195,0,96325
32860953015505,1,96325
32860953025382,0,96325
32860953029409,1,96325
32860953039330,0,96325
32860953042608,1,96325
32860953052615,0,96325
32860953055611,1,96325
32860953065499,0,96325
32860953069265,1,96325
32860953079142,0,96325
32860953082485,1,96325
32860953092395,0,96325
32860953137309,1,96325
32860953148434,0,96325
32860953151397,1,96325
32860953161329,0,96325
32860953164867,1,96325
32860953174690,0,96325
32860953177425,1,96325
32860953187248,0,96325
32860953191286,1,96325
32860953201119,0,96325
32860953205700,1,96325
32860953215707,0,96325
32860953219549,1,96325
32860953229785,0,96325
32860953233594,1,96325
32860953243439,0,96325
32860953247129,1,96325
32860953257006,0,96325
32860953300064,1,96325
32860953311168,0,96325
32860953314782,1,96325
32860953324703,0,96325
32860953327785,1,96325
32860953337717,0,96325
32860953341342,1,96325
32860953672280,0,96325
32860953678087,1,96325
32860953688735,0,96325
32860953693076,1,96325
32860954636646,3,96325




